0	0	0	0	0	0
256	0	0	270	0	0
512	0	0	546	0	0
768	0	0	796	0	0
1024	0	0	1045	0	0
1280	0	0	1315	0	0
1536	0	0	1546	0	0
1792	0	0	1795	0	0
2048	0	0	2045	0	0
2303	0	0	2326	0	0
2559	0	0	2561	0	0
2815	0	0	2808	0	0
3071	0	0	3057	0	0
3327	0	0	3311	1	0
3583	0	0	3557	1	0
3839	0	0	3806	1	0
4095	0	0	4039	1	0
0	256	0	1	257	0
256	256	0	270	257	0
512	256	0	545	256	0
768	256	0	795	256	0
1024	256	0	1044	256	0
1280	256	0	1313	255	0
1536	256	0	1546	255	0
1792	256	0	1793	254	0
2048	256	0	2044	254	0
2303	256	0	2326	254	0
2559	256	0	2560	253	0
2815	256	0	2810	253	0
3071	256	0	3058	252	0
3327	256	0	3313	251	0
3583	256	0	3559	251	0
3839	256	0	3807	250	0
4095	256	0	4040	249	0
0	512	0	1	515	0
256	512	0	271	514	0
512	512	0	547	514	0
768	512	0	796	513	0
1024	512	0	1046	512	0
1280	512	0	1316	512	0
1536	512	0	1547	511	0
1792	512	0	1795	510	0
2048	512	0	2044	510	0
2303	512	0	2328	509	0
2559	512	0	2562	509	0
2815	512	0	2810	508	0
3071	512	0	3061	507	0
3327	512	0	3314	508	0
3583	512	0	3558	507	0
3839	512	0	3809	506	0
4095	512	0	4042	505	0
0	768	0	2	759	0
256	768	0	271	759	0
512	768	0	548	758	0
768	768	0	796	757	0
1024	768	0	1046	757	0
1280	768	0	1317	756	0
1536	768	0	1548	756	0
1792	768	0	1796	755	0
2048	768	0	2046	754	0
2303	768	0	2329	755	0
2559	768	0	2563	753	0
2815	768	0	2811	752	0
3071	768	0	3060	752	0
3327	768	0	3316	752	0
3583	768	0	3560	751	0
3839	768	0	3810	751	0
4095	768	0	4043	749	0
0	1024	0	3	1002	0
256	1024	0	272	999	0
512	1024	0	548	999	0
768	1024	0	798	999	0
1024	1024	0	1048	998	0
1280	1024	0	1317	998	0
1536	1024	0	1550	998	0
1792	1024	0	1798	996	0
2048	1024	0	2048	996	0
2303	1024	0	2330	995	0
2559	1024	0	2564	994	0
2815	1024	0	2813	995	0
3071	1024	0	3063	993	0
3327	1024	0	3317	994	0
3583	1024	0	3562	993	0
3839	1024	0	3811	992	0
4095	1024	0	4043	991	1
0	1280	0	3	1256	0
256	1280	0	274	1255	0
512	1280	0	549	1255	0
768	1280	0	798	1254	0
1024	1280	0	1049	1254	0
1280	1280	0	1318	1252	0
1536	1280	0	1550	1251	0
1792	1280	0	1798	1251	0
2048	1280	0	2049	1251	0
2303	1280	0	2332	1250	0
2559	1280	0	2564	1250	0
2815	1280	0	2813	1248	0
3071	1280	0	3063	1248	0
3327	1280	0	3318	1248	0
3583	1280	0	3562	1247	1
3839	1280	0	3812	1247	1
4095	1280	0	4044	1245	1
0	1536	0	4	1491	0
256	1536	0	274	1489	0
512	1536	0	550	1489	0
768	1536	0	798	1488	0
1024	1536	0	1048	1488	0
1280	1536	0	1319	1487	0
1536	1536	0	1550	1487	0
1792	1536	0	1798	1486	0
2048	1536	0	2050	1486	0
2303	1536	0	2332	1485	0
2559	1536	0	2566	1484	0
2815	1536	0	2815	1484	0
3071	1536	0	3064	1483	0
3327	1536	0	3319	1483	1
3583	1536	0	3563	1483	1
3839	1536	0	3813	1482	1
4095	1536	0	4046	1481	1
0	1792	0	5	1730	0
256	1792	0	274	1727	0
512	1792	0	550	1728	0
768	1792	0	799	1728	0
1024	1792	0	1049	1727	0
1280	1792	0	1319	1726	0
1536	1792	0	1551	1726	0
1792	1792	0	1799	1726	0
2048	1792	0	2050	1725	0
2303	1792	0	2334	1725	0
2559	1792	0	2566	1724	0
2815	1792	0	2815	1723	0
3071	1792	0	3065	1722	1
3327	1792	0	3319	1722	1
3583	1792	0	3564	1721	1
3839	1792	0	3814	1721	2
4095	1792	0	4046	1720	2
0	2048	0	5	1972	0
256	2048	0	275	1970	0
512	2048	0	551	1969	0
768	2048	0	799	1969	0
1024	2048	0	1051	1969	0
1280	2048	0	1321	1968	0
1536	2048	0	1552	1969	0
1792	2048	0	1800	1967	0
2048	2048	0	2051	1967	0
2303	2048	0	2335	1967	0
2559	2048	0	2566	1965	1
2815	2048	0	2815	1965	1
3071	2048	0	3066	1964	1
3327	2048	0	3320	1963	1
3583	2048	0	3565	1963	2
3839	2048	0	3815	1963	2
4095	2048	0	4047	1961	2
0	2303	0	6	2230	0
256	2303	0	276	2228	0
512	2303	0	552	2227	0
768	2303	0	801	2228	0
1024	2303	0	1051	2226	0
1280	2303	0	1322	2226	0
1536	2303	0	1554	2225	0
1792	2303	0	1801	2225	0
2048	2303	0	2053	2225	0
2303	2303	0	2335	2224	0
2559	2303	0	2568	2222	1
2815	2303	0	2817	2222	1
3071	2303	0	3067	2221	1
3327	2303	0	3323	2220	2
3583	2303	0	3566	2219	2
3839	2303	0	3816	2219	2
4095	2303	0	4049	2218	2
0	2559	0	7	2475	0
256	2559	0	277	2474	0
512	2559	0	552	2473	0
768	2559	0	803	2473	0
1024	2559	0	1052	2473	0
1280	2559	0	1323	2472	0
1536	2559	0	1555	2472	0
1792	2559	0	1803	2471	0
2048	2559	0	2053	2470	0
2303	2559	0	2337	2470	1
2559	2559	0	2569	2469	1
2815	2559	0	2819	2469	1
3071	2559	0	3069	2468	1
3327	2559	0	3323	2466	2
3583	2559	0	3567	2466	2
3839	2559	0	3818	2465	2
4095	2559	0	4049	2463	3
0	2815	0	7	2715	0
256	2815	0	278	2713	0
512	2815	0	553	2713	0
768	2815	0	802	2712	0
1024	2815	0	1053	2711	0
1280	2815	0	1324	2711	0
1536	2815	0	1555	2710	0
1792	2815	0	1804	2710	0
2048	2815	0	2054	2710	1
2303	2815	0	2338	2709	1
2559	2815	0	2571	2708	1
2815	2815	0	2819	2708	1
3071	2815	0	3070	2706	2
3327	2815	0	3324	2706	2
3583	2815	0	3568	2705	2
3839	2815	0	3819	2703	3
4095	2815	0	4050	2702	3
0	3071	0	9	2957	0
256	3071	0	278	2955	0
512	3071	0	554	2954	0
768	3071	0	803	2953	0
1024	3071	0	1054	2953	0
1280	3071	0	1325	2953	0
1536	3071	0	1556	2952	0
1792	3071	0	1804	2952	1
2048	3071	0	2055	2950	1
2303	3071	0	2339	2951	1
2559	3071	0	2571	2950	2
2815	3071	0	2820	2949	2
3071	3071	0	3070	2948	2
3327	3071	0	3325	2948	3
3583	3071	0	3570	2946	3
3839	3071	0	3819	2945	3
4095	3071	0	4051	2943	4
0	3327	0	9	3199	0
256	3327	0	279	3196	0
512	3327	0	554	3195	0
768	3327	0	804	3195	0
1024	3327	0	1055	3195	0
1280	3327	0	1326	3194	1
1536	3327	0	1557	3193	1
1792	3327	0	1804	3192	1
2048	3327	0	2054	3192	2
2303	3327	0	2340	3192	2
2559	3327	0	2571	3191	2
2815	3327	0	2821	3190	2
3071	3327	0	3071	3189	2
3327	3327	0	3325	3188	3
3583	3327	0	3571	3188	4
3839	3327	0	3820	3186	3
4095	3327	0	4051	3184	4
0	3583	0	10	3440	0
256	3583	0	280	3437	0
512	3583	0	556	3438	0
768	3583	0	805	3437	0
1024	3583	0	1056	3437	0
1280	3583	0	1327	3436	1
1536	3583	0	1557	3434	1
1792	3583	0	1805	3435	1
2048	3583	0	2056	3434	2
2303	3583	0	2340	3433	2
2559	3583	0	2573	3433	2
2815	3583	0	2821	3431	3
3071	3583	0	3072	3431	3
3327	3583	0	3326	3429	3
3583	3583	0	3571	3428	3
3839	3583	0	3822	3427	4
4095	3583	0	4053	3424	4
0	3839	0	11	3685	0
256	3839	0	277	3682	0
512	3839	0	556	3682	1
768	3839	0	805	3682	1
1024	3839	0	1055	3681	1
1280	3839	0	1327	3680	1
1536	3839	0	1558	3679	1
1792	3839	0	1806	3678	2
2048	3839	0	2058	3678	2
2303	3839	0	2341	3677	2
2559	3839	0	2573	3676	2
2815	3839	0	2822	3676	3
3071	3839	0	3072	3674	3
3327	3839	0	3327	3673	4
3583	3839	0	3573	3672	4
3839	3839	0	3822	3671	4
4095	3839	0	4054	3668	5
0	4095	0	10	3925	0
256	4095	0	275	3921	1
512	4095	0	554	3921	1
768	4095	0	804	3920	1
1024	4095	0	1055	3919	1
1280	4095	0	1326	3919	2
1536	4095	0	1557	3918	2
1792	4095	0	1806	3917	2
2048	4095	0	2057	3916	3
2303	4095	0	2342	3916	3
2559	4095	0	2574	3916	3
2815	4095	0	2822	3914	3
3071	4095	0	3073	3912	4
3327	4095	0	3327	3912	4
3583	4095	0	3573	3910	4
3839	4095	0	3822	3908	5
4095	4095	0	4054	3906	5
0	0	256	2	6	232
256	0	256	272	6	232
512	0	256	550	5	233
768	0	256	800	4	232
1024	0	256	1050	4	232
1280	0	256	1322	3	231
1536	0	256	1553	2	231
1792	0	256	1802	2	231
2048	0	256	2051	2	230
2303	0	256	2333	2	231
2559	0	256	2568	1	231
2815	0	256	2815	1	230
3071	0	256	3065	1	230
3327	0	256	3319	2	229
3583	0	256	3563	2	230
3839	0	256	3812	2	223
4095	0	256	4045	2	228
0	256	256	3	265	232
256	256	256	273	264	231
512	256	256	550	264	230
768	256	256	800	264	230
1024	256	256	1051	263	231
1280	256	256	1321	263	230
1536	256	256	1553	262	230
1792	256	256	1800	261	229
2048	256	256	2052	261	229
2303	256	256	2334	260	229
2559	256	256	2567	260	229
2815	256	256	2816	260	229
3071	256	256	3066	258	229
3327	256	256	3319	259	228
3583	256	256	3565	258	228
3839	256	256	3814	252	226
4095	256	256	4046	256	222
0	512	256	3	524	230
256	512	256	275	522	229
512	512	256	551	522	229
768	512	256	801	521	229
1024	512	256	1052	522	228
1280	512	256	1323	521	229
1536	512	256	1554	520	229
1792	512	256	1802	520	228
2048	512	256	2053	519	228
2303	512	256	2337	518	227
2559	512	256	2569	518	227
2815	512	256	2817	517	227
3071	512	256	3068	517	227
3327	512	256	3322	516	227
3583	512	256	3566	516	227
3839	512	256	3816	514	225
4095	512	256	4047	514	221
0	768	256	4	768	229
256	768	256	275	768	228
512	768	256	552	766	228
768	768	256	802	767	227
1024	768	256	1053	766	227
1280	768	256	1323	766	228
1536	768	256	1555	765	227
1792	768	256	1803	764	227
2048	768	256	2054	765	227
2303	768	256	2336	764	226
2559	768	256	2570	763	226
2815	768	256	2819	763	226
3071	768	256	3068	762	226
3327	768	256	3323	761	226
3583	768	256	3567	761	225
3839	768	256	3816	760	223
4095	768	256	4049	758	219
0	1024	256	5	1011	227
256	1024	256	276	1010	227
512	1024	256	552	1010	227
768	1024	256	802	1009	226
1024	1024	256	1054	1008	227
1280	1024	256	1324	1008	226
1536	1024	256	1556	1007	226
1792	1024	256	1803	1007	226
2048	1024	256	2054	1006	225
2303	1024	256	2337	1005	225
2559	1024	256	2571	1005	225
2815	1024	256	2819	1004	225
3071	1024	256	3069	1003	225
3327	1024	256	3323	1003	224
3583	1024	256	3569	1003	224
3839	1024	256	3818	1003	223
4095	1024	256	4050	1002	219
0	1280	256	5	1267	227
256	1280	256	277	1266	226
512	1280	256	553	1265	226
768	1280	256	803	1265	226
1024	1280	256	1055	1264	226
1280	1280	256	1325	1264	225
1536	1280	256	1556	1263	225
1792	1280	256	1804	1262	224
2048	1280	256	2055	1261	224
2303	1280	256	2339	1261	224
2559	1280	256	2571	1261	224
2815	1280	256	2819	1259	224
3071	1280	256	3070	1259	223
3327	1280	256	3325	1258	223
3583	1280	256	3569	1259	223
3839	1280	256	3819	1257	220
4095	1280	256	4050	1255	219
0	1536	256	6	1501	226
256	1536	256	276	1499	224
512	1536	256	554	1500	225
768	1536	256	803	1499	225
1024	1536	256	1054	1498	224
1280	1536	256	1325	1499	224
1536	1536	256	1557	1497	224
1792	1536	256	1805	1497	223
2048	1536	256	2056	1497	223
2303	1536	256	2339	1496	222
2559	1536	256	2573	1496	223
2815	1536	256	2821	1495	223
3071	1536	256	3071	1494	222
3327	1536	256	3326	1494	222
3583	1536	256	3569	1493	221
3839	1536	256	3819	1492	219
4095	1536	256	4050	1492	218
0	1792	256	7	1741	225
256	1792	256	277	1740	224
512	1792	256	554	1740	224
768	1792	256	804	1739	223
1024	1792	256	1055	1739	223
1280	1792	256	1325	1738	223
1536	1792	256	1558	1738	222
1792	1792	256	1806	1737	222
2048	1792	256	2056	1736	222
2303	1792	256	2341	1736	222
2559	1792	256	2573	1736	222
2815	1792	256	2823	1735	221
3071	1792	256	3072	1735	222
3327	1792	256	3326	1733	222
3583	1792	256	3571	1732	221
3839	1792	256	3820	1733	218
4095	1792	256	4051	1731	216
0	2048	256	7	1984	223
256	2048	256	278	1982	223
512	2048	256	555	1981	223
768	2048	256	804	1981	222
1024	2048	256	1056	1980	222
1280	2048	256	1327	1981	221
1536	2048	256	1558	1980	222
1792	2048	256	1807	1978	222
2048	2048	256	2057	1979	221
2303	2048	256	2341	1978	221
2559	2048	256	2573	1977	220
2815	2048	256	2822	1976	220
3071	2048	256	3073	1975	221
3327	2048	256	3327	1975	220
3583	2048	256	3571	1975	220
3839	2048	256	3821	1974	217
4095	2048	256	4052	1973	216
0	2303	256	9	2241	222
256	2303	256	279	2241	222
512	2303	256	556	2240	221
768	2303	256	806	2239	221
1024	2303	256	1056	2239	220
1280	2303	256	1329	2239	220
1536	2303	256	1560	2238	221
1792	2303	256	1808	2238	220
2048	2303	256	2059	2236	220
2303	2303	256	2342	2236	220
2559	2303	256	2575	2235	219
2815	2303	256	2824	2234	219
3071	2303	256	3074	2234	219
3327	2303	256	3328	2233	219
3583	2303	256	3573	2232	219
3839	2303	256	3822	2231	215
4095	2303	256	4055	2229	215
0	2559	256	10	2487	221
256	2559	256	280	2485	220
512	2559	256	556	2484	220
768	2559	256	807	2484	220
1024	2559	256	1057	2484	219
1280	2559	256	1328	2483	220
1536	2559	256	1560	2483	219
1792	2559	256	1809	2482	219
2048	2559	256	2060	2482	219
2303	2559	256	2343	2481	218
2559	2559	256	2575	2480	218
2815	2559	256	2825	2481	219
3071	2559	256	3075	2479	218
3327	2559	256	3329	2478	218
3583	2559	256	3574	2478	217
3839	2559	256	3824	2476	214
4095	2559	256	4055	2475	215
0	2815	256	10	2726	219
256	2815	256	281	2724	219
512	2815	256	557	2724	219
768	2815	256	807	2723	218
1024	2815	256	1058	2724	218
1280	2815	256	1329	2723	219
1536	2815	256	1560	2721	218
1792	2815	256	1810	2722	218
2048	2815	256	2060	2721	217
2303	2815	256	2344	2720	217
2559	2815	256	2577	2720	218
2815	2815	256	2825	2719	217
3071	2815	256	3076	2717	217
3327	2815	256	3330	2717	217
3583	2815	256	3574	2716	217
3839	2815	256	3825	2715	213
4095	2815	256	4055	2714	213
0	3071	256	11	2967	218
256	3071	256	281	2966	218
512	3071	256	558	2966	217
768	3071	256	808	2965	217
1024	3071	256	1058	2965	218
1280	3071	256	1338	2964	217
1536	3071	256	1561	2963	217
1792	3071	256	1810	2963	217
2048	3071	256	2061	2962	216
2303	3071	256	2345	2963	216
2559	3071	256	2577	2962	216
2815	3071	256	2826	2961	216
3071	3071	256	3076	2959	216
3327	3071	256	3330	2958	215
3583	3071	256	3576	2958	216
3839	3071	256	3826	2956	212
4095	3071	256	4056	2955	213
0	3327	256	11	3210	217
256	3327	256	282	3208	217
512	3327	256	558	3208	216
768	3327	256	808	3207	217
1024	3327	256	1060	3206	216
1280	3327	256	1338	3206	216
1536	3327	256	1562	3205	216
1792	3327	256	1811	3205	215
2048	3327	256	2061	3204	216
2303	3327	256	2347	3203	216
2559	3327	256	2578	3203	215
2815	3327	256	2827	3202	215
3071	3327	256	3078	3200	215
3327	3327	256	3330	3200	215
3583	3327	256	3577	3199	215
3839	3327	256	3827	3197	211
4095	3327	256	4056	3195	212
0	3583	256	12	3451	216
256	3583	256	282	3450	215
512	3583	256	559	3449	216
768	3583	256	808	3448	216
1024	3583	256	1061	3448	215
1280	3583	256	1332	3447	215
1536	3583	256	1562	3447	214
1792	3583	256	1812	3446	215
2048	3583	256	2063	3445	215
2303	3583	256	2346	3444	214
2559	3583	256	2578	3444	214
2815	3583	256	2827	3442	214
3071	3583	256	3079	3442	213
3327	3583	256	3332	3440	214
3583	3583	256	3577	3440	213
3839	3583	256	3827	3438	209
4095	3583	256	4058	3435	211
0	3839	256	13	3696	214
256	3839	256	280	3693	213
512	3839	256	559	3694	213
768	3839	256	809	3693	212
1024	3839	256	1060	3692	213
1280	3839	256	1332	3691	213
1536	3839	256	1562	3690	212
1792	3839	256	1811	3689	212
2048	3839	256	2063	3689	211
2303	3839	256	2347	3688	212
2559	3839	256	2578	3687	212
2815	3839	256	2828	3686	211
3071	3839	256	3079	3685	211
3327	3839	256	3333	3685	211
3583	3839	256	3578	3683	211
3839	3839	256	3827	3681	208
4095	3839	256	4059	3679	210
0	4095	256	13	3935	210
256	4095	256	278	3933	209
512	4095	256	558	3932	208
768	4095	256	809	3931	209
1024	4095	256	1060	3931	209
1280	4095	256	1331	3929	208
1536	4095	256	1563	3929	208
1792	4095	256	1812	3928	208
2048	4095	256	2063	3927	207
2303	4095	256	2348	3927	208
2559	4095	256	2579	3926	207
2815	4095	256	2828	3924	207
3071	4095	256	3080	3924	207
3327	4095	256	3333	3922	207
3583	4095	256	3579	3921	207
3839	4095	256	3828	3920	206
4095	4095	256	4058	3916	210
0	0	512	4	14	457
256	0	512	275	13	456
512	0	512	553	12	456
768	0	512	804	12	456
1024	0	512	1056	11	455
1280	0	512	1327	10	456
1536	0	512	1559	10	454
1792	0	512	1808	9	455
2048	0	512	2057	9	455
2303	0	512	2340	9	454
2559	0	512	2572	8	454
2815	0	512	2821	9	455
3071	0	512	3071	7	454
3327	0	512	3326	7	454
3583	0	512	3569	7	453
3839	0	512	3819	6	451
4095	0	512	4050	5	453
0	256	512	5	273	454
256	256	512	276	272	454
512	256	512	553	273	454
768	256	512	804	272	453
1024	256	512	1055	271	454
1280	256	512	1326	271	454
1536	256	512	1558	270	454
1792	256	512	1806	270	453
2048	256	512	2057	269	453
2303	256	512	2340	268	453
2559	256	512	2573	269	453
2815	256	512	2822	268	452
3071	256	512	3072	267	453
3327	256	512	3326	267	453
3583	256	512	3571	266	452
3839	256	512	3820	259	452
4095	256	512	4051	263	450
0	512	512	5	532	453
256	512	512	278	532	453
512	512	512	554	531	452
768	512	512	805	532	453
1024	512	512	1057	531	453
1280	512	512	1327	530	452
1536	512	512	1560	530	452
1792	512	512	1808	528	452
2048	512	512	2059	528	451
2303	512	512	2343	528	452
2559	512	512	2575	527	451
2815	512	512	2824	526	451
3071	512	512	3075	526	451
3327	512	512	3328	525	450
3583	512	512	3572	526	451
3839	512	512	3823	523	450
4095	512	512	4053	522	448
0	768	512	6	778	453
256	768	512	278	776	452
512	768	512	555	776	451
768	768	512	806	775	452
1024	768	512	1058	775	451
1280	768	512	1329	775	451
1536	768	512	1561	774	451
1792	768	512	1809	773	450
2048	768	512	2061	773	450
2303	768	512	2343	772	451
2559	768	512	2577	772	450
2815	768	512	2825	771	450
3071	768	512	3075	770	449
3327	768	512	3329	771	450
3583	768	512	3574	770	450
3839	768	512	3823	768	448
4095	768	512	4054	768	447
0	1024	512	8	1021	452
256	1024	512	278	1020	451
512	1024	512	556	1020	451
768	1024	512	807	1019	451
1024	1024	512	1058	1019	450
1280	1024	512	1329	1018	451
1536	1024	512	1561	1017	450
1792	1024	512	1810	1017	450
2048	1024	512	2060	1016	450
2303	1024	512	2345	1017	449
2559	1024	512	2577	1015	449
2815	1024	512	2826	1014	450
3071	1024	512	3076	1014	449
3327	1024	512	3329	1013	449
3583	1024	512	3575	1013	448
3839	1024	512	3824	1012	447
4095	1024	512	4055	1011	447
0	1280	512	8	1279	450
256	1280	512	280	1277	450
512	1280	512	557	1276	450
768	1280	512	807	1276	449
1024	1280	512	1060	1275	450
1280	1280	512	1330	1275	450
1536	1280	512	1561	1274	449
1792	1280	512	1810	1273	449
2048	1280	512	2061	1273	448
2303	1280	512	2346	1273	448
2559	1280	512	2578	1271	449
2815	1280	512	2826	1271	448
3071	1280	512	3077	1270	448
3327	1280	512	3330	1269	447
3583	1280	512	3575	1279	447
3839	1280	512	3825	1269	446
4095	1280	512	4056	1267	445
0	1536	512	9	1512	450
256	1536	512	279	1510	449
512	1536	512	557	1511	448
768	1536	512	807	1510	449
1024	1536	512	1059	1510	449
1280	1536	512	1331	1509	448
1536	1536	512	1562	1507	448
1792	1536	512	1811	1508	448
2048	1536	512	2063	1507	447
2303	1536	512	2346	1507	447
2559	1536	512	2579	1507	447
2815	1536	512	2827	1506	447
3071	1536	512	3077	1505	447
3327	1536	512	3330	1504	446
3583	1536	512	3576	1506	446
3839	1536	512	3824	1504	444
4095	1536	512	4056	1502	444
0	1792	512	10	1753	449
256	1792	512	280	1751	448
512	1792	512	557	1751	447
768	1792	512	808	1751	448
1024	1792	512	1060	1750	447
1280	1792	512	1330	1749	447
1536	1792	512	1563	1749	447
1792	1792	512	1812	1748	446
2048	1792	512	2062	1748	447
2303	1792	512	2347	1748	446
2559	1792	512	2579	1746	446
2815	1792	512	2828	1746	446
3071	1792	512	3078	1746	446
3327	1792	512	3331	1744	446
3583	1792	512	3577	1744	446
3839	1792	512	3825	1743	444
4095	1792	512	4056	1742	444
0	2048	512	10	1995	448
256	2048	512	281	1993	446
512	2048	512	558	1993	447
768	2048	512	808	1992	447
1024	2048	512	1061	1992	446
1280	2048	512	1332	1992	446
1536	2048	512	1563	1991	445
1792	2048	512	1812	1990	446
2048	2048	512	2062	1989	446
2303	2048	512	2346	1988	445
2559	2048	512	2579	1989	445
2815	2048	512	2828	1988	444
3071	2048	512	3079	1987	444
3327	2048	512	3332	1987	445
3583	2048	512	3577	1986	444
3839	2048	512	3827	1986	443
4095	2048	512	4057	1984	443
0	2303	512	11	2253	446
256	2303	512	282	2253	445
512	2303	512	559	2251	446
768	2303	512	809	2251	445
1024	2303	512	1061	2251	445
1280	2303	512	1334	2250	444
1536	2303	512	1564	2250	444
1792	2303	512	1813	2249	445
2048	2303	512	2064	2248	444
2303	2303	512	2348	2247	444
2559	2303	512	2581	2246	444
2815	2303	512	2830	2247	443
3071	2303	512	3080	2246	444
3327	2303	512	3334	2245	443
3583	2303	512	3578	2245	443
3839	2303	512	3828	2243	442
4095	2303	512	4059	2242	441
0	2559	512	12	2498	445
256	2559	512	283	2496	445
512	2559	512	559	2496	444
768	2559	512	811	2495	444
1024	2559	512	1062	2494	444
1280	2559	512	1333	2495	443
1536	2559	512	1565	2494	443
1792	2559	512	1815	2493	443
2048	2559	512	2065	2493	443
2303	2559	512	2349	2492	443
2559	2559	512	2581	2492	442
2815	2559	512	2831	2491	442
3071	2559	512	3081	2490	443
3327	2559	512	3334	2490	442
3583	2559	512	3580	2489	442
3839	2559	512	3829	2487	440
4095	2559	512	4059	2487	440
0	2815	512	12	2737	444
256	2815	512	284	2736	443
512	2815	512	560	2735	443
768	2815	512	810	2734	443
1024	2815	512	1062	2734	442
1280	2815	512	1334	2733	442
1536	2815	512	1565	2733	443
1792	2815	512	1815	2733	442
2048	2815	512	2066	2731	442
2303	2815	512	2349	2731	441
2559	2815	512	2582	2730	441
2815	2815	512	2830	2729	442
3071	2815	512	3082	2729	441
3327	2815	512	3335	2728	441
3583	2815	512	3580	2727	441
3839	2815	512	3831	2726	439
4095	2815	512	4060	2725	439
0	3071	512	13	2979	443
256	3071	512	283	2977	442
512	3071	512	561	2976	442
768	3071	512	810	2976	441
1024	3071	512	1062	2975	441
1280	3071	512	1337	2975	442
1536	3071	512	1566	2974	441
1792	3071	512	1815	2974	441
2048	3071	512	2067	2974	441
2303	3071	512	2351	2973	440
2559	3071	512	2582	2972	440
2815	3071	512	2831	2972	440
3071	3071	512	3081	2970	440
3327	3071	512	3336	2969	440
3583	3071	512	3581	2969	440
3839	3071	512	3831	2967	438
4095	3071	512	4062	2967	438
0	3327	512	13	3220	441
256	3327	512	284	3219	441
512	3327	512	561	3218	441
768	3327	512	811	3217	440
1024	3327	512	1063	3217	441
1280	3327	512	1337	3216	440
1536	3327	512	1567	3215	440
1792	3327	512	1816	3216	440
2048	3327	512	2067	3215	440
2303	3327	512	2353	3215	440
2559	3327	512	2583	3214	440
2815	3327	512	2832	3213	439
3071	3327	512	3083	3212	440
3327	3327	512	3336	3210	439
3583	3327	512	3582	3209	439
3839	3327	512	3832	3209	437
4095	3327	512	4062	3207	437
0	3583	512	14	3463	440
256	3583	512	284	3461	440
512	3583	512	562	3460	439
768	3583	512	812	3460	439
1024	3583	512	1065	3459	440
1280	3583	512	1341	3458	439
1536	3583	512	1567	3458	439
1792	3583	512	1817	3457	438
2048	3583	512	2068	3457	439
2303	3583	512	2352	3456	439
2559	3583	512	2584	3455	438
2815	3583	512	2834	3454	438
3071	3583	512	3085	3453	437
3327	3583	512	3338	3451	438
3583	3583	512	3583	3451	438
3839	3583	512	3833	3449	435
4095	3583	512	4063	3448	436
0	3839	512	15	3707	439
256	3839	512	282	3704	437
512	3839	512	562	3704	437
768	3839	512	813	3704	438
1024	3839	512	1065	3703	437
1280	3839	512	1343	3702	437
1536	3839	512	1567	3701	437
1792	3839	512	1816	3701	436
2048	3839	512	2068	3700	437
2303	3839	512	2353	3699	436
2559	3839	512	2584	3699	436
2815	3839	512	2834	3697	436
3071	3839	512	3084	3696	436
3327	3839	512	3339	3696	436
3583	3839	512	3583	3694	435
3839	3839	512	3833	3693	434
4095	3839	512	4064	3690	436
0	4095	512	15	3945	437
256	4095	512	281	3943	436
512	4095	512	561	3942	436
768	4095	512	813	3942	435
1024	4095	512	1064	3941	436
1280	4095	512	1339	3940	436
1536	4095	512	1567	3940	435
1792	4095	512	1816	3938	435
2048	4095	512	2068	3937	434
2303	4095	512	2354	3937	435
2559	4095	512	2584	3936	435
2815	4095	512	2833	3935	434
3071	4095	512	3085	3934	434
3327	4095	512	3339	3933	434
3583	4095	512	3584	3933	434
3839	4095	512	3833	3930	434
4095	4095	512	4063	3927	434
0	0	768	6	20	678
256	0	768	277	19	677
512	0	768	556	19	676
768	0	768	807	18	676
1024	0	768	1059	18	677
1280	0	768	1332	18	676
1536	0	768	1563	17	676
1792	0	768	1811	16	675
2048	0	768	2063	17	675
2303	0	768	2345	16	675
2559	0	768	2578	16	675
2815	0	768	2826	15	675
3071	0	768	3077	14	675
3327	0	768	3330	15	675
3583	0	768	3575	14	675
3839	0	768	3824	13	674
4095	0	768	4055	13	674
0	256	768	8	280	676
256	256	768	278	281	675
512	256	768	556	280	675
768	256	768	807	279	675
1024	256	768	1059	279	675
1280	256	768	1330	279	675
1536	256	768	1563	277	674
1792	256	768	1811	278	674
2048	256	768	2062	277	674
2303	256	768	2346	277	673
2559	256	768	2578	276	673
2815	256	768	2827	275	673
3071	256	768	3077	275	673
3327	256	768	3331	275	673
3583	256	768	3577	274	674
3839	256	768	3826	267	673
4095	256	768	4057	271	673
0	512	768	8	541	675
256	512	768	280	540	674
512	512	768	557	539	674
768	512	768	809	540	673
1024	512	768	1061	539	673
1280	512	768	1332	539	674
1536	512	768	1564	538	673
1792	512	768	1813	536	673
2048	512	768	2064	537	673
2303	512	768	2349	536	672
2559	512	768	2581	535	672
2815	512	768	2828	535	671
3071	512	768	3080	534	672
3327	512	768	3332	533	672
3583	512	768	3578	533	671
3839	512	768	3828	531	671
4095	512	768	4059	532	672
0	768	768	9	786	674
256	768	768	280	784	673
512	768	768	559	784	673
768	768	768	809	783	673
1024	768	768	1062	784	673
1280	768	768	1334	783	672
1536	768	768	1565	781	672
1792	768	768	1814	782	672
2048	768	768	2065	781	671
2303	768	768	2349	780	671
2559	768	768	2582	780	672
2815	768	768	2830	779	671
3071	768	768	3080	779	671
3327	768	768	3334	779	670
3583	768	768	3579	777	670
3839	768	768	3829	777	670
4095	768	768	4060	776	669
0	1024	768	10	1030	673
256	1024	768	281	1029	672
512	1024	768	559	1029	671
768	1024	768	810	1028	672
1024	1024	768	1062	1028	672
1280	1024	768	1333	1027	671
1536	1024	768	1566	1026	671
1792	1024	768	1814	1025	670
2048	1024	768	2065	1025	670
2303	1024	768	2351	1025	671
2559	1024	768	2582	1024	670
2815	1024	768	2832	1024	670
3071	1024	768	3081	1023	670
3327	1024	768	3334	1022	669
3583	1024	768	3580	1022	669
3839	1024	768	3829	1021	668
4095	1024	768	4059	1020	669
0	1280	768	10	1287	672
256	1280	768	282	1285	671
512	1280	768	560	1285	671
768	1280	768	810	1285	671
1024	1280	768	1064	1284	670
1280	1280	768	1335	1283	671
1536	1280	768	1566	1282	671
1792	1280	768	1816	1282	669
2048	1280	768	2067	1281	670
2303	1280	768	2352	1281	669
2559	1280	768	2584	1281	669
2815	1280	768	2832	1280	669
3071	1280	768	3082	1279	669
3327	1280	768	3335	1279	668
3583	1280	768	3581	1284	668
3839	1280	768	3831	1279	668
4095	1280	768	4060	1277	668
0	1536	768	11	1520	671
256	1536	768	282	1520	670
512	1536	768	560	1519	670
768	1536	768	811	1518	669
1024	1536	768	1063	1518	669
1280	1536	768	1335	1518	670
1536	1536	768	1566	1517	669
1792	1536	768	1815	1516	668
2048	1536	768	2068	1516	669
2303	1536	768	2351	1516	668
2559	1536	768	2584	1516	669
2815	1536	768	2832	1514	668
3071	1536	768	3082	1514	668
3327	1536	768	3335	1513	668
3583	1536	768	3581	1514	667
3839	1536	768	3830	1512	667
4095	1536	768	4061	1511	666
0	1792	768	12	1761	669
256	1792	768	283	1760	669
512	1792	768	560	1760	669
768	1792	768	811	1759	668
1024	1792	768	1063	1759	668
1280	1792	768	1335	1758	667
1536	1792	768	1567	1758	668
1792	1792	768	1817	1758	668
2048	1792	768	2067	1757	667
2303	1792	768	2352	1757	667
2559	1792	768	2583	1756	666
2815	1792	768	2832	1755	666
3071	1792	768	3084	1754	667
3327	1792	768	3337	1754	666
3583	1792	768	3583	1753	666
3839	1792	768	3831	1752	666
4095	1792	768	4061	1752	665
0	2048	768	12	2003	668
256	2048	768	283	2003	668
512	2048	768	561	2002	667
768	2048	768	811	2002	667
1024	2048	768	1064	2002	667
1280	2048	768	1336	2001	667
1536	2048	768	1567	2000	667
1792	2048	768	1817	2000	666
2048	2048	768	2067	1999	666
2303	2048	768	2352	1999	666
2559	2048	768	2584	1998	666
2815	2048	768	2833	1997	665
3071	2048	768	3085	1997	665
3327	2048	768	3337	1996	665
3583	2048	768	3582	1995	665
3839	2048	768	3832	1995	664
4095	2048	768	4063	1994	664
0	2303	768	13	2264	667
256	2303	768	284	2262	666
512	2303	768	562	2261	666
768	2303	768	812	2262	666
1024	2303	768	1065	2261	666
1280	2303	768	1337	2261	666
1536	2303	768	1569	2260	665
1792	2303	768	1818	2259	665
2048	2303	768	2070	2259	665
2303	2303	768	2354	2258	665
2559	2303	768	2585	2257	665
2815	2303	768	2835	2257	665
3071	2303	768	3085	2255	664
3327	2303	768	3340	2255	664
3583	2303	768	3584	2255	664
3839	2303	768	3833	2253	664
4095	2303	768	4064	2253	664
0	2559	768	13	2507	667
256	2559	768	285	2506	665
512	2559	768	562	2505	665
768	2559	768	814	2505	664
1024	2559	768	1066	2505	665
1280	2559	768	1337	2504	665
1536	2559	768	1570	2503	664
1792	2559	768	1819	2503	664
2048	2559	768	2070	2502	664
2303	2559	768	2355	2501	664
2559	2559	768	2586	2501	664
2815	2559	768	2836	2501	663
3071	2559	768	3087	2500	663
3327	2559	768	3340	2499	663
3583	2559	768	3585	2498	663
3839	2559	768	3835	2498	663
4095	2559	768	4065	2496	662
0	2815	768	14	2747	664
256	2815	768	286	2745	664
512	2815	768	563	2745	663
768	2815	768	814	2745	664
1024	2815	768	1066	2743	664
1280	2815	768	1338	2743	663
1536	2815	768	1569	2743	663
1792	2815	768	1819	2742	663
2048	2815	768	2070	2742	662
2303	2815	768	2354	2741	663
2559	2815	768	2586	2740	662
2815	2815	768	2836	2740	662
3071	2815	768	3087	2739	662
3327	2815	768	3340	2738	661
3583	2815	768	3586	2737	662
3839	2815	768	3836	2735	662
4095	2815	768	4066	2735	661
0	3071	768	15	2988	663
256	3071	768	285	2986	663
512	3071	768	563	2987	662
768	3071	768	814	2986	662
1024	3071	768	1066	2984	662
1280	3071	768	1338	2985	662
1536	3071	768	1570	2984	662
1792	3071	768	1820	2984	662
2048	3071	768	2072	2983	662
2303	3071	768	2356	2982	662
2559	3071	768	2586	2982	661
2815	3071	768	2837	2981	661
3071	3071	768	3087	2980	661
3327	3071	768	3342	2979	661
3583	3071	768	3586	2978	661
3839	3071	768	3835	2977	660
4095	3071	768	4067	2976	660
0	3327	768	15	3229	663
256	3327	768	287	3228	661
512	3327	768	563	3228	661
768	3327	768	814	3227	661
1024	3327	768	1067	3226	661
1280	3327	768	1338	3226	661
1536	3327	768	1571	3226	660
1792	3327	768	1821	3225	661
2048	3327	768	2072	3224	661
2303	3327	768	2358	3224	660
2559	3327	768	2588	3223	660
2815	3327	768	2837	3223	661
3071	3327	768	3089	3222	660
3327	3327	768	3342	3220	660
3583	3327	768	3587	3220	659
3839	3327	768	3837	3218	659
4095	3327	768	4067	3216	659
0	3583	768	16	3473	661
256	3583	768	287	3471	661
512	3583	768	565	3470	660
768	3583	768	815	3469	660
1024	3583	768	1069	3468	660
1280	3583	768	1348	3468	660
1536	3583	768	1571	3468	659
1792	3583	768	1821	3467	660
2048	3583	768	2073	3467	659
2303	3583	768	2357	3465	659
2559	3583	768	2589	3465	659
2815	3583	768	2838	3464	659
3071	3583	768	3089	3463	659
3327	3583	768	3343	3462	658
3583	3583	768	3587	3461	658
3839	3583	768	3839	3459	658
4095	3583	768	4069	3457	657
0	3839	768	17	3717	660
256	3839	768	285	3715	660
512	3839	768	564	3714	659
768	3839	768	816	3713	659
1024	3839	768	1069	3713	659
1280	3839	768	1350	3712	659
1536	3839	768	1572	3712	659
1792	3839	768	1821	3711	659
2048	3839	768	2073	3710	658
2303	3839	768	2358	3710	659
2559	3839	768	2589	3708	657
2815	3839	768	2839	3707	657
3071	3839	768	3089	3707	658
3327	3839	768	3343	3705	657
3583	3839	768	3588	3704	657
3839	3839	768	3838	3703	657
4095	3839	768	4069	3700	657
0	4095	768	17	3955	659
256	4095	768	284	3952	659
512	4095	768	564	3951	658
768	4095	768	815	3951	658
1024	4095	768	1069	3950	658
1280	4095	768	1343	3950	658
1536	4095	768	1572	3949	658
1792	4095	768	1821	3948	657
2048	4095	768	2072	3947	657
2303	4095	768	2359	3947	657
2559	4095	768	2590	3945	657
2815	4095	768	2838	3945	657
3071	4095	768	3090	3943	656
3327	4095	768	3343	3943	657
3583	4095	768	3589	3941	657
3839	4095	768	3838	3939	656
4095	4095	768	4067	3937	656
0	0	1024	9	27	897
256	0	1024	280	26	896
512	0	1024	560	26	896
768	0	1024	811	25	895
1024	0	1024	1063	25	895
1280	0	1024	1336	25	896
1536	0	1024	1567	24	894
1792	0	1024	1816	24	895
2048	0	1024	2068	23	894
2303	0	1024	2350	23	894
2559	0	1024	2583	23	894
2815	0	1024	2831	22	893
3071	0	1024	3081	22	893
3327	0	1024	3335	21	894
3583	0	1024	3580	21	893
3839	0	1024	3829	20	893
4095	0	1024	4060	20	892
0	256	1024	10	288	895
256	256	1024	281	288	894
512	256	1024	559	287	893
768	256	1024	811	287	894
1024	256	1024	1063	286	894
1280	256	1024	1335	285	893
1536	256	1024	1568	285	893
1792	256	1024	1816	285	893
2048	256	1024	2066	284	892
2303	256	1024	2352	284	893
2559	256	1024	2583	283	892
2815	256	1024	2832	283	891
3071	256	1024	3083	282	892
3327	256	1024	3336	282	891
3583	256	1024	3582	282	892
3839	256	1024	3830	274	891
4095	256	1024	4062	278	891
0	512	1024	10	549	894
256	512	1024	283	547	894
512	512	1024	560	548	892
768	512	1024	812	547	893
1024	512	1024	1065	546	892
1280	512	1024	1336	546	893
1536	512	1024	1568	545	892
1792	512	1024	1817	545	891
2048	512	1024	2068	544	891
2303	512	1024	2353	544	892
2559	512	1024	2585	543	891
2815	512	1024	2832	542	890
3071	512	1024	3083	541	890
3327	512	1024	3337	541	890
3583	512	1024	3583	541	891
3839	512	1024	3833	539	889
4095	512	1024	4064	539	890
0	768	1024	11	793	893
256	768	1024	283	793	892
512	768	1024	562	792	891
768	768	1024	813	791	892
1024	768	1024	1065	791	891
1280	768	1024	1337	790	891
1536	768	1024	1568	790	890
1792	768	1024	1818	789	890
2048	768	1024	2070	788	890
2303	768	1024	2353	788	890
2559	768	1024	2585	787	890
2815	768	1024	2834	786	890
3071	768	1024	3084	786	888
3327	768	1024	3338	786	889
3583	768	1024	3584	786	888
3839	768	1024	3833	785	889
4095	768	1024	4064	783	888
0	1024	1024	12	1038	891
256	1024	1024	283	1036	891
512	1024	1024	562	1037	891
768	1024	1024	813	1036	890
1024	1024	1024	1065	1035	890
1280	1024	1024	1337	1035	890
1536	1024	1024	1569	1034	889
1792	1024	1024	1818	1033	889
2048	1024	1024	2070	1033	888
2303	1024	1024	2355	1032	889
2559	1024	1024	2586	1031	889
2815	1024	1024	2835	1031	888
3071	1024	1024	3085	1030	888
3327	1024	1024	3338	1031	888
3583	1024	1024	3585	1030	888
3839	1024	1024	3834	1029	888
4095	1024	1024	4063	1028	887
0	1280	1024	12	1294	890
256	1280	1024	285	1294	890
512	1280	1024	562	1294	889
768	1280	1024	814	1292	889
1024	1280	1024	1067	1293	889
1280	1280	1024	1338	1291	889
1536	1280	1024	1570	1290	889
1792	1280	1024	1820	1290	888
2048	1280	1024	2071	1289	888
2303	1280	1024	2355	1290	888
2559	1280	1024	2588	1289	887
2815	1280	1024	2836	1288	887
3071	1280	1024	3087	1287	887
3327	1280	1024	3339	1286	886
3583	1280	1024	3585	1286	887
3839	1280	1024	3835	1285	886
4095	1280	1024	4065	1284	886
0	1536	1024	13	1528	889
256	1536	1024	284	1527	889
512	1536	1024	563	1527	888
768	1536	1024	814	1527	888
1024	1536	1024	1067	1526	887
1280	1536	1024	1339	1525	888
1536	1536	1024	1570	1525	888
1792	1536	1024	1819	1524	887
2048	1536	1024	2072	1525	887
2303	1536	1024	2355	1524	887
2559	1536	1024	2588	1523	886
2815	1536	1024	2836	1523	886
3071	1536	1024	3087	1522	886
3327	1536	1024	3341	1521	886
3583	1536	1024	3586	1521	886
3839	1536	1024	3835	1520	885
4095	1536	1024	4066	1520	885
0	1792	1024	14	1769	888
256	1792	1024	285	1768	887
512	1792	1024	562	1768	887
768	1792	1024	814	1767	887
1024	1792	1024	1067	1768	886
1280	1792	1024	1339	1767	886
1536	1792	1024	1571	1766	886
1792	1792	1024	1821	1767	886
2048	1792	1024	2071	1765	886
2303	1792	1024	2357	1765	886
2559	1792	1024	2588	1764	885
2815	1792	1024	2838	1764	884
3071	1792	1024	3088	1763	885
3327	1792	1024	3341	1762	885
3583	1792	1024	3587	1761	884
3839	1792	1024	3836	1761	884
4095	1792	1024	4066	1760	884
0	2048	1024	14	2012	886
256	2048	1024	286	2011	886
512	2048	1024	563	2010	886
768	2048	1024	814	2011	885
1024	2048	1024	1068	2010	885
1280	2048	1024	1340	2009	886
1536	2048	1024	1571	2009	885
1792	2048	1024	1821	2008	885
2048	2048	1024	2072	2007	884
2303	2048	1024	2356	2008	884
2559	2048	1024	2589	2006	885
2815	2048	1024	2838	2007	884
3071	2048	1024	3089	2005	884
3327	2048	1024	3342	2004	883
3583	2048	1024	3587	2004	883
3839	2048	1024	3837	2003	884
4095	2048	1024	4068	2002	882
0	2303	1024	15	2273	886
256	2303	1024	286	2271	885
512	2303	1024	565	2271	884
768	2303	1024	816	2271	884
1024	2303	1024	1068	2270	884
1280	2303	1024	1341	2270	884
1536	2303	1024	1573	2269	884
1792	2303	1024	1823	2269	883
2048	2303	1024	2074	2268	883
2303	2303	1024	2359	2267	884
2559	2303	1024	2589	2267	883
2815	2303	1024	2839	2266	883
3071	2303	1024	3090	2264	883
3327	2303	1024	3344	2264	882
3583	2303	1024	3589	2264	883
3839	2303	1024	3838	2263	881
4095	2303	1024	4069	2262	882
0	2559	1024	15	2515	885
256	2559	1024	287	2514	884
512	2559	1024	565	2513	883
768	2559	1024	817	2514	883
1024	2559	1024	1069	2513	883
1280	2559	1024	1341	2512	883
1536	2559	1024	1574	2512	883
1792	2559	1024	1823	2511	882
2048	2559	1024	2074	2510	882
2303	2559	1024	2360	2511	882
2559	2559	1024	2591	2510	882
2815	2559	1024	2839	2509	882
3071	2559	1024	3091	2508	881
3327	2559	1024	3344	2507	881
3583	2559	1024	3590	2507	882
3839	2559	1024	3839	2506	881
4095	2559	1024	4069	2504	881
0	2815	1024	16	2755	883
256	2815	1024	287	2754	882
512	2815	1024	565	2754	882
768	2815	1024	817	2753	881
1024	2815	1024	1070	2752	882
1280	2815	1024	1342	2753	882
1536	2815	1024	1573	2751	881
1792	2815	1024	1824	2750	881
2048	2815	1024	2075	2751	882
2303	2815	1024	2360	2750	881
2559	2815	1024	2591	2749	881
2815	2815	1024	2840	2748	880
3071	2815	1024	3092	2747	880
3327	2815	1024	3345	2747	881
3583	2815	1024	3590	2746	880
3839	2815	1024	3839	2744	880
4095	2815	1024	4070	2743	880
0	3071	1024	17	2997	882
256	3071	1024	288	2996	881
512	3071	1024	566	2995	881
768	3071	1024	817	2994	881
1024	3071	1024	1070	2994	881
1280	3071	1024	1342	2994	880
1536	3071	1024	1574	2992	880
1792	3071	1024	1824	2993	881
2048	3071	1024	2076	2992	880
2303	3071	1024	2360	2992	880
2559	3071	1024	2591	2991	880
2815	3071	1024	2842	2989	879
3071	3071	1024	3092	2989	880
3327	3071	1024	3347	2988	879
3583	3071	1024	3591	2987	879
3839	3071	1024	3839	2986	879
4095	3071	1024	4071	2985	879
0	3327	1024	17	3239	881
256	3327	1024	289	3237	880
512	3327	1024	566	3236	879
768	3327	1024	818	3236	879
1024	3327	1024	1070	3235	880
1280	3327	1024	1342	3235	879
1536	3327	1024	1575	3234	879
1792	3327	1024	1824	3234	879
2048	3327	1024	2076	3234	879
2303	3327	1024	2362	3232	879
2559	3327	1024	2592	3232	878
2815	3327	1024	2842	3231	879
3071	3327	1024	3093	3230	879
3327	3327	1024	3347	3230	878
3583	3327	1024	3592	3228	878
3839	3327	1024	3840	3226	877
4095	3327	1024	4072	3225	877
0	3583	1024	18	3481	880
256	3583	1024	289	3479	879
512	3583	1024	567	3479	879
768	3583	1024	818	3478	879
1024	3583	1024	1072	3478	878
1280	3583	1024	1348	3477	878
1536	3583	1024	1575	3476	878
1792	3583	1024	1825	3476	878
2048	3583	1024	2077	3475	878
2303	3583	1024	2362	3474	877
2559	3583	1024	2593	3474	877
2815	3583	1024	2843	3472	877
3071	3583	1024	3093	3472	877
3327	3583	1024	3347	3471	877
3583	3583	1024	3592	3469	876
3839	3583	1024	3842	3468	876
4095	3583	1024	4073	3466	877
0	3839	1024	19	3726	879
256	3839	1024	286	3723	878
512	3839	1024	567	3722	878
768	3839	1024	819	3722	877
1024	3839	1024	1072	3721	877
1280	3839	1024	1349	3720	878
1536	3839	1024	1576	3720	877
1792	3839	1024	1825	3719	877
2048	3839	1024	2078	3719	877
2303	3839	1024	2362	3718	877
2559	3839	1024	2592	3717	876
2815	3839	1024	2843	3716	875
3071	3839	1024	3094	3715	876
3327	3839	1024	3347	3714	876
3583	3839	1024	3593	3712	875
3839	3839	1024	3841	3711	876
4095	3839	1024	4073	3708	875
0	4095	1024	19	3963	877
256	4095	1024	286	3960	877
512	4095	1024	566	3960	877
768	4095	1024	817	3959	876
1024	4095	1024	1072	3958	877
1280	4095	1024	1343	3958	876
1536	4095	1024	1576	3957	876
1792	4095	1024	1826	3957	876
2048	4095	1024	2077	3955	876
2303	4095	1024	2364	3955	876
2559	4095	1024	2593	3954	875
2815	4095	1024	2842	3953	875
3071	4095	1024	3094	3951	875
3327	4095	1024	3347	3951	875
3583	4095	1024	3594	3949	875
3839	4095	1024	3841	3948	875
4095	4095	1024	4072	3944	874
0	0	1280	11	33	1121
256	0	1280	282	33	1121
512	0	1280	562	33	1120
768	0	1280	814	32	1120
1024	0	1280	1067	32	1119
1280	0	1280	1339	32	1119
1536	0	1280	1570	32	1119
1792	0	1280	1820	31	1118
2048	0	1280	2071	30	1118
2303	0	1280	2355	31	1118
2559	0	1280	2587	30	1117
2815	0	1280	2835	29	1118
3071	0	1280	3085	29	1121
3327	0	1280	3339	28	1118
3583	0	1280	3583	29	1117
3839	0	1280	3833	27	1116
4095	0	1280	4065	26	1117
0	256	1280	12	296	1120
256	256	1280	283	295	1118
512	256	1280	561	294	1118
768	256	1280	814	294	1117
1024	256	1280	1067	293	1117
1280	256	1280	1338	294	1118
1536	256	1280	1571	292	1116
1792	256	1280	1820	292	1117
2048	256	1280	2070	292	1117
2303	256	1280	2356	291	1116
2559	256	1280	2586	290	1116
2815	256	1280	2837	290	1115
3071	256	1280	3086	289	1117
3327	256	1280	3339	290	1116
3583	256	1280	3586	289	1119
3839	256	1280	3834	281	1115
4095	256	1280	4065	286	1118
0	512	1280	12	556	1118
256	512	1280	285	555	1117
512	512	1280	563	555	1117
768	512	1280	814	554	1116
1024	512	1280	1068	554	1117
1280	512	1280	1340	553	1116
1536	512	1280	1571	552	1115
1792	512	1280	1822	552	1116
2048	512	1280	2072	551	1115
2303	512	1280	2357	552	1115
2559	512	1280	2589	551	1115
2815	512	1280	2836	550	1114
3071	512	1280	3087	550	1114
3327	512	1280	3341	549	1114
3583	512	1280	3586	548	1119
3839	512	1280	3837	548	1114
4095	512	1280	4067	547	1118
0	768	1280	13	801	1117
256	768	1280	285	800	1116
512	768	1280	564	799	1115
768	768	1280	815	799	1115
1024	768	1280	1068	798	1115
1280	768	1280	1341	798	1115
1536	768	1280	1571	797	1114
1792	768	1280	1821	796	1113
2048	768	1280	2073	796	1114
2303	768	1280	2357	796	1114
2559	768	1280	2588	795	1113
2815	768	1280	2838	795	1113
3071	768	1280	3088	793	1113
3327	768	1280	3342	793	1113
3583	768	1280	3588	793	1116
3839	768	1280	3837	792	1114
4095	768	1280	4067	792	1111
0	1024	1280	14	1045	1116
256	1024	1280	285	1043	1113
512	1024	1280	564	1044	1114
768	1024	1280	816	1043	1114
1024	1024	1280	1069	1043	1113
1280	1024	1280	1340	1043	1114
1536	1024	1280	1572	1041	1113
1792	1024	1280	1822	1041	1112
2048	1024	1280	2073	1040	1112
2303	1024	1280	2358	1040	1112
2559	1024	1280	2589	1040	1112
2815	1024	1280	2839	1039	1112
3071	1024	1280	3089	1037	1111
3327	1024	1280	3342	1038	1111
3583	1024	1280	3588	1038	1111
3839	1024	1280	3838	1037	1112
4095	1024	1280	4067	1036	1111
0	1280	1280	14	1302	1115
256	1280	1280	287	1302	1113
512	1280	1280	565	1301	1113
768	1280	1280	816	1301	1112
1024	1280	1280	1070	1301	1112
1280	1280	1280	1342	1300	1113
1536	1280	1280	1573	1299	1112
1792	1280	1280	1823	1298	1111
2048	1280	1280	2074	1297	1112
2303	1280	1280	2359	1298	1111
2559	1280	1280	2591	1296	1111
2815	1280	1280	2839	1297	1110
3071	1280	1280	3090	1295	1110
3327	1280	1280	3343	1294	1110
3583	1280	1280	3588	1294	1109
3839	1280	1280	3839	1293	1109
4095	1280	1280	4069	1291	1108
0	1536	1280	15	1535	1112
256	1536	1280	286	1534	1111
512	1536	1280	564	1534	1112
768	1536	1280	817	1534	1111
1024	1536	1280	1070	1534	1111
1280	1536	1280	1342	1534	1110
1536	1536	1280	1574	1533	1111
1792	1536	1280	1823	1532	1111
2048	1536	1280	2076	1532	1110
2303	1536	1280	2359	1532	1110
2559	1536	1280	2590	1531	1109
2815	1536	1280	2840	1531	1109
3071	1536	1280	3090	1529	1109
3327	1536	1280	3345	1529	1109
3583	1536	1280	3590	1528	1108
3839	1536	1280	3839	1527	1108
4095	1536	1280	4070	1527	1108
0	1792	1280	15	1777	1111
256	1792	1280	287	1777	1111
512	1792	1280	565	1776	1110
768	1792	1280	817	1776	1110
1024	1792	1280	1070	1776	1110
1280	1792	1280	1342	1775	1109
1536	1792	1280	1574	1775	1109
1792	1792	1280	1824	1774	1109
2048	1792	1280	2076	1773	1109
2303	1792	1280	2360	1773	1109
2559	1792	1280	2591	1772	1108
2815	1792	1280	2842	1772	1108
3071	1792	1280	3092	1771	1107
3327	1792	1280	3345	1770	1108
3583	1792	1280	3591	1771	1108
3839	1792	1280	3839	1769	1107
4095	1792	1280	4070	1768	1107
0	2048	1280	16	2020	1111
256	2048	1280	288	2019	1109
512	2048	1280	566	2019	1109
768	2048	1280	817	2018	1109
1024	2048	1280	1071	2018	1108
1280	2048	1280	1343	2018	1109
1536	2048	1280	1574	2017	1108
1792	2048	1280	1823	2015	1107
2048	2048	1280	2076	2016	1108
2303	2048	1280	2361	2015	1108
2559	2048	1280	2592	2014	1107
2815	2048	1280	2841	2015	1108
3071	2048	1280	3092	2013	1107
3327	2048	1280	3347	2014	1107
3583	2048	1280	3591	2012	1106
3839	2048	1280	3840	2011	1106
4095	2048	1280	4071	2011	1106
0	2303	1280	17	2281	1110
256	2303	1280	289	2281	1108
512	2303	1280	567	2279	1107
768	2303	1280	818	2279	1107
1024	2303	1280	1071	2279	1107
1280	2303	1280	1344	2278	1107
1536	2303	1280	1576	2277	1107
1792	2303	1280	1825	2277	1107
2048	2303	1280	2078	2277	1106
2303	2303	1280	2362	2277	1107
2559	2303	1280	2593	2276	1107
2815	2303	1280	2843	2274	1105
3071	2303	1280	3093	2274	1106
3327	2303	1280	3347	2273	1106
3583	2303	1280	3592	2272	1105
3839	2303	1280	3840	2272	1105
4095	2303	1280	4072	2270	1104
0	2559	1280	17	2523	1107
256	2559	1280	290	2521	1106
512	2559	1280	567	2520	1107
768	2559	1280	820	2521	1106
1024	2559	1280	1072	2520	1106
1280	2559	1280	1344	2521	1106
1536	2559	1280	1577	2519	1105
1792	2559	1280	1826	2518	1106
2048	2559	1280	2077	2519	1105
2303	2559	1280	2364	2518	1105
2559	2559	1280	2594	2517	1104
2815	2559	1280	2843	2517	1105
3071	2559	1280	3095	2516	1105
3327	2559	1280	3347	2515	1104
3583	2559	1280	3594	2514	1104
3839	2559	1280	3841	2514	1104
4095	2559	1280	4072	2513	1103
0	2815	1280	18	2763	1106
256	2815	1280	290	2761	1106
512	2815	1280	567	2762	1105
768	2815	1280	819	2760	1105
1024	2815	1280	1073	2761	1104
1280	2815	1280	1345	2760	1105
1536	2815	1280	1577	2758	1104
1792	2815	1280	1827	2759	1104
2048	2815	1280	2079	2758	1104
2303	2815	1280	2363	2758	1105
2559	2815	1280	2594	2757	1103
2815	2815	1280	2843	2756	1103
3071	2815	1280	3094	2756	1102
3327	2815	1280	3349	2755	1103
3583	2815	1280	3594	2754	1103
3839	2815	1280	3842	2753	1103
4095	2815	1280	4073	2752	1103
0	3071	1280	19	3006	1106
256	3071	1280	290	3004	1104
512	3071	1280	567	3003	1104
768	3071	1280	820	3003	1104
1024	3071	1280	1072	3002	1103
1280	3071	1280	1345	3001	1103
1536	3071	1280	1577	3001	1102
1792	3071	1280	1827	3000	1103
2048	3071	1280	2079	2999	1103
2303	3071	1280	2364	3000	1103
2559	3071	1280	2594	2998	1102
2815	3071	1280	2844	2998	1103
3071	3071	1280	3095	2997	1102
3327	3071	1280	3350	2996	1102
3583	3071	1280	3595	2995	1101
3839	3071	1280	3843	2994	1102
4095	3071	1280	4074	2993	1102
0	3327	1280	19	3247	1103
256	3327	1280	292	3245	1102
512	3327	1280	569	3245	1103
768	3327	1280	821	3244	1101
1024	3327	1280	1073	3243	1102
1280	3327	1280	1345	3243	1102
1536	3327	1280	1578	3241	1101
1792	3327	1280	1827	3242	1102
2048	3327	1280	2080	3241	1101
2303	3327	1280	2365	3240	1101
2559	3327	1280	2596	3240	1102
2815	3327	1280	2845	3239	1100
3071	3327	1280	3095	3237	1100
3327	3327	1280	3350	3237	1101
3583	3327	1280	3595	3235	1100
3839	3327	1280	3844	3235	1100
4095	3327	1280	4074	3233	1100
0	3583	1280	20	3489	1102
256	3583	1280	291	3488	1102
512	3583	1280	569	3486	1104
768	3583	1280	821	3486	1101
1024	3583	1280	1074	3485	1101
1280	3583	1280	1346	3484	1101
1536	3583	1280	1578	3484	1100
1792	3583	1280	1829	3483	1101
2048	3583	1280	2081	3482	1100
2303	3583	1280	2365	3482	1100
2559	3583	1280	2596	3481	1100
2815	3583	1280	2846	3479	1099
3071	3583	1280	3096	3479	1100
3327	3583	1280	3351	3478	1099
3583	3583	1280	3595	3477	1099
3839	3583	1280	3844	3476	1098
4095	3583	1280	4075	3473	1098
0	3839	1280	21	3733	1101
256	3839	1280	288	3731	1101
512	3839	1280	568	3730	1100
768	3839	1280	821	3730	1100
1024	3839	1280	1074	3728	1099
1280	3839	1280	1346	3728	1100
1536	3839	1280	1578	3727	1099
1792	3839	1280	1828	3726	1098
2048	3839	1280	2081	3725	1099
2303	3839	1280	2366	3725	1099
2559	3839	1280	2595	3725	1098
2815	3839	1280	2845	3723	1098
3071	3839	1280	3097	3722	1097
3327	3839	1280	3350	3722	1098
3583	3839	1280	3596	3720	1098
3839	3839	1280	3844	3718	1097
4095	3839	1280	4075	3716	1097
0	4095	1280	21	3971	1101
256	4095	1280	288	3969	1099
512	4095	1280	568	3967	1099
768	4095	1280	819	3966	1099
1024	4095	1280	1074	3966	1098
1280	4095	1280	1344	3964	1099
1536	4095	1280	1579	3964	1098
1792	4095	1280	1828	3964	1098
2048	4095	1280	2079	3962	1098
2303	4095	1280	2366	3963	1098
2559	4095	1280	2596	3961	1098
2815	4095	1280	2845	3960	1096
3071	4095	1280	3096	3959	1097
3327	4095	1280	3350	3957	1097
3583	4095	1280	3595	3956	1096
3839	4095	1280	3844	3954	1096
4095	4095	1280	4076	3951	1097
0	0	1536	13	41	1346
256	0	1536	284	40	1345
512	0	1536	564	39	1346
768	0	1536	816	40	1344
1024	0	1536	1069	39	1345
1280	0	1536	1341	38	1343
1536	0	1536	1573	38	1343
1792	0	1536	1822	38	1343
2048	0	1536	2074	38	1343
2303	0	1536	2358	37	1343
2559	0	1536	2589	36	1342
2815	0	1536	2838	37	1343
3071	0	1536	3087	36	1354
3327	0	1536	3342	35	1343
3583	0	1536	3586	36	1342
3839	0	1536	3836	34	1342
4095	0	1536	4067	34	1341
0	256	1536	14	303	1344
256	256	1536	285	302	1343
512	256	1536	564	302	1343
768	256	1536	816	301	1343
1024	256	1536	1069	300	1342
1280	256	1536	1340	300	1342
1536	256	1536	1574	299	1342
1792	256	1536	1822	299	1341
2048	256	1536	2074	299	1342
2303	256	1536	2358	298	1342
2559	256	1536	2590	298	1341
2815	256	1536	2839	297	1341
3071	256	1536	3088	296	1343
3327	256	1536	3342	296	1341
3583	256	1536	3588	295	1352
3839	256	1536	3837	289	1341
4095	256	1536	4068	293	1351
0	512	1536	14	562	1343
256	512	1536	286	562	1341
512	512	1536	565	561	1342
768	512	1536	816	562	1342
1024	512	1536	1070	560	1341
1280	512	1536	1342	560	1341
1536	512	1536	1573	560	1340
1792	512	1536	1824	559	1340
2048	512	1536	2075	558	1340
2303	512	1536	2359	558	1340
2559	512	1536	2591	558	1340
2815	512	1536	2839	557	1340
3071	512	1536	3091	556	1339
3327	512	1536	3344	556	1339
3583	512	1536	3588	556	1353
3839	512	1536	3839	554	1340
4095	512	1536	4070	553	1341
0	768	1536	15	808	1342
256	768	1536	287	806	1340
512	768	1536	566	807	1341
768	768	1536	817	806	1340
1024	768	1536	1070	805	1341
1280	768	1536	1343	805	1341
1536	768	1536	1574	804	1338
1792	768	1536	1823	803	1339
2048	768	1536	2074	803	1339
2303	768	1536	2360	803	1339
2559	768	1536	2591	803	1339
2815	768	1536	2840	802	1338
3071	768	1536	3091	800	1338
3327	768	1536	3346	800	1338
3583	768	1536	3589	800	1349
3839	768	1536	3839	799	1341
4095	768	1536	4070	798	1337
0	1024	1536	16	1052	1341
256	1024	1536	287	1051	1339
512	1024	1536	566	1051	1339
768	1024	1536	819	1050	1339
1024	1024	1536	1071	1050	1340
1280	1024	1536	1343	1050	1339
1536	1024	1536	1574	1048	1337
1792	1024	1536	1824	1048	1338
2048	1024	1536	2075	1047	1338
2303	1024	1536	2362	1048	1338
2559	1024	1536	2592	1047	1338
2815	1024	1536	2841	1046	1338
3071	1024	1536	3092	1046	1338
3327	1024	1536	3346	1045	1337
3583	1024	1536	3591	1044	1337
3839	1024	1536	3840	1044	1339
4095	1024	1536	4070	1043	1337
0	1280	1536	16	1310	1340
256	1280	1536	288	1309	1339
512	1280	1536	566	1308	1337
768	1280	1536	818	1309	1338
1024	1280	1536	1073	1307	1338
1280	1280	1536	1344	1308	1338
1536	1280	1536	1576	1307	1338
1792	1280	1536	1826	1305	1336
2048	1280	1536	2077	1306	1337
2303	1280	1536	2362	1305	1338
2559	1280	1536	2594	1304	1337
2815	1280	1536	2842	1304	1337
3071	1280	1536	3094	1303	1336
3327	1280	1536	3347	1303	1336
3583	1280	1536	3591	1301	1336
3839	1280	1536	3841	1300	1335
4095	1280	1536	4071	1300	1335
0	1536	1536	17	1542	1338
256	1536	1536	288	1542	1336
512	1536	1536	566	1541	1336
768	1536	1536	818	1541	1337
1024	1536	1536	1071	1541	1336
1280	1536	1536	1344	1541	1337
1536	1536	1536	1576	1539	1336
1792	1536	1536	1825	1539	1336
2048	1536	1536	2078	1539	1337
2303	1536	1536	2362	1540	1336
2559	1536	1536	2592	1539	1336
2815	1536	1536	2843	1538	1335
3071	1536	1536	3094	1537	1335
3327	1536	1536	3348	1536	1335
3583	1536	1536	3592	1535	1334
3839	1536	1536	3840	1535	1334
4095	1536	1536	4073	1533	1334
0	1792	1536	17	1785	1337
256	1792	1536	289	1784	1336
512	1792	1536	567	1783	1336
768	1792	1536	819	1783	1335
1024	1792	1536	1072	1783	1335
1280	1792	1536	1344	1782	1336
1536	1792	1536	1576	1782	1335
1792	1792	1536	1826	1781	1335
2048	1792	1536	2078	1781	1335
2303	1792	1536	2363	1780	1334
2559	1792	1536	2593	1780	1335
2815	1792	1536	2843	1780	1334
3071	1792	1536	3094	1778	1334
3327	1792	1536	3348	1777	1334
3583	1792	1536	3594	1778	1334
3839	1792	1536	3842	1776	1334
4095	1792	1536	4072	1776	1332
0	2048	1536	18	2027	1336
256	2048	1536	289	2026	1335
512	2048	1536	567	2026	1334
768	2048	1536	819	2026	1335
1024	2048	1536	1073	2026	1335
1280	2048	1536	1345	2025	1334
1536	2048	1536	1577	2024	1335
1792	2048	1536	1827	2024	1333
2048	2048	1536	2078	2024	1335
2303	2048	1536	2364	2023	1335
2559	2048	1536	2595	2023	1334
2815	2048	1536	2843	2022	1333
3071	2048	1536	3095	2020	1334
3327	2048	1536	3349	2021	1334
3583	2048	1536	3592	2020	1333
3839	2048	1536	3842	2019	1332
4095	2048	1536	4072	2018	1332
0	2303	1536	19	2290	1335
256	2303	1536	290	2288	1334
512	2303	1536	569	2286	1332
768	2303	1536	820	2288	1333
1024	2303	1536	1074	2286	1332
1280	2303	1536	1345	2286	1333
1536	2303	1536	1578	2286	1333
1792	2303	1536	1827	2284	1333
2048	2303	1536	2080	2285	1333
2303	2303	1536	2365	2285	1333
2559	2303	1536	2594	2284	1333
2815	2303	1536	2845	2283	1332
3071	2303	1536	3095	2281	1331
3327	2303	1536	3350	2280	1331
3583	2303	1536	3594	2279	1331
3839	2303	1536	3842	2280	1331
4095	2303	1536	4074	2278	1331
0	2559	1536	19	2529	1334
256	2559	1536	291	2528	1332
512	2559	1536	568	2527	1332
768	2559	1536	821	2528	1332
1024	2559	1536	1074	2527	1331
1280	2559	1536	1345	2527	1332
1536	2559	1536	1579	2526	1331
1792	2559	1536	1828	2526	1332
2048	2559	1536	2079	2525	1332
2303	2559	1536	2365	2524	1331
2559	2559	1536	2596	2525	1331
2815	2559	1536	2845	2523	1331
3071	2559	1536	3096	2522	1331
3327	2559	1536	3349	2522	1331
3583	2559	1536	3595	2521	1330
3839	2559	1536	3843	2520	1330
4095	2559	1536	4075	2519	1330
0	2815	1536	20	2769	1332
256	2815	1536	291	2769	1331
512	2815	1536	569	2768	1331
768	2815	1536	821	2768	1331
1024	2815	1536	1075	2767	1330
1280	2815	1536	1346	2767	1330
1536	2815	1536	1578	2766	1330
1792	2815	1536	1829	2766	1330
2048	2815	1536	2081	2765	1330
2303	2815	1536	2365	2765	1330
2559	2815	1536	2596	2764	1330
2815	2815	1536	2845	2763	1330
3071	2815	1536	3096	2763	1330
3327	2815	1536	3351	2762	1329
3583	2815	1536	3594	2761	1329
3839	2815	1536	3844	2760	1330
4095	2815	1536	4075	2758	1328
0	3071	1536	21	3012	1331
256	3071	1536	292	3011	1330
512	3071	1536	569	3011	1329
768	3071	1536	822	3010	1330
1024	3071	1536	1075	3008	1330
1280	3071	1536	1346	3009	1329
1536	3071	1536	1578	3007	1329
1792	3071	1536	1829	3006	1328
2048	3071	1536	2082	3007	1330
2303	3071	1536	2366	3007	1330
2559	3071	1536	2596	3006	1329
2815	3071	1536	2847	3005	1328
3071	3071	1536	3096	3004	1329
3327	3071	1536	3351	3004	1328
3583	3071	1536	3596	3002	1328
3839	3071	1536	3844	3000	1327
4095	3071	1536	4076	3000	1327
0	3327	1536	21	3253	1330
256	3327	1536	293	3252	1328
512	3327	1536	570	3251	1328
768	3327	1536	822	3250	1328
1024	3327	1536	1076	3250	1328
1280	3327	1536	1347	3250	1328
1536	3327	1536	1580	3248	1328
1792	3327	1536	1830	3248	1328
2048	3327	1536	2082	3248	1328
2303	3327	1536	2368	3247	1327
2559	3327	1536	2597	3246	1327
2815	3327	1536	2846	3245	1327
3071	3327	1536	3097	3245	1326
3327	3327	1536	3351	3243	1326
3583	3327	1536	3597	3242	1326
3839	3327	1536	3846	3241	1325
4095	3327	1536	4076	3239	1326
0	3583	1536	22	3496	1329
256	3583	1536	293	3494	1328
512	3583	1536	570	3492	1340
768	3583	1536	822	3492	1326
1024	3583	1536	1077	3492	1327
1280	3583	1536	1348	3492	1327
1536	3583	1536	1580	3491	1326
1792	3583	1536	1830	3489	1325
2048	3583	1536	2082	3490	1327
2303	3583	1536	2367	3489	1326
2559	3583	1536	2598	3487	1326
2815	3583	1536	2846	3488	1325
3071	3583	1536	3098	3486	1325
3327	3583	1536	3353	3485	1326
3583	3583	1536	3597	3484	1325
3839	3583	1536	3847	3482	1326
4095	3583	1536	4077	3481	1324
0	3839	1536	23	3739	1327
256	3839	1536	290	3737	1327
512	3839	1536	569	3736	1327
768	3839	1536	822	3735	1325
1024	3839	1536	1076	3735	1326
1280	3839	1536	1347	3735	1325
1536	3839	1536	1580	3734	1325
1792	3839	1536	1829	3733	1325
2048	3839	1536	2082	3733	1325
2303	3839	1536	2367	3732	1325
2559	3839	1536	2598	3731	1325
2815	3839	1536	2847	3730	1324
3071	3839	1536	3098	3729	1324
3327	3839	1536	3353	3728	1324
3583	3839	1536	3597	3726	1324
3839	3839	1536	3846	3725	1323
4095	3839	1536	4077	3722	1323
0	4095	1536	23	3978	1326
256	4095	1536	290	3975	1324
512	4095	1536	569	3973	1325
768	4095	1536	821	3973	1324
1024	4095	1536	1075	3972	1324
1280	4095	1536	1345	3971	1324
1536	4095	1536	1579	3971	1324
1792	4095	1536	1829	3970	1325
2048	4095	1536	2081	3968	1324
2303	4095	1536	2368	3969	1324
2559	4095	1536	2598	3967	1324
2815	4095	1536	2846	3967	1323
3071	4095	1536	3097	3965	1322
3327	4095	1536	3353	3964	1323
3583	4095	1536	3596	3963	1324
3839	4095	1536	3846	3961	1323
4095	4095	1536	4077	3957	1323
0	0	1792	15	47	1555
256	0	1792	286	46	1553
512	0	1792	565	47	1553
768	0	1792	817	46	1553
1024	0	1792	1070	45	1553
1280	0	1792	1343	45	1553
1536	0	1792	1574	45	1551
1792	0	1792	1823	44	1551
2048	0	1792	2075	44	1553
2303	0	1792	2359	44	1552
2559	0	1792	2591	44	1553
2815	0	1792	2840	43	1552
3071	0	1792	3089	42	1552
3327	0	1792	3343	42	1553
3583	0	1792	3587	42	1551
3839	0	1792	3837	40	1550
4095	0	1792	4069	40	1551
0	256	1792	16	308	1553
256	256	1792	286	308	1552
512	256	1792	564	308	1551
768	256	1792	817	307	1552
1024	256	1792	1070	307	1552
1280	256	1792	1341	306	1550
1536	256	1792	1574	306	1550
1792	256	1792	1823	305	1550
2048	256	1792	2076	305	1549
2303	256	1792	2361	305	1550
2559	256	1792	2592	304	1551
2815	256	1792	2842	303	1549
3071	256	1792	3093	303	1550
3327	256	1792	3345	302	1548
3583	256	1792	3590	301	1549
3839	256	1792	3839	295	1549
4095	256	1792	4070	299	1548
0	512	1792	16	569	1552
256	512	1792	288	568	1551
512	512	1792	566	566	1550
768	512	1792	818	567	1551
1024	512	1792	1072	566	1550
1280	512	1792	1342	566	1549
1536	512	1792	1574	565	1550
1792	512	1792	1825	564	1549
2048	512	1792	2076	564	1549
2303	512	1792	2360	564	1550
2559	512	1792	2593	563	1549
2815	512	1792	2841	563	1549
3071	512	1792	3092	562	1549
3327	512	1792	3346	562	1548
3583	512	1792	3591	561	1548
3839	512	1792	3840	560	1547
4095	512	1792	4071	559	1547
0	768	1792	17	813	1551
256	768	1792	288	813	1549
512	768	1792	568	812	1550
768	768	1792	819	811	1549
1024	768	1792	1072	811	1549
1280	768	1792	1344	810	1550
1536	768	1792	1575	810	1549
1792	768	1792	1825	810	1548
2048	768	1792	2077	809	1549
2303	768	1792	2363	809	1548
2559	768	1792	2593	808	1547
2815	768	1792	2843	808	1548
3071	768	1792	3092	807	1547
3327	768	1792	3348	806	1547
3583	768	1792	3593	805	1547
3839	768	1792	3840	805	1545
4095	768	1792	4072	804	1546
0	1024	1792	17	1059	1549
256	1024	1792	289	1057	1548
512	1024	1792	567	1056	1549
768	1024	1792	819	1057	1547
1024	1024	1792	1072	1055	1548
1280	1024	1792	1344	1055	1549
1536	1024	1792	1577	1055	1547
1792	1024	1792	1827	1054	1547
2048	1024	1792	2077	1054	1548
2303	1024	1792	2364	1053	1547
2559	1024	1792	2593	1052	1546
2815	1024	1792	2843	1053	1546
3071	1024	1792	3093	1051	1546
3327	1024	1792	3347	1050	1546
3583	1024	1792	3592	1050	1545
3839	1024	1792	3839	1049	1544
4095	1024	1792	4071	1048	1544
0	1280	1792	18	1316	1547
256	1280	1792	290	1314	1547
512	1280	1792	567	1314	1546
768	1280	1792	819	1313	1545
1024	1280	1792	1073	1313	1546
1280	1280	1792	1345	1313	1546
1536	1280	1792	1577	1313	1546
1792	1280	1792	1828	1313	1546
2048	1280	1792	2079	1311	1546
2303	1280	1792	2364	1311	1546
2559	1280	1792	2595	1310	1546
2815	1280	1792	2844	1310	1546
3071	1280	1792	3095	1308	1545
3327	1280	1792	3348	1308	1545
3583	1280	1792	3592	1308	1544
3839	1280	1792	3842	1308	1544
4095	1280	1792	4074	1306	1544
0	1536	1792	19	1547	1547
256	1536	1792	290	1546	1545
512	1536	1792	568	1546	1545
768	1536	1792	821	1546	1545
1024	1536	1792	1073	1545	1545
1280	1536	1792	1346	1545	1545
1536	1536	1792	1577	1545	1545
1792	1536	1792	1828	1544	1544
2048	1536	1792	2080	1544	1545
2303	1536	1792	2365	1545	1545
2559	1536	1792	2595	1544	1545
2815	1536	1792	2844	1543	1545
3071	1536	1792	3095	1542	1544
3327	1536	1792	3349	1541	1544
3583	1536	1792	3593	1541	1542
3839	1536	1792	3842	1540	1543
4095	1536	1792	4074	1539	1543
0	1792	1792	19	1791	1546
256	1792	1792	292	1789	1544
512	1792	1792	568	1789	1543
768	1792	1792	821	1789	1544
1024	1792	1792	1073	1788	1544
1280	1792	1792	1345	1788	1544
1536	1792	1792	1579	1788	1545
1792	1792	1792	1827	1786	1543
2048	1792	1792	2079	1786	1543
2303	1792	1792	2365	1787	1544
2559	1792	1792	2595	1787	1544
2815	1792	1792	2845	1785	1544
3071	1792	1792	3095	1784	1543
3327	1792	1792	3349	1784	1543
3583	1792	1792	3595	1782	1541
3839	1792	1792	3843	1781	1541
4095	1792	1792	4074	1781	1541
0	2048	1792	20	2033	1546
256	2048	1792	291	2033	1544
512	2048	1792	570	2031	1544
768	2048	1792	821	2032	1544
1024	2048	1792	1075	2031	1544
1280	2048	1792	1347	2032	1545
1536	2048	1792	1580	2032	1544
1792	2048	1792	1829	2030	1545
2048	2048	1792	2079	2029	1543
2303	2048	1792	2365	2029	1542
2559	2048	1792	2597	2029	1543
2815	2048	1792	2845	2027	1541
3071	2048	1792	3096	2028	1543
3327	2048	1792	3351	2026	1542
3583	2048	1792	3595	2025	1540
3839	2048	1792	3845	2024	1541
4095	2048	1792	4075	2023	1541
0	2303	1792	21	2297	1544
256	2303	1792	293	2294	1542
512	2303	1792	569	2294	1542
768	2303	1792	822	2294	1541
1024	2303	1792	1075	2292	1542
1280	2303	1792	1348	2293	1542
1536	2303	1792	1580	2292	1542
1792	2303	1792	1829	2291	1542
2048	2303	1792	2082	2292	1542
2303	2303	1792	2367	2290	1542
2559	2303	1792	2597	2289	1541
2815	2303	1792	2847	2289	1541
3071	2303	1792	3097	2288	1541
3327	2303	1792	3352	2288	1540
3583	2303	1792	3597	2287	1539
3839	2303	1792	3845	2285	1540
4095	2303	1792	4077	2284	1539
0	2559	1792	21	2535	1541
256	2559	1792	293	2534	1541
512	2559	1792	570	2534	1540
768	2559	1792	823	2533	1541
1024	2559	1792	1077	2533	1540
1280	2559	1792	1348	2533	1541
1536	2559	1792	1580	2532	1541
1792	2559	1792	1829	2531	1540
2048	2559	1792	2081	2531	1539
2303	2559	1792	2367	2530	1539
2559	2559	1792	2597	2530	1540
2815	2559	1792	2848	2529	1540
3071	2559	1792	3098	2528	1539
3327	2559	1792	3352	2528	1540
3583	2559	1792	3597	2527	1539
3839	2559	1792	3846	2526	1537
4095	2559	1792	4075	2525	1538
0	2815	1792	22	2776	1540
256	2815	1792	293	2774	1539
512	2815	1792	571	2774	1539
768	2815	1792	822	2774	1540
1024	2815	1792	1077	2772	1537
1280	2815	1792	1348	2772	1539
1536	2815	1792	1580	2772	1538
1792	2815	1792	1830	2771	1538
2048	2815	1792	2082	2771	1540
2303	2815	1792	2368	2770	1538
2559	2815	1792	2597	2769	1539
2815	2815	1792	2848	2769	1538
3071	2815	1792	3097	2768	1538
3327	2815	1792	3354	2767	1539
3583	2815	1792	3597	2767	1537
3839	2815	1792	3847	2765	1537
4095	2815	1792	4076	2764	1537
0	3071	1792	24	3017	1540
256	3071	1792	293	3015	1538
512	3071	1792	571	3016	1538
768	3071	1792	823	3015	1538
1024	3071	1792	1076	3014	1538
1280	3071	1792	1348	3014	1538
1536	3071	1792	1580	3013	1538
1792	3071	1792	1831	3013	1539
2048	3071	1792	2082	3012	1537
2303	3071	1792	2368	3012	1537
2559	3071	1792	2597	3011	1538
2815	3071	1792	2849	3009	1536
3071	3071	1792	3098	3009	1536
3327	3071	1792	3353	3009	1537
3583	3071	1792	3597	3007	1537
3839	3071	1792	3846	3006	1536
4095	3071	1792	4077	3004	1535
0	3327	1792	24	3258	1538
256	3327	1792	295	3258	1538
512	3327	1792	571	3256	1536
768	3327	1792	824	3257	1537
1024	3327	1792	1078	3256	1537
1280	3327	1792	1348	3255	1536
1536	3327	1792	1582	3255	1536
1792	3327	1792	1832	3254	1537
2048	3327	1792	2083	3253	1536
2303	3327	1792	2370	3253	1537
2559	3327	1792	2600	3252	1536
2815	3327	1792	2849	3251	1536
3071	3327	1792	3100	3250	1535
3327	3327	1792	3354	3249	1535
3583	3327	1792	3598	3248	1535
3839	3327	1792	3847	3246	1534
4095	3327	1792	4077	3244	1534
0	3583	1792	25	3502	1537
256	3583	1792	295	3500	1536
512	3583	1792	572	3499	1535
768	3583	1792	824	3499	1536
1024	3583	1792	1077	3498	1535
1280	3583	1792	1348	3498	1535
1536	3583	1792	1582	3497	1536
1792	3583	1792	1833	3496	1535
2048	3583	1792	2085	3495	1536
2303	3583	1792	2370	3495	1536
2559	3583	1792	2601	3495	1535
2815	3583	1792	2851	3493	1535
3071	3583	1792	3101	3492	1535
3327	3583	1792	3355	3492	1535
3583	3583	1792	3598	3490	1534
3839	3583	1792	3849	3487	1532
4095	3583	1792	4079	3486	1532
0	3839	1792	25	3746	1536
256	3839	1792	292	3744	1533
512	3839	1792	572	3742	1534
768	3839	1792	824	3742	1535
1024	3839	1792	1077	3742	1534
1280	3839	1792	1349	3741	1534
1536	3839	1792	1582	3740	1533
1792	3839	1792	1832	3739	1534
2048	3839	1792	2085	3738	1535
2303	3839	1792	2370	3739	1534
2559	3839	1792	2599	3737	1534
2815	3839	1792	2850	3736	1534
3071	3839	1792	3100	3735	1533
3327	3839	1792	3355	3734	1534
3583	3839	1792	3599	3733	1532
3839	3839	1792	3848	3731	1532
4095	3839	1792	4080	3728	1533
0	4095	1792	25	3984	1533
256	4095	1792	292	3980	1532
512	4095	1792	572	3980	1533
768	4095	1792	822	3979	1533
1024	4095	1792	1078	3978	1532
1280	4095	1792	1349	3978	1533
1536	4095	1792	1582	3977	1532
1792	4095	1792	1833	3976	1533
2048	4095	1792	2083	3976	1532
2303	4095	1792	2370	3975	1533
2559	4095	1792	2599	3973	1533
2815	4095	1792	2850	3973	1532
3071	4095	1792	3101	3971	1532
3327	4095	1792	3355	3971	1532
3583	4095	1792	3599	3969	1532
3839	4095	1792	3849	3967	1531
4095	4095	1792	4079	3964	1530
0	0	2048	17	54	1776
256	0	2048	286	53	1775
512	0	2048	566	54	1777
768	0	2048	819	53	1776
1024	0	2048	1071	53	1776
1280	0	2048	1344	52	1777
1536	0	2048	1576	51	1777
1792	0	2048	1824	52	1774
2048	0	2048	2077	51	1774
2303	0	2048	2363	50	1776
2559	0	2048	2593	51	1775
2815	0	2048	2841	50	1773
3071	0	2048	3092	50	1774
3327	0	2048	3346	49	1774
3583	0	2048	3591	48	1774
3839	0	2048	3839	47	1773
4095	0	2048	4071	47	1773
0	256	2048	18	316	1774
256	256	2048	287	315	1773
512	256	2048	566	314	1774
768	256	2048	819	314	1773
1024	256	2048	1072	314	1774
1280	256	2048	1343	313	1774
1536	256	2048	1576	313	1773
1792	256	2048	1826	312	1773
2048	256	2048	2077	312	1773
2303	256	2048	2364	311	1773
2559	256	2048	2592	311	1772
2815	256	2048	2843	311	1773
3071	256	2048	3094	309	1772
3327	256	2048	3346	309	1772
3583	256	2048	3592	309	1771
3839	256	2048	3841	302	1771
4095	256	2048	4072	306	1771
0	512	2048	18	575	1774
256	512	2048	290	573	1773
512	512	2048	568	574	1772
768	512	2048	819	573	1772
1024	512	2048	1073	573	1772
1280	512	2048	1345	573	1773
1536	512	2048	1577	572	1772
1792	512	2048	1827	572	1772
2048	512	2048	2078	571	1770
2303	512	2048	2364	570	1772
2559	512	2048	2594	571	1772
2815	512	2048	2845	569	1771
3071	512	2048	3095	568	1771
3327	512	2048	3349	569	1771
3583	512	2048	3594	568	1771
3839	512	2048	3843	568	1770
4095	512	2048	4073	567	1770
0	768	2048	19	820	1772
256	768	2048	290	819	1771
512	768	2048	568	818	1772
768	768	2048	820	819	1771
1024	768	2048	1073	818	1772
1280	768	2048	1346	817	1771
1536	768	2048	1578	818	1771
1792	768	2048	1826	817	1771
2048	768	2048	2079	816	1770
2303	768	2048	2365	816	1771
2559	768	2048	2594	815	1770
2815	768	2048	2845	814	1770
3071	768	2048	3095	814	1770
3327	768	2048	3350	813	1769
3583	768	2048	3595	814	1769
3839	768	2048	3843	812	1769
4095	768	2048	4075	811	1768
0	1024	2048	19	1066	1771
256	1024	2048	290	1065	1771
512	1024	2048	568	1064	1770
768	1024	2048	821	1063	1771
1024	1024	2048	1075	1063	1770
1280	1024	2048	1346	1063	1769
1536	1024	2048	1578	1061	1770
1792	1024	2048	1828	1061	1769
2048	1024	2048	2079	1061	1770
2303	1024	2048	2366	1059	1769
2559	1024	2048	2594	1060	1769
2815	1024	2048	2844	1059	1769
3071	1024	2048	3094	1057	1767
3327	1024	2048	3349	1058	1768
3583	1024	2048	3595	1057	1768
3839	1024	2048	3842	1056	1767
4095	1024	2048	4074	1055	1767
0	1280	2048	20	1323	1772
256	1280	2048	291	1323	1769
512	1280	2048	569	1322	1769
768	1280	2048	821	1321	1769
1024	1280	2048	1076	1322	1770
1280	1280	2048	1346	1320	1769
1536	1280	2048	1579	1320	1767
1792	1280	2048	1830	1320	1768
2048	1280	2048	2080	1320	1768
2303	1280	2048	2367	1320	1768
2559	1280	2048	2597	1319	1767
2815	1280	2048	2847	1318	1768
3071	1280	2048	3098	1317	1767
3327	1280	2048	3352	1316	1766
3583	1280	2048	3595	1315	1766
3839	1280	2048	3844	1315	1766
4095	1280	2048	4075	1314	1766
0	1536	2048	21	1555	1769
256	1536	2048	291	1554	1768
512	1536	2048	570	1553	1768
768	1536	2048	822	1553	1767
1024	1536	2048	1074	1552	1768
1280	1536	2048	1348	1553	1768
1536	1536	2048	1579	1553	1768
1792	1536	2048	1828	1551	1768
2048	1536	2048	2080	1552	1767
2303	1536	2048	2367	1550	1767
2559	1536	2048	2597	1550	1768
2815	1536	2048	2847	1550	1767
3071	1536	2048	3097	1549	1767
3327	1536	2048	3351	1549	1765
3583	1536	2048	3596	1548	1765
3839	1536	2048	3844	1547	1765
4095	1536	2048	4075	1546	1763
0	1792	2048	21	1797	1768
256	1792	2048	292	1796	1767
512	1792	2048	569	1796	1766
768	1792	2048	822	1795	1766
1024	1792	2048	1076	1795	1766
1280	1792	2048	1347	1794	1766
1536	1792	2048	1581	1793	1766
1792	1792	2048	1830	1793	1766
2048	1792	2048	2081	1793	1765
2303	1792	2048	2368	1793	1766
2559	1792	2048	2598	1793	1765
2815	1792	2048	2847	1792	1765
3071	1792	2048	3099	1792	1765
3327	1792	2048	3352	1792	1765
3583	1792	2048	3596	1790	1764
3839	1792	2048	3845	1790	1763
4095	1792	2048	4076	1788	1764
0	2048	2048	22	2041	1766
256	2048	2048	292	2039	1766
512	2048	2048	571	2039	1765
768	2048	2048	823	2039	1765
1024	2048	2048	1077	2038	1765
1280	2048	2048	1348	2038	1765
1536	2048	2048	1581	2038	1765
1792	2048	2048	1830	2036	1764
2048	2048	2048	2081	2037	1765
2303	2048	2048	2367	2036	1764
2559	2048	2048	2598	2035	1765
2815	2048	2048	2849	2034	1765
3071	2048	2048	3099	2033	1764
3327	2048	2048	3353	2033	1764
3583	2048	2048	3596	2033	1764
3839	2048	2048	3846	2032	1762
4095	2048	2048	4077	2030	1762
0	2303	2048	24	2303	1765
256	2303	2048	294	2302	1763
512	2303	2048	571	2302	1764
768	2303	2048	824	2301	1764
1024	2303	2048	1077	2302	1764
1280	2303	2048	1349	2301	1764
1536	2303	2048	1582	2300	1763
1792	2303	2048	1831	2300	1763
2048	2303	2048	2083	2299	1764
2303	2303	2048	2368	2297	1763
2559	2303	2048	2599	2298	1763
2815	2303	2048	2850	2297	1762
3071	2303	2048	3099	2296	1762
3327	2303	2048	3353	2295	1762
3583	2303	2048	3599	2295	1761
3839	2303	2048	3847	2293	1761
4095	2303	2048	4079	2292	1761
0	2559	2048	24	2542	1763
256	2559	2048	295	2541	1762
512	2559	2048	571	2541	1763
768	2559	2048	824	2541	1763
1024	2559	2048	1079	2541	1763
1280	2559	2048	1350	2540	1762
1536	2559	2048	1583	2540	1762
1792	2559	2048	1833	2539	1762
2048	2559	2048	2083	2538	1761
2303	2559	2048	2370	2538	1761
2559	2559	2048	2599	2537	1762
2815	2559	2048	2849	2537	1762
3071	2559	2048	3100	2536	1762
3327	2559	2048	3355	2536	1760
3583	2559	2048	3599	2535	1760
3839	2559	2048	3849	2533	1761
4095	2559	2048	4079	2532	1759
0	2815	2048	25	2784	1762
256	2815	2048	295	2782	1761
512	2815	2048	573	2782	1761
768	2815	2048	824	2782	1761
1024	2815	2048	1078	2780	1762
1280	2815	2048	1350	2780	1762
1536	2815	2048	1582	2780	1762
1792	2815	2048	1832	2779	1761
2048	2815	2048	2085	2779	1761
2303	2815	2048	2371	2778	1761
2559	2815	2048	2599	2778	1760
2815	2815	2048	2850	2777	1760
3071	2815	2048	3099	2776	1760
3327	2815	2048	3356	2777	1760
3583	2815	2048	3600	2775	1760
3839	2815	2048	3850	2772	1758
4095	2815	2048	4080	2772	1759
0	3071	2048	26	3026	1761
256	3071	2048	296	3024	1759
512	3071	2048	572	3024	1760
768	3071	2048	825	3023	1760
1024	3071	2048	1078	3023	1759
1280	3071	2048	1350	3022	1760
1536	3071	2048	1583	3022	1760
1792	3071	2048	1832	3021	1760
2048	3071	2048	2085	3019	1760
2303	3071	2048	2372	3021	1759
2559	3071	2048	2599	3019	1759
2815	3071	2048	2851	3019	1759
3071	3071	2048	3100	3018	1759
3327	3071	2048	3356	3018	1759
3583	3071	2048	3601	3017	1759
3839	3071	2048	3850	3015	1758
4095	3071	2048	4081	3013	1758
0	3327	2048	26	3268	1760
256	3327	2048	297	3266	1759
512	3327	2048	573	3264	1759
768	3327	2048	825	3265	1759
1024	3327	2048	1079	3263	1759
1280	3327	2048	1350	3264	1759
1536	3327	2048	1584	3263	1758
1792	3327	2048	1834	3262	1758
2048	3327	2048	2085	3262	1758
2303	3327	2048	2373	3261	1758
2559	3327	2048	2600	3259	1758
2815	3327	2048	2851	3260	1757
3071	3327	2048	3102	3258	1758
3327	3327	2048	3357	3258	1758
3583	3327	2048	3601	3257	1758
3839	3327	2048	3851	3255	1757
4095	3327	2048	4082	3253	1757
0	3583	2048	27	3510	1758
256	3583	2048	296	3509	1758
512	3583	2048	574	3508	1757
768	3583	2048	826	3507	1756
1024	3583	2048	1080	3507	1757
1280	3583	2048	1351	3506	1757
1536	3583	2048	1584	3505	1758
1792	3583	2048	1835	3505	1758
2048	3583	2048	2087	3504	1756
2303	3583	2048	2372	3503	1756
2559	3583	2048	2602	3502	1756
2815	3583	2048	2853	3501	1756
3071	3583	2048	3103	3501	1757
3327	3583	2048	3358	3500	1756
3583	3583	2048	3603	3498	1756
3839	3583	2048	3850	3497	1756
4095	3583	2048	4083	3494	1755
0	3839	2048	27	3755	1756
256	3839	2048	293	3752	1756
512	3839	2048	574	3750	1756
768	3839	2048	826	3751	1756
1024	3839	2048	1080	3749	1756
1280	3839	2048	1350	3749	1756
1536	3839	2048	1584	3749	1756
1792	3839	2048	1834	3747	1755
2048	3839	2048	2087	3747	1755
2303	3839	2048	2372	3746	1756
2559	3839	2048	2601	3745	1755
2815	3839	2048	2853	3745	1755
3071	3839	2048	3103	3743	1755
3327	3839	2048	3357	3741	1755
3583	3839	2048	3603	3741	1755
3839	3839	2048	3851	3739	1754
4095	3839	2048	4082	3738	1754
0	4095	2048	27	3992	1756
256	4095	2048	294	3988	1754
512	4095	2048	574	3988	1754
768	4095	2048	824	3986	1754
1024	4095	2048	1079	3987	1754
1280	4095	2048	1349	3986	1755
1536	4095	2048	1584	3984	1755
1792	4095	2048	1833	3984	1754
2048	4095	2048	2085	3983	1754
2303	4095	2048	2373	3982	1754
2559	4095	2048	2601	3982	1754
2815	4095	2048	2852	3980	1754
3071	4095	2048	3103	3978	1753
3327	4095	2048	3357	3978	1752
3583	4095	2048	3602	3976	1751
3839	4095	2048	3851	3975	1752
4095	4095	2048	4081	3972	1753
0	0	2303	19	61	1995
256	0	2303	289	61	1993
512	0	2303	568	60	1993
768	0	2303	821	59	1992
1024	0	2303	1074	60	1993
1280	0	2303	1346	59	1994
1536	0	2303	1579	59	1993
1792	0	2303	1828	58	1993
2048	0	2303	2079	58	1991
2303	0	2303	2366	58	1992
2559	0	2303	2594	57	1991
2815	0	2303	2844	56	1990
3071	0	2303	3095	56	1991
3327	0	2303	3349	55	1991
3583	0	2303	3593	56	1990
3839	0	2303	3842	54	1990
4095	0	2303	4073	54	1989
0	256	2303	19	323	1991
256	256	2303	290	322	1991
512	256	2303	569	322	1991
768	256	2303	821	321	1991
1024	256	2303	1075	320	1991
1280	256	2303	1346	320	1991
1536	256	2303	1580	320	1991
1792	256	2303	1829	318	1991
2048	256	2303	2079	319	1989
2303	256	2303	2366	318	1990
2559	256	2303	2595	317	1989
2815	256	2303	2845	317	1989
3071	256	2303	3095	316	1989
3327	256	2303	3349	316	1988
3583	256	2303	3596	316	1989
3839	256	2303	3844	308	1989
4095	256	2303	4075	313	1988
0	512	2303	20	581	1991
256	512	2303	291	581	1990
512	512	2303	570	580	1989
768	512	2303	821	579	1989
1024	512	2303	1075	580	1989
1280	512	2303	1347	579	1990
1536	512	2303	1580	578	1989
1792	512	2303	1830	578	1988
2048	512	2303	2081	577	1988
2303	512	2303	2367	577	1989
2559	512	2303	2597	577	1989
2815	512	2303	2847	576	1989
3071	512	2303	3097	576	1987
3327	512	2303	3352	575	1988
3583	512	2303	3597	574	1988
3839	512	2303	3845	574	1985
4095	512	2303	4076	572	1986
0	768	2303	21	827	1989
256	768	2303	292	826	1988
512	768	2303	570	825	1989
768	768	2303	822	825	1989
1024	768	2303	1075	824	1989
1280	768	2303	1349	823	1988
1536	768	2303	1580	824	1987
1792	768	2303	1828	823	1988
2048	768	2303	2082	823	1988
2303	768	2303	2368	823	1987
2559	768	2303	2597	821	1988
2815	768	2303	2848	822	1988
3071	768	2303	3097	820	1986
3327	768	2303	3353	820	1987
3583	768	2303	3597	820	1986
3839	768	2303	3845	818	1986
4095	768	2303	4076	818	1986
0	1024	2303	21	1073	1988
256	1024	2303	292	1071	1987
512	1024	2303	570	1071	1988
768	1024	2303	823	1071	1988
1024	1024	2303	1077	1071	1988
1280	1024	2303	1348	1070	1987
1536	1024	2303	1580	1068	1986
1792	1024	2303	1830	1068	1986
2048	1024	2303	2081	1067	1986
2303	1024	2303	2368	1067	1986
2559	1024	2303	2597	1067	1986
2815	1024	2303	2848	1066	1985
3071	1024	2303	3098	1066	1985
3327	1024	2303	3352	1066	1986
3583	1024	2303	3599	1065	1985
3839	1024	2303	3847	1065	1986
4095	1024	2303	4077	1063	1984
0	1280	2303	22	1331	1987
256	1280	2303	293	1330	1986
512	1280	2303	571	1329	1986
768	1280	2303	824	1329	1986
1024	1280	2303	1078	1329	1986
1280	1280	2303	1349	1328	1986
1536	1280	2303	1582	1328	1986
1792	1280	2303	1833	1327	1985
2048	1280	2303	2084	1327	1985
2303	1280	2303	2369	1327	1985
2559	1280	2303	2599	1325	1984
2815	1280	2303	2850	1326	1984
3071	1280	2303	3099	1323	1984
3327	1280	2303	3355	1323	1984
3583	1280	2303	3599	1323	1984
3839	1280	2303	3847	1322	1984
4095	1280	2303	4078	1320	1984
0	1536	2303	24	1562	1986
256	1536	2303	294	1561	1986
512	1536	2303	571	1561	1985
768	1536	2303	824	1560	1985
1024	1536	2303	1078	1559	1984
1280	1536	2303	1350	1560	1984
1536	1536	2303	1581	1558	1985
1792	1536	2303	1831	1558	1984
2048	1536	2303	2083	1559	1985
2303	1536	2303	2368	1556	1985
2559	1536	2303	2599	1557	1984
2815	1536	2303	2850	1557	1984
3071	1536	2303	3100	1555	1983
3327	1536	2303	3352	1555	1982
3583	1536	2303	3598	1554	1983
3839	1536	2303	3848	1553	1982
4095	1536	2303	4078	1553	1981
0	1792	2303	23	1804	1986
256	1792	2303	294	1803	1983
512	1792	2303	572	1802	1984
768	1792	2303	824	1801	1984
1024	1792	2303	1079	1802	1983
1280	1792	2303	1350	1801	1984
1536	1792	2303	1583	1800	1982
1792	1792	2303	1833	1800	1983
2048	1792	2303	2085	1800	1983
2303	1792	2303	2371	1800	1982
2559	1792	2303	2599	1799	1982
2815	1792	2303	2850	1799	1982
3071	1792	2303	3102	1797	1982
3327	1792	2303	3354	1796	1982
3583	1792	2303	3598	1796	1980
3839	1792	2303	3847	1794	1980
4095	1792	2303	4077	1794	1981
0	2048	2303	25	2047	1983
256	2048	2303	294	2045	1982
512	2048	2303	573	2045	1982
768	2048	2303	824	2045	1981
1024	2048	2303	1079	2045	1982
1280	2048	2303	1350	2045	1982
1536	2048	2303	1583	2044	1981
1792	2048	2303	1832	2042	1982
2048	2048	2303	2084	2043	1982
2303	2048	2303	2370	2043	1982
2559	2048	2303	2600	2042	1981
2815	2048	2303	2850	2041	1980
3071	2048	2303	3101	2039	1981
3327	2048	2303	3355	2041	1980
3583	2048	2303	3599	2039	1979
3839	2048	2303	3847	2038	1979
4095	2048	2303	4078	2037	1978
0	2303	2303	26	2309	1981
256	2303	2303	296	2309	1980
512	2303	2303	573	2308	1979
768	2303	2303	826	2308	1980
1024	2303	2303	1079	2308	1980
1280	2303	2303	1351	2307	1980
1536	2303	2303	1584	2305	1981
1792	2303	2303	1833	2306	1980
2048	2303	2303	2086	2305	1980
2303	2303	2303	2372	2305	1980
2559	2303	2303	2601	2304	1979
2815	2303	2303	2851	2303	1979
3071	2303	2303	3102	2303	1979
3327	2303	2303	3356	2303	1978
3583	2303	2303	3602	2302	1979
3839	2303	2303	3850	2301	1977
4095	2303	2303	4081	2299	1977
0	2559	2303	26	2549	1980
256	2559	2303	297	2548	1979
512	2559	2303	573	2547	1979
768	2559	2303	826	2547	1980
1024	2559	2303	1081	2546	1979
1280	2559	2303	1352	2547	1979
1536	2559	2303	1586	2546	1979
1792	2559	2303	1835	2545	1979
2048	2559	2303	2086	2545	1979
2303	2559	2303	2373	2545	1978
2559	2559	2303	2601	2543	1978
2815	2559	2303	2851	2543	1979
3071	2559	2303	3103	2541	1977
3327	2559	2303	3357	2542	1978
3583	2559	2303	3602	2541	1978
3839	2559	2303	3851	2540	1977
4095	2559	2303	4081	2539	1977
0	2815	2303	27	2790	1979
256	2815	2303	297	2790	1978
512	2815	2303	574	2789	1979
768	2815	2303	826	2788	1979
1024	2815	2303	1080	2789	1978
1280	2815	2303	1351	2788	1978
1536	2815	2303	1585	2787	1978
1792	2815	2303	1836	2787	1978
2048	2815	2303	2087	2786	1979
2303	2815	2303	2373	2785	1978
2559	2815	2303	2602	2785	1978
2815	2815	2303	2853	2784	1977
3071	2815	2303	3103	2783	1976
3327	2815	2303	3357	2783	1976
3583	2815	2303	3603	2782	1976
3839	2815	2303	3852	2781	1976
4095	2815	2303	4083	2779	1977
0	3071	2303	28	3034	1978
256	3071	2303	297	3031	1977
512	3071	2303	574	3031	1978
768	3071	2303	827	3031	1977
1024	3071	2303	1080	3030	1977
1280	3071	2303	1352	3028	1976
1536	3071	2303	1586	3028	1977
1792	3071	2303	1835	3028	1977
2048	3071	2303	2087	3028	1977
2303	3071	2303	2374	3027	1977
2559	3071	2303	2602	3026	1977
2815	3071	2303	2853	3027	1976
3071	3071	2303	3105	3024	1976
3327	3071	2303	3358	3024	1975
3583	3071	2303	3603	3024	1975
3839	3071	2303	3852	3022	1976
4095	3071	2303	4084	3019	1974
0	3327	2303	28	3274	1977
256	3327	2303	299	3272	1976
512	3327	2303	575	3272	1976
768	3327	2303	827	3271	1976
1024	3327	2303	1082	3270	1976
1280	3327	2303	1353	3270	1975
1536	3327	2303	1586	3268	1975
1792	3327	2303	1836	3268	1975
2048	3327	2303	2088	3268	1975
2303	3327	2303	2374	3267	1976
2559	3327	2303	2603	3267	1975
2815	3327	2303	2854	3266	1975
3071	3327	2303	3106	3264	1975
3327	3327	2303	3359	3264	1974
3583	3327	2303	3603	3263	1974
3839	3327	2303	3853	3263	1973
4095	3327	2303	4083	3260	1973
0	3583	2303	29	3517	1975
256	3583	2303	299	3515	1974
512	3583	2303	576	3514	1974
768	3583	2303	828	3514	1974
1024	3583	2303	1082	3513	1973
1280	3583	2303	1353	3512	1973
1536	3583	2303	1585	3512	1974
1792	3583	2303	1837	3511	1973
2048	3583	2303	2089	3510	1974
2303	3583	2303	2374	3510	1973
2559	3583	2303	2604	3509	1973
2815	3583	2303	2856	3508	1973
3071	3583	2303	3105	3507	1973
3327	3583	2303	3360	3506	1973
3583	3583	2303	3604	3506	1973
3839	3583	2303	3852	3504	1972
4095	3583	2303	4084	3501	1971
0	3839	2303	29	3761	1974
256	3839	2303	296	3758	1972
512	3839	2303	575	3758	1973
768	3839	2303	828	3757	1972
1024	3839	2303	1082	3756	1973
1280	3839	2303	1353	3755	1973
1536	3839	2303	1586	3755	1972
1792	3839	2303	1836	3754	1972
2048	3839	2303	2089	3753	1972
2303	3839	2303	2375	3753	1972
2559	3839	2303	2604	3752	1972
2815	3839	2303	2855	3751	1971
3071	3839	2303	3105	3749	1971
3327	3839	2303	3359	3749	1972
3583	3839	2303	3605	3747	1971
3839	3839	2303	3853	3745	1971
4095	3839	2303	4084	3743	1970
0	4095	2303	29	3998	1972
256	4095	2303	296	3995	1972
512	4095	2303	575	3994	1972
768	4095	2303	826	3993	1971
1024	4095	2303	1082	3993	1971
1280	4095	2303	1352	3992	1971
1536	4095	2303	1585	3992	1971
1792	4095	2303	1835	3991	1971
2048	4095	2303	2088	3989	1970
2303	4095	2303	2374	3989	1971
2559	4095	2303	2604	3988	1971
2815	4095	2303	2854	3986	1970
3071	4095	2303	3105	3986	1970
3327	4095	2303	3360	3984	1969
3583	4095	2303	3604	3982	1969
3839	4095	2303	3853	3981	1970
4095	4095	2303	4084	3978	1969
0	0	2559	21	69	2222
256	0	2559	290	68	2220
512	0	2559	570	68	2219
768	0	2559	822	68	2220
1024	0	2559	1075	67	2219
1280	0	2559	1348	66	2220
1536	0	2559	1581	66	2220
1792	0	2559	1830	66	2220
2048	0	2559	2082	66	2220
2303	0	2559	2368	65	2219
2559	0	2559	2596	64	2218
2815	0	2559	2847	64	2218
3071	0	2559	3096	63	2217
3327	0	2559	3352	63	2219
3583	0	2559	3595	63	2219
3839	0	2559	3843	61	2217
4095	0	2559	4074	62	2216
0	256	2559	21	330	2218
256	256	2559	291	329	2218
512	256	2559	570	329	2218
768	256	2559	823	328	2218
1024	256	2559	1076	329	2218
1280	256	2559	1348	328	2218
1536	256	2559	1581	327	2217
1792	256	2559	1830	327	2218
2048	256	2559	2081	326	2217
2303	256	2559	2368	325	2216
2559	256	2559	2597	325	2217
2815	256	2559	2847	324	2215
3071	256	2559	3098	323	2215
3327	256	2559	3352	324	2216
3583	256	2559	3598	323	2216
3839	256	2559	3845	317	2215
4095	256	2559	4076	321	2216
0	512	2559	22	588	2217
256	512	2559	292	588	2216
512	512	2559	571	587	2217
768	512	2559	823	587	2216
1024	512	2559	1078	587	2216
1280	512	2559	1348	585	2216
1536	512	2559	1582	586	2216
1792	512	2559	1832	585	2216
2048	512	2559	2083	584	2215
2303	512	2559	2368	584	2215
2559	512	2559	2599	583	2216
2815	512	2559	2848	583	2215
3071	512	2559	3098	582	2215
3327	512	2559	3352	582	2214
3583	512	2559	3598	582	2214
3839	512	2559	3846	581	2213
4095	512	2559	4078	579	2213
0	768	2559	24	834	2216
256	768	2559	294	833	2216
512	768	2559	571	833	2214
768	768	2559	823	831	2215
1024	768	2559	1077	831	2215
1280	768	2559	1349	831	2215
1536	768	2559	1582	830	2215
1792	768	2559	1830	830	2213
2048	768	2559	2083	830	2214
2303	768	2559	2369	830	2214
2559	768	2559	2599	830	2214
2815	768	2559	2850	828	2214
3071	768	2559	3099	827	2214
3327	768	2559	3354	827	2213
3583	768	2559	3598	826	2213
3839	768	2559	3848	826	2213
4095	768	2559	4078	825	2212
0	1024	2559	23	1080	2215
256	1024	2559	294	1080	2213
512	1024	2559	571	1078	2214
768	1024	2559	825	1078	2214
1024	1024	2559	1078	1078	2214
1280	1024	2559	1349	1077	2214
1536	1024	2559	1582	1077	2213
1792	1024	2559	1831	1076	2213
2048	1024	2559	2084	1075	2214
2303	1024	2559	2371	1076	2213
2559	1024	2559	2599	1075	2213
2815	1024	2559	2849	1073	2213
3071	1024	2559	3101	1073	2212
3327	1024	2559	3354	1073	2212
3583	1024	2559	3600	1073	2212
3839	1024	2559	3849	1072	2212
4095	1024	2559	4078	1070	2212
0	1280	2559	25	1338	2214
256	1280	2559	294	1336	2213
512	1280	2559	572	1337	2213
768	1280	2559	825	1336	2212
1024	1280	2559	1079	1335	2213
1280	1280	2559	1351	1335	2213
1536	1280	2559	1584	1334	2212
1792	1280	2559	1834	1334	2213
2048	1280	2559	2086	1335	2213
2303	1280	2559	2371	1334	2212
2559	1280	2559	2601	1333	2212
2815	1280	2559	2850	1333	2211
3071	1280	2559	3101	1331	2211
3327	1280	2559	3356	1332	2212
3583	1280	2559	3599	1330	2210
3839	1280	2559	3849	1330	2210
4095	1280	2559	4081	1329	2210
0	1536	2559	26	1568	2212
256	1536	2559	295	1569	2212
512	1536	2559	573	1568	2212
768	1536	2559	826	1567	2211
1024	1536	2559	1080	1567	2211
1280	1536	2559	1350	1566	2211
1536	1536	2559	1584	1566	2211
1792	1536	2559	1834	1565	2211
2048	1536	2559	2086	1565	2211
2303	1536	2559	2371	1565	2211
2559	1536	2559	2600	1565	2211
2815	1536	2559	2852	1563	2210
3071	1536	2559	3101	1564	2210
3327	1536	2559	3355	1562	2208
3583	1536	2559	3600	1561	2210
3839	1536	2559	3849	1560	2208
4095	1536	2559	4080	1560	2208
0	1792	2559	26	1812	2211
256	1792	2559	296	1811	2211
512	1792	2559	573	1809	2210
768	1792	2559	825	1810	2211
1024	1792	2559	1081	1809	2211
1280	1792	2559	1351	1808	2210
1536	1792	2559	1585	1808	2210
1792	1792	2559	1834	1808	2209
2048	1792	2559	2086	1808	2210
2303	1792	2559	2372	1807	2209
2559	1792	2559	2600	1806	2208
2815	1792	2559	2852	1806	2209
3071	1792	2559	3103	1805	2209
3327	1792	2559	3357	1804	2208
3583	1792	2559	3599	1803	2207
3839	1792	2559	3850	1802	2207
4095	1792	2559	4080	1802	2207
0	2048	2559	27	2054	2210
256	2048	2559	296	2053	2208
512	2048	2559	574	2053	2208
768	2048	2559	826	2052	2209
1024	2048	2559	1080	2053	2208
1280	2048	2559	1352	2052	2208
1536	2048	2559	1585	2052	2209
1792	2048	2559	1835	2051	2209
2048	2048	2559	2086	2051	2209
2303	2048	2559	2372	2050	2207
2559	2048	2559	2602	2050	2207
2815	2048	2559	2852	2048	2207
3071	2048	2559	3102	2048	2207
3327	2048	2559	3358	2047	2207
3583	2048	2559	3601	2046	2206
3839	2048	2559	3850	2045	2205
4095	2048	2559	4080	2044	2206
0	2303	2559	28	2318	2208
256	2303	2559	298	2316	2206
512	2303	2559	574	2316	2207
768	2303	2559	827	2316	2206
1024	2303	2559	1082	2315	2206
1280	2303	2559	1354	2314	2207
1536	2303	2559	1585	2314	2207
1792	2303	2559	1835	2314	2207
2048	2303	2559	2088	2312	2207
2303	2303	2559	2373	2313	2206
2559	2303	2559	2602	2312	2206
2815	2303	2559	2854	2311	2205
3071	2303	2559	3104	2310	2205
3327	2303	2559	3359	2309	2205
3583	2303	2559	3605	2309	2205
3839	2303	2559	3852	2308	2204
4095	2303	2559	4083	2306	2203
0	2559	2559	28	2556	2206
256	2559	2559	299	2555	2205
512	2559	2559	575	2555	2206
768	2559	2559	827	2554	2205
1024	2559	2559	1082	2553	2205
1280	2559	2559	1353	2553	2205
1536	2559	2559	1588	2553	2205
1792	2559	2559	1836	2553	2206
2048	2559	2559	2088	2552	2205
2303	2559	2559	2374	2551	2205
2559	2559	2559	2602	2551	2205
2815	2559	2559	2854	2550	2204
3071	2559	2559	3105	2548	2204
3327	2559	2559	3359	2549	2204
3583	2559	2559	3604	2547	2204
3839	2559	2559	3853	2548	2204
4095	2559	2559	4084	2546	2203
0	2815	2559	29	2798	2205
256	2815	2559	298	2797	2205
512	2815	2559	576	2796	2205
768	2815	2559	828	2797	2205
1024	2815	2559	1082	2795	2205
1280	2815	2559	1353	2795	2204
1536	2815	2559	1587	2796	2205
1792	2815	2559	1838	2794	2204
2048	2815	2559	2090	2794	2205
2303	2815	2559	2375	2793	2204
2559	2815	2559	2603	2792	2204
2815	2815	2559	2855	2791	2204
3071	2815	2559	3105	2791	2203
3327	2815	2559	3360	2790	2203
3583	2815	2559	3606	2790	2203
3839	2815	2559	3853	2788	2202
4095	2815	2559	4085	2786	2202
0	3071	2559	30	3041	2205
256	3071	2559	299	3039	2203
512	3071	2559	576	3039	2204
768	3071	2559	828	3038	2204
1024	3071	2559	1082	3037	2203
1280	3071	2559	1353	3037	2203
1536	3071	2559	1587	3036	2203
1792	3071	2559	1837	3036	2204
2048	3071	2559	2090	3036	2204
2303	3071	2559	2376	3034	2203
2559	3071	2559	2604	3034	2203
2815	3071	2559	2855	3033	2203
3071	3071	2559	3107	3032	2203
3327	3071	2559	3360	3032	2203
3583	3071	2559	3605	3031	2202
3839	3071	2559	3854	3029	2202
4095	3071	2559	4085	3028	2201
0	3327	2559	30	3282	2204
256	3327	2559	301	3280	2202
512	3327	2559	577	3280	2203
768	3327	2559	828	3279	2202
1024	3327	2559	1084	3279	2202
1280	3327	2559	1354	3277	2202
1536	3327	2559	1587	3276	2201
1792	3327	2559	1838	3276	2202
2048	3327	2559	2089	3275	2201
2303	3327	2559	2377	3276	2202
2559	3327	2559	2606	3274	2202
2815	3327	2559	2856	3273	2201
3071	3327	2559	3107	3273	2201
3327	3327	2559	3361	3272	2202
3583	3327	2559	3606	3270	2201
3839	3327	2559	3855	3270	2200
4095	3327	2559	4084	3267	2199
0	3583	2559	31	3526	2201
256	3583	2559	300	3523	2200
512	3583	2559	578	3522	2200
768	3583	2559	830	3522	2200
1024	3583	2559	1084	3521	2201
1280	3583	2559	1355	3520	2199
1536	3583	2559	1588	3520	2200
1792	3583	2559	1839	3519	2200
2048	3583	2559	2091	3519	2199
2303	3583	2559	2376	3518	2200
2559	3583	2559	2607	3517	2199
2815	3583	2559	2857	3516	2199
3071	3583	2559	3107	3515	2199
3327	3583	2559	3362	3515	2199
3583	3583	2559	3606	3513	2199
3839	3583	2559	3855	3511	2199
4095	3583	2559	4086	3509	2197
0	3839	2559	31	3768	2199
256	3839	2559	297	3766	2199
512	3839	2559	576	3766	2198
768	3839	2559	830	3765	2199
1024	3839	2559	1084	3765	2198
1280	3839	2559	1354	3763	2198
1536	3839	2559	1588	3763	2199
1792	3839	2559	1838	3763	2198
2048	3839	2559	2092	3761	2198
2303	3839	2559	2377	3761	2199
2559	3839	2559	2607	3760	2198
2815	3839	2559	2858	3758	2198
3071	3839	2559	3108	3758	2197
3327	3839	2559	3362	3757	2198
3583	3839	2559	3608	3755	2197
3839	3839	2559	3856	3754	2196
4095	3839	2559	4086	3751	2196
0	4095	2559	31	4006	2198
256	4095	2559	298	4003	2197
512	4095	2559	576	4001	2197
768	4095	2559	828	4002	2198
1024	4095	2559	1084	4000	2197
1280	4095	2559	1354	3999	2197
1536	4095	2559	1587	4000	2196
1792	4095	2559	1837	3998	2197
2048	4095	2559	2090	3998	2197
2303	4095	2559	2376	3997	2196
2559	4095	2559	2606	3996	2197
2815	4095	2559	2857	3995	2197
3071	4095	2559	3108	3993	2196
3327	4095	2559	3362	3992	2196
3583	4095	2559	3607	3991	2196
3839	4095	2559	3855	3989	2195
4095	4095	2559	4086	3986	2196
0	0	2815	23	75	2447
256	0	2815	292	75	2447
512	0	2815	571	75	2446
768	0	2815	823	74	2446
1024	0	2815	1077	73	2446
1280	0	2815	1349	74	2447
1536	0	2815	1582	72	2446
1792	0	2815	1831	72	2446
2048	0	2815	2084	72	2446
2303	0	2815	2369	71	2446
2559	0	2815	2597	72	2444
2815	0	2815	2848	71	2444
3071	0	2815	3097	70	2445
3327	0	2815	3354	70	2444
3583	0	2815	3598	70	2445
3839	0	2815	3845	67	2445
4095	0	2815	4075	69	2443
0	256	2815	23	336	2445
256	256	2815	293	336	2444
512	256	2815	570	335	2444
768	256	2815	824	335	2444
1024	256	2815	1077	335	2445
1280	256	2815	1349	334	2444
1536	256	2815	1582	334	2445
1792	256	2815	1831	333	2444
2048	256	2815	2083	332	2444
2303	256	2815	2370	332	2444
2559	256	2815	2598	332	2443
2815	256	2815	2848	331	2443
3071	256	2815	3100	331	2442
3327	256	2815	3353	330	2443
3583	256	2815	3599	330	2443
3839	256	2815	3848	323	2442
4095	256	2815	4077	328	2442
0	512	2815	24	595	2444
256	512	2815	294	594	2443
512	512	2815	572	593	2443
768	512	2815	824	593	2444
1024	512	2815	1080	593	2443
1280	512	2815	1350	592	2443
1536	512	2815	1584	592	2443
1792	512	2815	1834	591	2443
2048	512	2815	2085	591	2442
2303	512	2815	2370	590	2442
2559	512	2815	2600	590	2442
2815	512	2815	2850	590	2443
3071	512	2815	3101	588	2442
3327	512	2815	3354	589	2441
3583	512	2815	3599	588	2441
3839	512	2815	3848	587	2441
4095	512	2815	4079	587	2441
0	768	2815	26	840	2444
256	768	2815	295	840	2443
512	768	2815	572	839	2442
768	768	2815	825	838	2442
1024	768	2815	1079	838	2442
1280	768	2815	1350	837	2442
1536	768	2815	1584	837	2442
1792	768	2815	1834	837	2441
2048	768	2815	2085	836	2441
2303	768	2815	2372	836	2441
2559	768	2815	2601	836	2442
2815	768	2815	2852	834	2442
3071	768	2815	3102	835	2441
3327	768	2815	3356	833	2441
3583	768	2815	3600	833	2440
3839	768	2815	3849	833	2440
4095	768	2815	4081	831	2439
0	1024	2815	26	1087	2441
256	1024	2815	296	1086	2441
512	1024	2815	573	1085	2441
768	1024	2815	825	1085	2440
1024	1024	2815	1080	1084	2441
1280	1024	2815	1351	1083	2441
1536	1024	2815	1585	1084	2440
1792	1024	2815	1833	1082	2441
2048	1024	2815	2086	1083	2440
2303	1024	2815	2374	1082	2441
2559	1024	2815	2602	1082	2440
2815	1024	2815	2852	1081	2440
3071	1024	2815	3102	1080	2439
3327	1024	2815	3357	1079	2440
3583	1024	2815	3601	1080	2439
3839	1024	2815	3850	1078	2439
4095	1024	2815	4080	1078	2438
0	1280	2815	27	1343	2440
256	1280	2815	296	1342	2441
512	1280	2815	574	1343	2439
768	1280	2815	826	1341	2439
1024	1280	2815	1081	1342	2440
1280	1280	2815	1352	1341	2439
1536	1280	2815	1585	1340	2440
1792	1280	2815	1835	1341	2439
2048	1280	2815	2087	1341	2440
2303	1280	2815	2373	1340	2440
2559	1280	2815	2603	1340	2439
2815	1280	2815	2853	1339	2439
3071	1280	2815	3103	1337	2438
3327	1280	2815	3358	1338	2439
3583	1280	2815	3602	1336	2438
3839	1280	2815	3852	1337	2437
4095	1280	2815	4083	1335	2438
0	1536	2815	28	1575	2440
256	1536	2815	297	1575	2438
512	1536	2815	574	1574	2439
768	1536	2815	827	1574	2439
1024	1536	2815	1081	1574	2438
1280	1536	2815	1352	1572	2439
1536	1536	2815	1586	1573	2438
1792	1536	2815	1836	1572	2438
2048	1536	2815	2088	1571	2438
2303	1536	2815	2373	1571	2437
2559	1536	2815	2601	1571	2438
2815	1536	2815	2855	1570	2438
3071	1536	2815	3104	1569	2437
3327	1536	2815	3358	1569	2437
3583	1536	2815	3602	1569	2437
3839	1536	2815	3851	1567	2436
4095	1536	2815	4083	1566	2436
0	1792	2815	28	1818	2438
256	1792	2815	297	1817	2437
512	1792	2815	574	1817	2437
768	1792	2815	827	1817	2437
1024	1792	2815	1082	1815	2437
1280	1792	2815	1353	1815	2437
1536	1792	2815	1587	1815	2437
1792	1792	2815	1836	1815	2437
2048	1792	2815	2087	1814	2436
2303	1792	2815	2373	1814	2436
2559	1792	2815	2602	1814	2436
2815	1792	2815	2853	1812	2435
3071	1792	2815	3105	1812	2436
3327	1792	2815	3359	1811	2435
3583	1792	2815	3603	1810	2435
3839	1792	2815	3853	1809	2435
4095	1792	2815	4083	1809	2434
0	2048	2815	29	2061	2437
256	2048	2815	298	2061	2436
512	2048	2815	576	2060	2435
768	2048	2815	827	2059	2435
1024	2048	2815	1082	2060	2436
1280	2048	2815	1354	2059	2435
1536	2048	2815	1587	2059	2436
1792	2048	2815	1836	2058	2436
2048	2048	2815	2089	2057	2435
2303	2048	2815	2374	2058	2435
2559	2048	2815	2604	2057	2434
2815	2048	2815	2854	2055	2434
3071	2048	2815	3104	2055	2435
3327	2048	2815	3360	2054	2434
3583	2048	2815	3603	2054	2434
3839	2048	2815	3852	2052	2432
4095	2048	2815	4083	2051	2433
0	2303	2815	30	2326	2435
256	2303	2815	299	2324	2435
512	2303	2815	576	2324	2434
768	2303	2815	829	2323	2434
1024	2303	2815	1083	2323	2433
1280	2303	2815	1354	2322	2434
1536	2303	2815	1588	2322	2434
1792	2303	2815	1837	2321	2434
2048	2303	2815	2090	2321	2434
2303	2303	2815	2376	2320	2434
2559	2303	2815	2604	2320	2433
2815	2303	2815	2856	2319	2433
3071	2303	2815	3107	2318	2432
3327	2303	2815	3361	2318	2433
3583	2303	2815	3606	2317	2433
3839	2303	2815	3854	2315	2432
4095	2303	2815	4085	2315	2432
0	2559	2815	30	2562	2434
256	2559	2815	300	2562	2432
512	2559	2815	577	2562	2433
768	2559	2815	829	2561	2433
1024	2559	2815	1084	2561	2432
1280	2559	2815	1354	2559	2432
1536	2559	2815	1589	2560	2432
1792	2559	2815	1838	2559	2433
2048	2559	2815	2090	2559	2432
2303	2559	2815	2377	2559	2431
2559	2559	2815	2605	2557	2432
2815	2559	2815	2856	2556	2431
3071	2559	2815	3107	2556	2431
3327	2559	2815	3361	2556	2431
3583	2559	2815	3605	2554	2430
3839	2559	2815	3854	2554	2430
4095	2559	2815	4085	2552	2430
0	2815	2815	31	2805	2432
256	2815	2815	300	2804	2432
512	2815	2815	578	2803	2431
768	2815	2815	830	2803	2431
1024	2815	2815	1084	2802	2431
1280	2815	2815	1355	2802	2431
1536	2815	2815	1588	2802	2431
1792	2815	2815	1840	2801	2432
2048	2815	2815	2092	2801	2430
2303	2815	2815	2377	2800	2431
2559	2815	2815	2606	2798	2431
2815	2815	2815	2857	2798	2430
3071	2815	2815	3107	2798	2431
3327	2815	2815	3363	2797	2430
3583	2815	2815	3607	2797	2430
3839	2815	2815	3855	2794	2429
4095	2815	2815	4087	2793	2428
0	3071	2815	32	3047	2431
256	3071	2815	301	3046	2431
512	3071	2815	578	3046	2430
768	3071	2815	830	3045	2430
1024	3071	2815	1085	3045	2430
1280	3071	2815	1355	3044	2430
1536	3071	2815	1589	3043	2430
1792	3071	2815	1839	3043	2430
2048	3071	2815	2092	3042	2430
2303	3071	2815	2378	3041	2430
2559	3071	2815	2607	3041	2429
2815	3071	2815	2858	3040	2430
3071	3071	2815	3108	3040	2431
3327	3071	2815	3363	3039	2430
3583	3071	2815	3607	3037	2429
3839	3071	2815	3856	3036	2428
4095	3071	2815	4086	3034	2427
0	3327	2815	32	3289	2430
256	3327	2815	302	3287	2429
512	3327	2815	578	3286	2429
768	3327	2815	830	3287	2430
1024	3327	2815	1085	3286	2428
1280	3327	2815	1355	3284	2428
1536	3327	2815	1589	3284	2429
1792	3327	2815	1840	3283	2428
2048	3327	2815	2092	3283	2429
2303	3327	2815	2379	3282	2428
2559	3327	2815	2609	3281	2428
2815	3327	2815	2857	3280	2428
3071	3327	2815	3108	3280	2428
3327	3327	2815	3364	3279	2429
3583	3327	2815	3608	3278	2429
3839	3327	2815	3857	3277	2427
4095	3327	2815	4086	3275	2427
0	3583	2815	33	3533	2428
256	3583	2815	302	3530	2427
512	3583	2815	580	3530	2427
768	3583	2815	832	3529	2427
1024	3583	2815	1086	3528	2427
1280	3583	2815	1356	3528	2427
1536	3583	2815	1590	3527	2427
1792	3583	2815	1840	3527	2427
2048	3583	2815	2094	3526	2427
2303	3583	2815	2378	3525	2427
2559	3583	2815	2609	3524	2427
2815	3583	2815	2858	3523	2425
3071	3583	2815	3109	3522	2425
3327	3583	2815	3364	3522	2426
3583	3583	2815	3609	3520	2426
3839	3583	2815	3857	3519	2426
4095	3583	2815	4087	3517	2426
0	3839	2815	33	3776	2426
256	3839	2815	298	3774	2425
512	3839	2815	578	3772	2426
768	3839	2815	832	3771	2425
1024	3839	2815	1086	3772	2426
1280	3839	2815	1355	3770	2425
1536	3839	2815	1590	3770	2425
1792	3839	2815	1840	3769	2426
2048	3839	2815	2095	3768	2425
2303	3839	2815	2378	3768	2425
2559	3839	2815	2608	3767	2425
2815	3839	2815	2859	3765	2424
3071	3839	2815	3110	3765	2424
3327	3839	2815	3364	3764	2424
3583	3839	2815	3609	3763	2424
3839	3839	2815	3858	3761	2424
4095	3839	2815	4087	3758	2423
0	4095	2815	33	4013	2424
256	4095	2815	300	4010	2424
512	4095	2815	578	4009	2423
768	4095	2815	830	4008	2424
1024	4095	2815	1086	4007	2424
1280	4095	2815	1355	4007	2423
1536	4095	2815	1589	4006	2424
1792	4095	2815	1840	4004	2423
2048	4095	2815	2093	4004	2423
2303	4095	2815	2378	4004	2423
2559	4095	2815	2608	4003	2423
2815	4095	2815	2858	4002	2423
3071	4095	2815	3110	4000	2423
3327	4095	2815	3363	4000	2423
3583	4095	2815	3609	3998	2423
3839	4095	2815	3858	3995	2422
4095	4095	2815	4087	3993	2422
0	0	3071	25	82	2670
256	0	3071	293	82	2669
512	0	3071	571	81	2668
768	0	3071	825	81	2669
1024	0	3071	1079	81	2669
1280	0	3071	1351	80	2670
1536	0	3071	1584	79	2668
1792	0	3071	1833	79	2668
2048	0	3071	2085	79	2669
2303	0	3071	2371	78	2668
2559	0	3071	2599	78	2668
2815	0	3071	2850	77	2667
3071	0	3071	3100	77	2667
3327	0	3071	3355	77	2667
3583	0	3071	3600	76	2667
3839	0	3071	3848	74	2667
4095	0	3071	4078	75	2667
0	256	3071	25	343	2667
256	256	3071	295	342	2666
512	256	3071	572	342	2667
768	256	3071	826	342	2666
1024	256	3071	1080	341	2667
1280	256	3071	1351	340	2667
1536	256	3071	1584	340	2666
1792	256	3071	1834	339	2667
2048	256	3071	2086	340	2666
2303	256	3071	2372	339	2666
2559	256	3071	2600	338	2666
2815	256	3071	2851	338	2666
3071	256	3071	3103	337	2666
3327	256	3071	3356	336	2665
3583	256	3071	3601	337	2665
3839	256	3071	3850	330	2665
4095	256	3071	4079	335	2664
0	512	3071	27	601	2666
256	512	3071	295	600	2666
512	512	3071	573	600	2665
768	512	3071	826	599	2665
1024	512	3071	1081	598	2666
1280	512	3071	1352	598	2665
1536	512	3071	1585	598	2666
1792	512	3071	1835	597	2665
2048	512	3071	2087	597	2665
2303	512	3071	2372	596	2665
2559	512	3071	2602	596	2665
2815	512	3071	2853	595	2665
3071	512	3071	3103	594	2665
3327	512	3071	3357	595	2664
3583	512	3071	3602	594	2665
3839	512	3071	3850	594	2663
4095	512	3071	4081	593	2663
0	768	3071	28	846	2665
256	768	3071	297	846	2665
512	768	3071	574	845	2664
768	768	3071	827	845	2665
1024	768	3071	1082	844	2664
1280	768	3071	1353	843	2665
1536	768	3071	1586	844	2665
1792	768	3071	1836	843	2664
2048	768	3071	2088	842	2664
2303	768	3071	2374	842	2665
2559	768	3071	2603	842	2664
2815	768	3071	2854	841	2665
3071	768	3071	3104	840	2663
3327	768	3071	3358	839	2664
3583	768	3071	3603	840	2664
3839	768	3071	3851	839	2662
4095	768	3071	4083	837	2662
0	1024	3071	28	1094	2664
256	1024	3071	298	1092	2663
512	1024	3071	575	1092	2663
768	1024	3071	827	1091	2663
1024	1024	3071	1082	1090	2663
1280	1024	3071	1352	1091	2664
1536	1024	3071	1587	1090	2662
1792	1024	3071	1836	1089	2664
2048	1024	3071	2088	1089	2664
2303	1024	3071	2376	1089	2664
2559	1024	3071	2604	1090	2663
2815	1024	3071	2854	1088	2662
3071	1024	3071	3104	1086	2662
3327	1024	3071	3360	1086	2663
3583	1024	3071	3603	1086	2662
3839	1024	3071	3852	1085	2661
4095	1024	3071	4082	1084	2662
0	1280	3071	29	1349	2663
256	1280	3071	299	1349	2662
512	1280	3071	576	1348	2662
768	1280	3071	828	1347	2662
1024	1280	3071	1081	1348	2663
1280	1280	3071	1353	1347	2661
1536	1280	3071	1586	1346	2663
1792	1280	3071	1838	1346	2662
2048	1280	3071	2090	1346	2662
2303	1280	3071	2376	1346	2662
2559	1280	3071	2606	1345	2662
2815	1280	3071	2856	1345	2661
3071	1280	3071	3106	1344	2661
3327	1280	3071	3361	1343	2661
3583	1280	3071	3605	1342	2660
3839	1280	3071	3855	1342	2660
4095	1280	3071	4084	1340	2660
0	1536	3071	30	1582	2662
256	1536	3071	299	1580	2661
512	1536	3071	576	1579	2661
768	1536	3071	829	1579	2661
1024	1536	3071	1083	1579	2661
1280	1536	3071	1354	1579	2661
1536	1536	3071	1588	1579	2661
1792	1536	3071	1838	1578	2660
2048	1536	3071	2090	1578	2660
2303	1536	3071	2375	1578	2661
2559	1536	3071	2604	1576	2660
2815	1536	3071	2857	1576	2660
3071	1536	3071	3106	1575	2660
3327	1536	3071	3360	1576	2659
3583	1536	3071	3605	1575	2660
3839	1536	3071	3854	1574	2658
4095	1536	3071	4085	1573	2659
0	1792	3071	30	1824	2660
256	1792	3071	299	1824	2659
512	1792	3071	576	1824	2660
768	1792	3071	829	1822	2660
1024	1792	3071	1084	1823	2659
1280	1792	3071	1355	1822	2660
1536	1792	3071	1589	1821	2660
1792	1792	3071	1838	1821	2659
2048	1792	3071	2090	1820	2659
2303	1792	3071	2375	1820	2658
2559	1792	3071	2605	1820	2659
2815	1792	3071	2856	1818	2659
3071	1792	3071	3107	1819	2658
3327	1792	3071	3360	1818	2658
3583	1792	3071	3606	1816	2658
3839	1792	3071	3855	1816	2657
4095	1792	3071	4085	1815	2658
0	2048	3071	31	2068	2660
256	2048	3071	300	2067	2658
512	2048	3071	578	2066	2659
768	2048	3071	829	2066	2657
1024	2048	3071	1084	2066	2658
1280	2048	3071	1355	2065	2659
1536	2048	3071	1589	2065	2659
1792	2048	3071	1838	2064	2658
2048	2048	3071	2093	2064	2659
2303	2048	3071	2377	2064	2658
2559	2048	3071	2606	2063	2657
2815	2048	3071	2856	2063	2657
3071	2048	3071	3107	2062	2657
3327	2048	3071	3362	2060	2658
3583	2048	3071	3606	2060	2656
3839	2048	3071	3855	2059	2657
4095	2048	3071	4086	2059	2655
0	2303	3071	32	2333	2657
256	2303	3071	301	2331	2657
512	2303	3071	578	2332	2658
768	2303	3071	831	2331	2656
1024	2303	3071	1085	2331	2657
1280	2303	3071	1356	2330	2656
1536	2303	3071	1590	2329	2657
1792	2303	3071	1840	2329	2657
2048	2303	3071	2094	2328	2656
2303	2303	3071	2379	2327	2657
2559	2303	3071	2607	2327	2655
2815	2303	3071	2858	2327	2656
3071	2303	3071	3109	2326	2656
3327	2303	3071	3363	2325	2655
3583	2303	3071	3607	2324	2655
3839	2303	3071	3856	2324	2656
4095	2303	3071	4086	2322	2654
0	2559	3071	32	2569	2656
256	2559	3071	302	2569	2656
512	2559	3071	578	2568	2655
768	2559	3071	831	2568	2656
1024	2559	3071	1086	2567	2656
1280	2559	3071	1357	2566	2655
1536	2559	3071	1590	2567	2656
1792	2559	3071	1841	2565	2655
2048	2559	3071	2094	2565	2655
2303	2559	3071	2379	2565	2655
2559	2559	3071	2608	2564	2654
2815	2559	3071	2858	2563	2654
3071	2559	3071	3109	2563	2653
3327	2559	3071	3364	2562	2654
3583	2559	3071	3606	2562	2654
3839	2559	3071	3857	2560	2653
4095	2559	3071	4086	2558	2653
0	2815	3071	33	2812	2655
256	2815	3071	301	2811	2654
512	2815	3071	580	2810	2654
768	2815	3071	832	2809	2654
1024	2815	3071	1086	2808	2654
1280	2815	3071	1357	2808	2654
1536	2815	3071	1590	2807	2654
1792	2815	3071	1842	2808	2654
2048	2815	3071	2094	2806	2653
2303	2815	3071	2379	2806	2653
2559	2815	3071	2609	2806	2653
2815	2815	3071	2859	2804	2654
3071	2815	3071	3109	2804	2654
3327	2815	3071	3364	2804	2653
3583	2815	3071	3608	2803	2652
3839	2815	3071	3858	2801	2652
4095	2815	3071	4088	2800	2652
0	3071	3071	34	3053	2654
256	3071	3071	303	3053	2653
512	3071	3071	579	3052	2653
768	3071	3071	832	3051	2653
1024	3071	3071	1087	3051	2653
1280	3071	3071	1357	3050	2653
1536	3071	3071	1591	3050	2653
1792	3071	3071	1841	3049	2653
2048	3071	3071	2095	3048	2651
2303	3071	3071	2380	3048	2652
2559	3071	3071	2609	3047	2653
2815	3071	3071	2861	3046	2652
3071	3071	3071	3110	3046	2653
3327	3071	3071	3365	3044	2653
3583	3071	3071	3609	3044	2652
3839	3071	3071	3858	3042	2652
4095	3071	3071	4088	3040	2650
0	3327	3071	34	3295	2651
256	3327	3071	303	3293	2651
512	3327	3071	580	3293	2652
768	3327	3071	832	3293	2652
1024	3327	3071	1087	3291	2652
1280	3327	3071	1357	3291	2650
1536	3327	3071	1591	3290	2651
1792	3327	3071	1843	3289	2651
2048	3327	3071	2096	3289	2651
2303	3327	3071	2381	3288	2651
2559	3327	3071	2610	3287	2651
2815	3327	3071	2859	3286	2650
3071	3327	3071	3111	3286	2651
3327	3327	3071	3366	3285	2651
3583	3327	3071	3610	3284	2650
3839	3327	3071	3859	3283	2651
4095	3327	3071	4088	3282	2649
0	3583	3071	35	3538	2650
256	3583	3071	304	3537	2650
512	3583	3071	581	3536	2649
768	3583	3071	833	3535	2650
1024	3583	3071	1087	3535	2649
1280	3583	3071	1357	3533	2649
1536	3583	3071	1592	3533	2650
1792	3583	3071	1843	3533	2649
2048	3583	3071	2096	3532	2649
2303	3583	3071	2380	3532	2650
2559	3583	3071	2611	3530	2649
2815	3583	3071	2860	3529	2648
3071	3583	3071	3111	3528	2648
3327	3583	3071	3366	3527	2648
3583	3583	3071	3611	3526	2649
3839	3583	3071	3859	3525	2649
4095	3583	3071	4089	3523	2648
0	3839	3071	35	3783	2650
256	3839	3071	300	3780	2648
512	3839	3071	580	3779	2648
768	3839	3071	833	3778	2648
1024	3839	3071	1087	3777	2648
1280	3839	3071	1357	3776	2648
1536	3839	3071	1592	3776	2647
1792	3839	3071	1842	3774	2648
2048	3839	3071	2096	3775	2648
2303	3839	3071	2380	3774	2647
2559	3839	3071	2611	3773	2647
2815	3839	3071	2860	3772	2646
3071	3839	3071	3112	3770	2646
3327	3839	3071	3365	3769	2647
3583	3839	3071	3611	3769	2646
3839	3839	3071	3860	3767	2646
4095	3839	3071	4089	3765	2647
0	4095	3071	35	4018	2647
256	4095	3071	302	4015	2646
512	4095	3071	580	4015	2647
768	4095	3071	832	4014	2646
1024	4095	3071	1088	4014	2646
1280	4095	3071	1357	4012	2647
1536	4095	3071	1590	4012	2646
1792	4095	3071	1842	4011	2646
2048	4095	3071	2096	4010	2645
2303	4095	3071	2380	4009	2646
2559	4095	3071	2610	4009	2646
2815	4095	3071	2860	4007	2645
3071	4095	3071	3111	4006	2645
3327	4095	3071	3365	4006	2646
3583	4095	3071	3611	4003	2645
3839	4095	3071	3860	4002	2645
4095	4095	3071	4088	3999	2644
0	0	3327	28	88	2888
256	0	3327	295	89	2888
512	0	3327	573	88	2887
768	0	3327	827	88	2887
1024	0	3327	1081	88	2888
1280	0	3327	1353	86	2888
1536	0	3327	1586	87	2887
1792	0	3327	1835	86	2887
2048	0	3327	2088	85	2887
2303	0	3327	2373	86	2888
2559	0	3327	2602	85	2887
2815	0	3327	2853	84	2887
3071	0	3327	3103	84	2885
3327	0	3327	3357	83	2886
3583	0	3327	3603	83	2886
3839	0	3327	3850	80	2885
4095	0	3327	4081	81	2886
0	256	3327	28	350	2887
256	256	3327	297	349	2884
512	256	3327	574	349	2885
768	256	3327	827	348	2885
1024	256	3327	1082	348	2885
1280	256	3327	1353	347	2884
1536	256	3327	1587	347	2884
1792	256	3327	1837	346	2885
2048	256	3327	2088	346	2885
2303	256	3327	2375	345	2885
2559	256	3327	2603	346	2885
2815	256	3327	2854	344	2885
3071	256	3327	3105	343	2884
3327	256	3327	3359	344	2884
3583	256	3327	3605	343	2884
3839	256	3327	3851	336	2883
4095	256	3327	4082	341	2883
0	512	3327	29	607	2884
256	512	3327	298	607	2884
512	512	3327	575	606	2884
768	512	3327	828	605	2883
1024	512	3327	1084	605	2884
1280	512	3327	1353	604	2884
1536	512	3327	1586	604	2884
1792	512	3327	1838	604	2884
2048	512	3327	2089	603	2883
2303	512	3327	2374	603	2883
2559	512	3327	2604	602	2884
2815	512	3327	2855	602	2882
3071	512	3327	3106	601	2883
3327	512	3327	3360	601	2883
3583	512	3327	3606	600	2883
3839	512	3327	3853	600	2881
4095	512	3327	4084	598	2881
0	768	3327	30	853	2882
256	768	3327	299	851	2883
512	768	3327	576	851	2883
768	768	3327	829	851	2883
1024	768	3327	1084	851	2883
1280	768	3327	1354	850	2882
1536	768	3327	1587	850	2883
1792	768	3327	1838	849	2883
2048	768	3327	2091	849	2882
2303	768	3327	2376	848	2883
2559	768	3327	2604	847	2882
2815	768	3327	2856	848	2882
3071	768	3327	3107	846	2882
3327	768	3327	3360	847	2882
3583	768	3327	3606	846	2882
3839	768	3327	3854	845	2881
4095	768	3327	4085	844	2880
0	1024	3327	30	1100	2882
256	1024	3327	300	1100	2882
512	1024	3327	577	1099	2881
768	1024	3327	829	1098	2882
1024	1024	3327	1085	1098	2881
1280	1024	3327	1354	1097	2882
1536	1024	3327	1589	1096	2881
1792	1024	3327	1839	1097	2881
2048	1024	3327	2091	1096	2882
2303	1024	3327	2378	1095	2883
2559	1024	3327	2606	1095	2880
2815	1024	3327	2856	1094	2881
3071	1024	3327	3107	1094	2880
3327	1024	3327	3363	1093	2880
3583	1024	3327	3607	1092	2880
3839	1024	3327	3854	1092	2878
4095	1024	3327	4085	1091	2879
0	1280	3327	31	1356	2881
256	1280	3327	301	1359	2880
512	1280	3327	578	1353	2880
768	1280	3327	830	1354	2881
1024	1280	3327	1084	1353	2880
1280	1280	3327	1355	1353	2880
1536	1280	3327	1589	1352	2880
1792	1280	3327	1840	1352	2880
2048	1280	3327	2093	1353	2881
2303	1280	3327	2377	1352	2879
2559	1280	3327	2608	1351	2880
2815	1280	3327	2858	1351	2879
3071	1280	3327	3108	1349	2879
3327	1280	3327	3363	1348	2879
3583	1280	3327	3606	1349	2878
3839	1280	3327	3855	1348	2878
4095	1280	3327	4086	1346	2877
0	1536	3327	32	1588	2879
256	1536	3327	301	1586	2879
512	1536	3327	578	1586	2879
768	1536	3327	831	1586	2879
1024	1536	3327	1085	1585	2879
1280	1536	3327	1355	1585	2880
1536	1536	3327	1590	1585	2879
1792	1536	3327	1840	1585	2880
2048	1536	3327	2094	1585	2879
2303	1536	3327	2378	1584	2879
2559	1536	3327	2608	1583	2878
2815	1536	3327	2858	1582	2878
3071	1536	3327	3107	1581	2878
3327	1536	3327	3362	1581	2878
3583	1536	3327	3608	1582	2878
3839	1536	3327	3856	1581	2878
4095	1536	3327	4086	1578	2877
0	1792	3327	32	1829	2878
256	1792	3327	302	1830	2877
512	1792	3327	578	1830	2878
768	1792	3327	830	1830	2877
1024	1792	3327	1085	1829	2878
1280	1792	3327	1356	1829	2878
1536	1792	3327	1590	1828	2878
1792	1792	3327	1840	1827	2879
2048	1792	3327	2095	1827	2878
2303	1792	3327	2378	1828	2877
2559	1792	3327	2607	1826	2876
2815	1792	3327	2859	1826	2877
3071	1792	3327	3109	1826	2877
3327	1792	3327	3363	1825	2876
3583	1792	3327	3608	1824	2877
3839	1792	3327	3858	1823	2876
4095	1792	3327	4087	1821	2876
0	2048	3327	33	2074	2877
256	2048	3327	302	2073	2876
512	2048	3327	579	2073	2877
768	2048	3327	832	2073	2876
1024	2048	3327	1086	2072	2876
1280	2048	3327	1356	2073	2877
1536	2048	3327	1591	2072	2877
1792	2048	3327	1841	2071	2876
2048	2048	3327	2095	2071	2877
2303	2048	3327	2379	2070	2876
2559	2048	3327	2608	2070	2875
2815	2048	3327	2860	2069	2876
3071	2048	3327	3110	2068	2875
3327	2048	3327	3363	2068	2875
3583	2048	3327	3608	2066	2875
3839	2048	3327	3857	2065	2874
4095	2048	3327	4088	2065	2874
0	2303	3327	34	2339	2875
256	2303	3327	303	2339	2874
512	2303	3327	580	2338	2875
768	2303	3327	833	2337	2875
1024	2303	3327	1088	2337	2874
1280	2303	3327	1358	2337	2876
1536	2303	3327	1593	2337	2875
1792	2303	3327	1842	2336	2875
2048	2303	3327	2097	2335	2875
2303	2303	3327	2380	2336	2875
2559	2303	3327	2610	2334	2874
2815	2303	3327	2861	2334	2874
3071	2303	3327	3112	2333	2874
3327	2303	3327	3365	2332	2874
3583	2303	3327	3611	2332	2874
3839	2303	3327	3858	2332	2873
4095	2303	3327	4088	2329	2873
0	2559	3327	34	2576	2874
256	2559	3327	304	2575	2874
512	2559	3327	581	2574	2874
768	2559	3327	833	2574	2873
1024	2559	3327	1088	2573	2873
1280	2559	3327	1359	2574	2874
1536	2559	3327	1592	2573	2874
1792	2559	3327	1844	2572	2874
2048	2559	3327	2097	2572	2873
2303	2559	3327	2381	2570	2873
2559	2559	3327	2610	2569	2873
2815	2559	3327	2861	2569	2872
3071	2559	3327	3111	2568	2872
3327	2559	3327	3366	2569	2872
3583	2559	3327	3609	2567	2871
3839	2559	3327	3860	2566	2872
4095	2559	3327	4088	2566	2871
0	2815	3327	35	2817	2873
256	2815	3327	303	2816	2873
512	2815	3327	581	2815	2872
768	2815	3327	833	2815	2872
1024	2815	3327	1088	2815	2871
1280	2815	3327	1359	2815	2872
1536	2815	3327	1593	2813	2872
1792	2815	3327	1843	2815	2872
2048	2815	3327	2097	2813	2871
2303	2815	3327	2381	2813	2871
2559	2815	3327	2611	2812	2872
2815	2815	3327	2861	2810	2871
3071	2815	3327	3111	2811	2872
3327	2815	3327	3367	2810	2871
3583	2815	3327	3611	2809	2872
3839	2815	3327	3860	2808	2870
4095	2815	3327	4089	2806	2870
0	3071	3327	36	3060	2871
256	3071	3327	305	3058	2871
512	3071	3327	581	3058	2871
768	3071	3327	833	3058	2870
1024	3071	3327	1089	3057	2870
1280	3071	3327	1358	3056	2871
1536	3071	3327	1593	3056	2872
1792	3071	3327	1844	3055	2871
2048	3071	3327	2097	3055	2870
2303	3071	3327	2380	3054	2869
2559	3071	3327	2610	3053	2870
2815	3071	3327	2863	3052	2870
3071	3071	3327	3112	3052	2870
3327	3071	3327	3366	3050	2870
3583	3071	3327	3611	3051	2871
3839	3071	3327	3861	3048	2869
4095	3071	3327	4090	3047	2869
0	3327	3327	36	3301	2870
256	3327	3327	305	3299	2868
512	3327	3327	581	3299	2869
768	3327	3327	834	3298	2868
1024	3327	3327	1090	3298	2869
1280	3327	3327	1359	3297	2869
1536	3327	3327	1593	3296	2868
1792	3327	3327	1845	3296	2869
2048	3327	3327	2098	3295	2869
2303	3327	3327	2382	3294	2869
2559	3327	3327	2612	3294	2869
2815	3327	3327	2862	3293	2868
3071	3327	3327	3114	3291	2868
3327	3327	3327	3367	3291	2868
3583	3327	3327	3611	3290	2867
3839	3327	3327	3862	3289	2867
4095	3327	3327	4090	3287	2867
0	3583	3327	37	3544	2867
256	3583	3327	306	3543	2867
512	3583	3327	582	3542	2868
768	3583	3327	835	3542	2866
1024	3583	3327	1088	3541	2867
1280	3583	3327	1359	3539	2865
1536	3583	3327	1594	3540	2867
1792	3583	3327	1844	3539	2868
2048	3583	3327	2099	3538	2866
2303	3583	3327	2383	3538	2868
2559	3583	3327	2614	3537	2868
2815	3583	3327	2863	3537	2867
3071	3583	3327	3114	3535	2866
3327	3583	3327	3367	3534	2865
3583	3583	3327	3613	3533	2866
3839	3583	3327	3862	3532	2867
4095	3583	3327	4092	3529	2865
0	3839	3327	37	3789	2866
256	3839	3327	301	3786	2866
512	3839	3327	582	3786	2866
768	3839	3327	835	3784	2865
1024	3839	3327	1089	3783	2866
1280	3839	3327	1359	3783	2864
1536	3839	3327	1594	3782	2865
1792	3839	3327	1844	3782	2865
2048	3839	3327	2098	3781	2865
2303	3839	3327	2383	3781	2867
2559	3839	3327	2614	3780	2865
2815	3839	3327	2863	3779	2864
3071	3839	3327	3115	3776	2864
3327	3839	3327	3368	3776	2864
3583	3839	3327	3613	3775	2864
3839	3839	3327	3862	3773	2863
4095	3839	3327	4092	3771	2864
0	4095	3327	38	4025	2865
256	4095	3327	304	4022	2863
512	4095	3327	581	4021	2864
768	4095	3327	833	4020	2864
1024	4095	3327	1090	4019	2863
1280	4095	3327	1359	4018	2864
1536	4095	3327	1592	4018	2864
1792	4095	3327	1844	4017	2863
2048	4095	3327	2097	4016	2863
2303	4095	3327	2382	4016	2862
2559	4095	3327	2613	4015	2863
2815	4095	3327	2863	4013	2863
3071	4095	3327	3114	4012	2861
3327	4095	3327	3369	4011	2863
3583	4095	3327	3614	4010	2863
3839	4095	3327	3862	4008	2861
4095	4095	3327	4091	4005	2863
0	0	3583	30	96	3107
256	0	3583	297	95	3107
512	0	3583	575	94	3107
768	0	3583	829	94	3106
1024	0	3583	1083	93	3106
1280	0	3583	1354	94	3107
1536	0	3583	1588	93	3106
1792	0	3583	1838	92	3106
2048	0	3583	2091	92	3106
2303	0	3583	2375	92	3105
2559	0	3583	2604	91	3107
2815	0	3583	2855	91	3105
3071	0	3583	3104	90	3105
3327	0	3583	3359	90	3104
3583	0	3583	3604	90	3105
3839	0	3583	3853	86	3104
4095	0	3583	4084	88	3104
0	256	3583	30	356	3105
256	256	3583	299	355	3104
512	256	3583	576	355	3104
768	256	3583	829	354	3104
1024	256	3583	1084	355	3105
1280	256	3583	1354	354	3103
1536	256	3583	1589	353	3104
1792	256	3583	1838	353	3105
2048	256	3583	2091	352	3103
2303	256	3583	2377	351	3105
2559	256	3583	2605	352	3105
2815	256	3583	2856	351	3104
3071	256	3583	3106	351	3104
3327	256	3583	3359	350	3103
3583	256	3583	3605	349	3103
3839	256	3583	3854	344	3102
4095	256	3583	4085	347	3104
0	512	3583	31	613	3103
256	512	3583	300	613	3104
512	512	3583	577	612	3103
768	512	3583	830	612	3102
1024	512	3583	1085	611	3102
1280	512	3583	1355	610	3104
1536	512	3583	1588	611	3103
1792	512	3583	1840	609	3104
2048	512	3583	2091	609	3104
2303	512	3583	2378	609	3103
2559	512	3583	2607	608	3102
2815	512	3583	2857	608	3103
3071	512	3583	3108	607	3103
3327	512	3583	3363	607	3103
3583	512	3583	3606	607	3103
3839	512	3583	3856	605	3102
4095	512	3583	4086	605	3103
0	768	3583	32	859	3102
256	768	3583	301	857	3102
512	768	3583	578	857	3102
768	768	3583	830	857	3103
1024	768	3583	1086	856	3103
1280	768	3583	1356	856	3102
1536	768	3583	1589	856	3103
1792	768	3583	1839	856	3102
2048	768	3583	2093	854	3102
2303	768	3583	2379	854	3102
2559	768	3583	2607	854	3103
2815	768	3583	2859	853	3101
3071	768	3583	3109	852	3102
3327	768	3583	3363	853	3103
3583	768	3583	3609	851	3101
3839	768	3583	3856	852	3100
4095	768	3583	4088	850	3100
0	1024	3583	32	1106	3101
256	1024	3583	301	1108	3101
512	1024	3583	578	1105	3101
768	1024	3583	831	1105	3100
1024	1024	3583	1087	1104	3102
1280	1024	3583	1357	1103	3102
1536	1024	3583	1591	1103	3101
1792	1024	3583	1840	1103	3101
2048	1024	3583	2094	1102	3101
2303	1024	3583	2379	1102	3100
2559	1024	3583	2608	1101	3100
2815	1024	3583	2858	1100	3101
3071	1024	3583	3110	1099	3101
3327	1024	3583	3365	1099	3100
3583	1024	3583	3608	1100	3100
3839	1024	3583	3856	1099	3100
4095	1024	3583	4086	1097	3099
0	1280	3583	33	1363	3099
256	1280	3583	302	1372	3100
512	1280	3583	580	1360	3098
768	1280	3583	831	1359	3100
1024	1280	3583	1087	1359	3100
1280	1280	3583	1359	1359	3100
1536	1280	3583	1591	1358	3100
1792	1280	3583	1841	1358	3100
2048	1280	3583	2095	1358	3100
2303	1280	3583	2378	1357	3100
2559	1280	3583	2609	1357	3099
2815	1280	3583	2860	1356	3099
3071	1280	3583	3110	1354	3100
3327	1280	3583	3365	1356	3100
3583	1280	3583	3608	1355	3099
3839	1280	3583	3858	1353	3098
4095	1280	3583	4087	1353	3098
0	1536	3583	34	1593	3100
256	1536	3583	302	1593	3099
512	1536	3583	579	1592	3099
768	1536	3583	832	1592	3100
1024	1536	3583	1086	1591	3098
1280	1536	3583	1356	1591	3099
1536	1536	3583	1592	1591	3099
1792	1536	3583	1841	1591	3099
2048	1536	3583	2096	1589	3100
2303	1536	3583	2380	1590	3100
2559	1536	3583	2609	1589	3099
2815	1536	3583	2859	1588	3100
3071	1536	3583	3111	1587	3098
3327	1536	3583	3365	1587	3098
3583	1536	3583	3610	1587	3098
3839	1536	3583	3857	1587	3097
4095	1536	3583	4087	1585	3097
0	1792	3583	34	1837	3099
256	1792	3583	303	1836	3098
512	1792	3583	579	1836	3098
768	1792	3583	831	1835	3097
1024	1792	3583	1087	1834	3097
1280	1792	3583	1357	1835	3098
1536	1792	3583	1590	1834	3097
1792	1792	3583	1843	1833	3098
2048	1792	3583	2097	1834	3098
2303	1792	3583	2380	1834	3097
2559	1792	3583	2610	1833	3098
2815	1792	3583	2860	1832	3097
3071	1792	3583	3110	1831	3097
3327	1792	3583	3365	1831	3097
3583	1792	3583	3609	1830	3096
3839	1792	3583	3860	1828	3095
4095	1792	3583	4087	1828	3095
0	2048	3583	35	2080	3096
256	2048	3583	304	2079	3096
512	2048	3583	581	2079	3096
768	2048	3583	834	2078	3095
1024	2048	3583	1087	2078	3096
1280	2048	3583	1358	2078	3096
1536	2048	3583	1591	2077	3096
1792	2048	3583	1843	2077	3097
2048	2048	3583	2097	2076	3096
2303	2048	3583	2380	2076	3096
2559	2048	3583	2611	2076	3096
2815	2048	3583	2860	2075	3096
3071	2048	3583	3112	2074	3096
3327	2048	3583	3365	2074	3095
3583	2048	3583	3611	2072	3095
3839	2048	3583	3858	2072	3095
4095	2048	3583	4091	2070	3094
0	2303	3583	36	2347	3095
256	2303	3583	304	2346	3095
512	2303	3583	581	2344	3094
768	2303	3583	834	2344	3094
1024	2303	3583	1089	2344	3095
1280	2303	3583	1360	2343	3096
1536	2303	3583	1595	2344	3096
1792	2303	3583	1844	2343	3096
2048	2303	3583	2098	2343	3095
2303	2303	3583	2380	2341	3095
2559	2303	3583	2612	2341	3095
2815	2303	3583	2862	2341	3095
3071	2303	3583	3113	2338	3093
3327	2303	3583	3368	2338	3094
3583	2303	3583	3613	2338	3094
3839	2303	3583	3861	2337	3094
4095	2303	3583	4091	2337	3094
0	2559	3583	36	2582	3095
256	2559	3583	307	2580	3094
512	2559	3583	583	2580	3094
768	2559	3583	834	2580	3094
1024	2559	3583	1089	2580	3094
1280	2559	3583	1360	2579	3094
1536	2559	3583	1593	2578	3094
1792	2559	3583	1845	2578	3094
2048	2559	3583	2098	2578	3094
2303	2559	3583	2383	2576	3094
2559	2559	3583	2611	2576	3094
2815	2559	3583	2860	2575	3092
3071	2559	3583	3113	2574	3092
3327	2559	3583	3369	2574	3094
3583	2559	3583	3613	2572	3092
3839	2559	3583	3862	2573	3094
4095	2559	3583	4089	2571	3092
0	2815	3583	37	2822	3093
256	2815	3583	306	2822	3093
512	2815	3583	582	2821	3092
768	2815	3583	834	2820	3091
1024	2815	3583	1089	2819	3091
1280	2815	3583	1360	2819	3093
1536	2815	3583	1594	2820	3093
1792	2815	3583	1845	2819	3093
2048	2815	3583	2099	2818	3092
2303	2815	3583	2381	2818	3092
2559	2815	3583	2611	2816	3092
2815	2815	3583	2862	2817	3092
3071	2815	3583	3112	2815	3091
3327	2815	3583	3369	2814	3092
3583	2815	3583	3613	2815	3092
3839	2815	3583	3861	2814	3092
4095	2815	3583	4092	2812	3090
0	3071	3583	38	3066	3091
256	3071	3583	307	3064	3091
512	3071	3583	583	3064	3091
768	3071	3583	836	3063	3091
1024	3071	3583	1090	3063	3092
1280	3071	3583	1360	3063	3092
1536	3071	3583	1594	3062	3092
1792	3071	3583	1845	3061	3091
2048	3071	3583	2098	3061	3091
2303	3071	3583	2383	3061	3091
2559	3071	3583	2613	3060	3090
2815	3071	3583	2864	3059	3090
3071	3071	3583	3113	3057	3090
3327	3071	3583	3367	3057	3090
3583	3071	3583	3612	3057	3091
3839	3071	3583	3862	3054	3090
4095	3071	3583	4090	3053	3090
0	3327	3583	38	3307	3090
256	3327	3583	308	3305	3089
512	3327	3583	584	3305	3090
768	3327	3583	835	3304	3090
1024	3327	3583	1093	3305	3089
1280	3327	3583	1362	3303	3091
1536	3327	3583	1594	3304	3091
1792	3327	3583	1846	3302	3089
2048	3327	3583	2100	3301	3089
2303	3327	3583	2384	3302	3091
2559	3327	3583	2614	3300	3089
2815	3327	3583	2865	3299	3089
3071	3327	3583	3115	3298	3088
3327	3327	3583	3370	3296	3089
3583	3327	3583	3613	3297	3089
3839	3327	3583	3864	3294	3087
4095	3327	3583	4091	3292	3088
0	3583	3583	39	3551	3089
256	3583	3583	307	3549	3087
512	3583	3583	585	3547	3088
768	3583	3583	836	3548	3088
1024	3583	3583	1092	3547	3088
1280	3583	3583	1362	3548	3089
1536	3583	3583	1595	3546	3087
1792	3583	3583	1846	3545	3088
2048	3583	3583	2100	3545	3089
2303	3583	3583	2385	3544	3088
2559	3583	3583	2615	3543	3088
2815	3583	3583	2866	3542	3089
3071	3583	3583	3116	3541	3087
3327	3583	3583	3371	3540	3088
3583	3583	3583	3615	3539	3087
3839	3583	3583	3865	3537	3088
4095	3583	3583	4094	3535	3087
0	3839	3583	39	3794	3085
256	3839	3583	303	3792	3086
512	3839	3583	584	3791	3087
768	3839	3583	837	3790	3086
1024	3839	3583	1092	3790	3086
1280	3839	3583	1360	3789	3087
1536	3839	3583	1595	3788	3085
1792	3839	3583	1845	3788	3086
2048	3839	3583	2100	3786	3086
2303	3839	3583	2385	3786	3086
2559	3839	3583	2614	3785	3087
2815	3839	3583	2867	3783	3086
3071	3839	3583	3117	3783	3086
3327	3839	3583	3370	3782	3086
3583	3839	3583	3614	3781	3085
3839	3839	3583	3865	3779	3085
4095	3839	3583	4092	3776	3084
0	4095	3583	40	4031	3084
256	4095	3583	306	4027	3083
512	4095	3583	583	4026	3084
768	4095	3583	836	4026	3084
1024	4095	3583	1091	4025	3084
1280	4095	3583	1359	4024	3084
1536	4095	3583	1594	4024	3084
1792	4095	3583	1846	4022	3084
2048	4095	3583	2100	4022	3084
2303	4095	3583	2382	4021	3084
2559	4095	3583	2614	4019	3084
2815	4095	3583	2865	4019	3084
3071	4095	3583	3116	4017	3084
3327	4095	3583	3370	4016	3084
3583	4095	3583	3615	4016	3084
3839	4095	3583	3864	4013	3083
4095	4095	3583	4091	4011	3083
0	0	3839	32	103	3309
256	0	3839	298	102	3308
512	0	3839	575	103	3307
768	0	3839	829	102	3308
1024	0	3839	1083	101	3308
1280	0	3839	1354	102	3307
1536	0	3839	1586	101	3308
1792	0	3839	1836	101	3306
2048	0	3839	2090	100	3307
2303	0	3839	2374	99	3305
2559	0	3839	2602	100	3307
2815	0	3839	2855	98	3307
3071	0	3839	3104	98	3305
3327	0	3839	3359	98	3306
3583	0	3839	3604	97	3305
3839	0	3839	3853	94	3306
4095	0	3839	4082	96	3305
0	256	3839	32	363	3307
256	256	3839	300	363	3305
512	256	3839	575	363	3307
768	256	3839	828	362	3306
1024	256	3839	1083	362	3305
1280	256	3839	1354	361	3306
1536	256	3839	1587	361	3305
1792	256	3839	1836	360	3303
2048	256	3839	2090	360	3304
2303	256	3839	2373	360	3305
2559	256	3839	2604	359	3305
2815	256	3839	2856	358	3305
3071	256	3839	3105	358	3304
3327	256	3839	3360	357	3304
3583	256	3839	3604	358	3304
3839	256	3839	3854	351	3304
4095	256	3839	4083	355	3303
0	512	3839	33	621	3303
256	512	3839	299	620	3305
512	512	3839	577	620	3304
768	512	3839	829	619	3303
1024	512	3839	1084	618	3306
1280	512	3839	1355	618	3304
1536	512	3839	1586	617	3304
1792	512	3839	1837	616	3304
2048	512	3839	2092	617	3304
2303	512	3839	2375	616	3304
2559	512	3839	2606	617	3303
2815	512	3839	2857	615	3303
3071	512	3839	3105	615	3304
3327	512	3839	3362	614	3301
3583	512	3839	3606	613	3303
3839	512	3839	3855	612	3303
4095	512	3839	4084	612	3302
0	768	3839	34	865	3304
256	768	3839	300	865	3303
512	768	3839	577	864	3302
768	768	3839	829	863	3302
1024	768	3839	1086	864	3302
1280	768	3839	1355	863	3303
1536	768	3839	1588	862	3304
1792	768	3839	1838	862	3303
2048	768	3839	2094	862	3302
2303	768	3839	2377	861	3302
2559	768	3839	2606	861	3302
2815	768	3839	2858	860	3303
3071	768	3839	3107	860	3302
3327	768	3839	3362	858	3302
3583	768	3839	3605	858	3302
3839	768	3839	3854	858	3301
4095	768	3839	4085	857	3302
0	1024	3839	34	1114	3302
256	1024	3839	301	1113	3300
512	1024	3839	578	1112	3302
768	1024	3839	829	1111	3302
1024	1024	3839	1086	1112	3302
1280	1024	3839	1356	1111	3302
1536	1024	3839	1589	1111	3302
1792	1024	3839	1839	1110	3301
2048	1024	3839	2093	1110	3301
2303	1024	3839	2378	1108	3300
2559	1024	3839	2606	1109	3302
2815	1024	3839	2858	1107	3302
3071	1024	3839	3108	1107	3302
3327	1024	3839	3362	1106	3302
3583	1024	3839	3605	1106	3299
3839	1024	3839	3856	1106	3300
4095	1024	3839	4084	1105	3300
0	1280	3839	35	1367	3300
256	1280	3839	301	1366	3301
512	1280	3839	579	1367	3301
768	1280	3839	832	1366	3301
1024	1280	3839	1086	1366	3301
1280	1280	3839	1356	1365	3302
1536	1280	3839	1590	1365	3300
1792	1280	3839	1840	1365	3300
2048	1280	3839	2092	1364	3299
2303	1280	3839	2378	1362	3300
2559	1280	3839	2607	1363	3300
2815	1280	3839	2858	1362	3300
3071	1280	3839	3109	1363	3300
3327	1280	3839	3363	1361	3300
3583	1280	3839	3606	1362	3299
3839	1280	3839	3856	1360	3298
4095	1280	3839	4088	1358	3298
0	1536	3839	36	1601	3299
256	1536	3839	302	1600	3300
512	1536	3839	579	1599	3299
768	1536	3839	833	1599	3300
1024	1536	3839	1086	1599	3299
1280	1536	3839	1357	1598	3299
1536	1536	3839	1592	1598	3300
1792	1536	3839	1841	1598	3300
2048	1536	3839	2096	1597	3300
2303	1536	3839	2381	1597	3299
2559	1536	3839	2608	1596	3301
2815	1536	3839	2860	1597	3300
3071	1536	3839	3111	1595	3300
3327	1536	3839	3364	1594	3299
3583	1536	3839	3609	1594	3299
3839	1536	3839	3858	1593	3300
4095	1536	3839	4087	1592	3297
0	1792	3839	36	1843	3298
256	1792	3839	304	1842	3299
512	1792	3839	579	1842	3299
768	1792	3839	833	1842	3298
1024	1792	3839	1087	1842	3299
1280	1792	3839	1357	1841	3298
1536	1792	3839	1591	1841	3299
1792	1792	3839	1843	1841	3299
2048	1792	3839	2096	1841	3299
2303	1792	3839	2380	1840	3300
2559	1792	3839	2612	1840	3298
2815	1792	3839	2859	1838	3298
3071	1792	3839	3110	1836	3299
3327	1792	3839	3365	1838	3299
3583	1792	3839	3609	1836	3299
3839	1792	3839	3858	1837	3296
4095	1792	3839	4087	1835	3296
0	2048	3839	37	2087	3297
256	2048	3839	304	2087	3297
512	2048	3839	580	2087	3297
768	2048	3839	832	2087	3297
1024	2048	3839	1087	2086	3298
1280	2048	3839	1358	2085	3298
1536	2048	3839	1593	2085	3297
1792	2048	3839	1843	2084	3297
2048	2048	3839	2096	2083	3296
2303	2048	3839	2380	2083	3297
2559	2048	3839	2611	2083	3297
2815	2048	3839	2861	2081	3296
3071	2048	3839	3109	2081	3296
3327	2048	3839	3364	2081	3296
3583	2048	3839	3609	2081	3295
3839	2048	3839	3858	2080	3295
4095	2048	3839	4089	2077	3295
0	2303	3839	38	2354	3295
256	2303	3839	306	2352	3295
512	2303	3839	581	2353	3296
768	2303	3839	833	2352	3296
1024	2303	3839	1088	2351	3295
1280	2303	3839	1359	2351	3297
1536	2303	3839	1594	2351	3296
1792	2303	3839	1843	2349	3297
2048	2303	3839	2097	2350	3295
2303	2303	3839	2381	2349	3295
2559	2303	3839	2610	2349	3296
2815	2303	3839	2862	2348	3295
3071	2303	3839	3112	2347	3294
3327	2303	3839	3366	2347	3294
3583	2303	3839	3610	2346	3294
3839	2303	3839	3862	2344	3294
4095	2303	3839	4089	2343	3294
0	2559	3839	38	2588	3294
256	2559	3839	307	2587	3295
512	2559	3839	582	2586	3295
768	2559	3839	833	2587	3294
1024	2559	3839	1090	2587	3294
1280	2559	3839	1360	2585	3295
1536	2559	3839	1595	2586	3295
1792	2559	3839	1845	2585	3296
2048	2559	3839	2098	2584	3294
2303	2559	3839	2382	2585	3293
2559	2559	3839	2612	2583	3294
2815	2559	3839	2862	2582	3293
3071	2559	3839	3112	2582	3294
3327	2559	3839	3367	2581	3292
3583	2559	3839	3612	2579	3292
3839	2559	3839	3861	2579	3292
4095	2559	3839	4090	2578	3293
0	2815	3839	39	2831	3294
256	2815	3839	305	2830	3293
512	2815	3839	583	2829	3293
768	2815	3839	834	2829	3293
1024	2815	3839	1089	2828	3293
1280	2815	3839	1359	2827	3293
1536	2815	3839	1593	2826	3293
1792	2815	3839	1845	2826	3293
2048	2815	3839	2099	2826	3293
2303	2815	3839	2381	2825	3294
2559	2815	3839	2613	2824	3294
2815	2815	3839	2861	2823	3293
3071	2815	3839	3113	2822	3292
3327	2815	3839	3370	2823	3292
3583	2815	3839	3611	2821	3293
3839	2815	3839	3861	2819	3292
4095	2815	3839	4092	2819	3292
0	3071	3839	40	3073	3293
256	3071	3839	307	3073	3292
512	3071	3839	583	3072	3293
768	3071	3839	836	3071	3292
1024	3071	3839	1090	3071	3292
1280	3071	3839	1360	3069	3292
1536	3071	3839	1593	3069	3292
1792	3071	3839	1844	3069	3292
2048	3071	3839	2098	3068	3293
2303	3071	3839	2384	3067	3292
2559	3071	3839	2613	3067	3291
2815	3071	3839	2864	3066	3291
3071	3071	3839	3114	3065	3291
3327	3071	3839	3369	3064	3292
3583	3071	3839	3612	3064	3291
3839	3071	3839	3862	3063	3291
4095	3071	3839	4090	3060	3291
0	3327	3839	40	3315	3290
256	3327	3839	308	3312	3291
512	3327	3839	584	3312	3290
768	3327	3839	835	3312	3291
1024	3327	3839	1093	3311	3292
1280	3327	3839	1361	3310	3290
1536	3327	3839	1596	3310	3291
1792	3327	3839	1845	3309	3291
2048	3327	3839	2101	3309	3290
2303	3327	3839	2385	3307	3291
2559	3327	3839	2614	3307	3292
2815	3327	3839	2866	3306	3291
3071	3327	3839	3115	3305	3290
3327	3327	3839	3369	3305	3290
3583	3327	3839	3613	3304	3290
3839	3327	3839	3864	3302	3290
4095	3327	3839	4093	3300	3289
0	3583	3839	41	3559	3290
256	3583	3839	309	3556	3289
512	3583	3839	584	3556	3289
768	3583	3839	836	3555	3289
1024	3583	3839	1091	3554	3289
1280	3583	3839	1361	3554	3289
1536	3583	3839	1595	3553	3289
1792	3583	3839	1847	3553	3288
2048	3583	3839	2102	3552	3288
2303	3583	3839	2385	3552	3289
2559	3583	3839	2615	3551	3289
2815	3583	3839	2867	3550	3289
3071	3583	3839	3117	3548	3289
3327	3583	3839	3370	3548	3288
3583	3583	3839	3616	3547	3288
3839	3583	3839	3864	3545	3287
4095	3583	3839	4095	3543	3287
0	3839	3839	41	3801	3288
256	3839	3839	303	3800	3286
512	3839	3839	583	3799	3287
768	3839	3839	837	3798	3288
1024	3839	3839	1092	3797	3287
1280	3839	3839	1362	3796	3287
1536	3839	3839	1595	3796	3288
1792	3839	3839	1847	3796	3288
2048	3839	3839	2101	3794	3288
2303	3839	3839	2386	3793	3287
2559	3839	3839	2615	3792	3288
2815	3839	3839	2867	3792	3289
3071	3839	3839	3116	3791	3287
3327	3839	3839	3370	3789	3287
3583	3839	3839	3614	3788	3289
3839	3839	3839	3864	3786	3287
4095	3839	3839	4094	3783	3287
0	4095	3839	41	4037	3287
256	4095	3839	306	4035	3286
512	4095	3839	583	4035	3286
768	4095	3839	834	4033	3285
1024	4095	3839	1091	4032	3286
1280	4095	3839	1361	4031	3286
1536	4095	3839	1595	4030	3286
1792	4095	3839	1846	4029	3286
2048	4095	3839	2099	4029	3287
2303	4095	3839	2383	4027	3286
2559	4095	3839	2614	4027	3286
2815	4095	3839	2864	4026	3285
3071	4095	3839	3116	4024	3284
3327	4095	3839	3370	4024	3285
3583	4095	3839	3614	4022	3283
3839	4095	3839	3865	4020	3284
4095	4095	3839	4093	4017	3284
0	0	4095	34	109	3548
256	0	4095	300	109	3548
512	0	4095	577	109	3548
768	0	4095	830	108	3549
1024	0	4095	1085	108	3548
1280	0	4095	1355	108	3546
1536	0	4095	1588	107	3547
1792	0	4095	1838	107	3548
2048	0	4095	2092	106	3547
2303	0	4095	2376	106	3547
2559	0	4095	2604	106	3547
2815	0	4095	2857	104	3548
3071	0	4095	3106	105	3548
3327	0	4095	3362	103	3548
3583	0	4095	3605	103	3547
3839	0	4095	3855	100	3545
4095	0	4095	4085	102	3545
0	256	4095	34	370	3545
256	256	4095	301	369	3546
512	256	4095	578	368	3545
768	256	4095	830	368	3544
1024	256	4095	1086	368	3543
1280	256	4095	1360	367	3544
1536	256	4095	1588	367	3545
1792	256	4095	1839	366	3544
2048	256	4095	2093	366	3544
2303	256	4095	2377	365	3543
2559	256	4095	2606	364	3543
2815	256	4095	2857	364	3543
3071	256	4095	3106	364	3543
3327	256	4095	3361	363	3543
3583	256	4095	3607	363	3544
3839	256	4095	3856	357	3543
4095	256	4095	4086	361	3543
0	512	4095	35	626	3544
256	512	4095	301	625	3542
512	512	4095	579	625	3543
768	512	4095	831	624	3543
1024	512	4095	1086	624	3542
1280	512	4095	1366	623	3542
1536	512	4095	1588	622	3542
1792	512	4095	1840	622	3543
2048	512	4095	2093	621	3543
2303	512	4095	2376	621	3542
2559	512	4095	2607	621	3543
2815	512	4095	2858	620	3542
3071	512	4095	3109	620	3541
3327	512	4095	3363	620	3541
3583	512	4095	3608	619	3541
3839	512	4095	3856	619	3541
4095	512	4095	4086	617	3542
0	768	4095	36	870	3543
256	768	4095	303	870	3542
512	768	4095	579	869	3541
768	768	4095	832	869	3540
1024	768	4095	1087	868	3541
1280	768	4095	1356	867	3540
1536	768	4095	1590	867	3541
1792	768	4095	1840	867	3542
2048	768	4095	2095	866	3540
2303	768	4095	2377	866	3539
2559	768	4095	2607	866	3541
2815	768	4095	2859	866	3540
3071	768	4095	3109	865	3541
3327	768	4095	3363	864	3540
3583	768	4095	3608	864	3540
3839	768	4095	3856	863	3539
4095	768	4095	4088	862	3539
0	1024	4095	36	1119	3540
256	1024	4095	304	1118	3541
512	1024	4095	580	1122	3540
768	1024	4095	832	1120	3540
1024	1024	4095	1088	1116	3541
1280	1024	4095	1358	1117	3540
1536	1024	4095	1591	1115	3539
1792	1024	4095	1842	1116	3540
2048	1024	4095	2095	1115	3540
2303	1024	4095	2379	1114	3540
2559	1024	4095	2609	1114	3540
2815	1024	4095	2860	1113	3539
3071	1024	4095	3110	1113	3540
3327	1024	4095	3364	1113	3539
3583	1024	4095	3609	1112	3539
3839	1024	4095	3858	1111	3538
4095	1024	4095	4087	1111	3538
0	1280	4095	37	1372	3539
256	1280	4095	304	1374	3539
512	1280	4095	582	1384	3539
768	1280	4095	834	1382	3539
1024	1280	4095	1088	1370	3538
1280	1280	4095	1358	1370	3538
1536	1280	4095	1592	1370	3539
1792	1280	4095	1843	1370	3538
2048	1280	4095	2097	1369	3538
2303	1280	4095	2379	1369	3538
2559	1280	4095	2611	1368	3537
2815	1280	4095	2860	1366	3538
3071	1280	4095	3112	1367	3537
3327	1280	4095	3367	1366	3538
3583	1280	4095	3612	1366	3538
3839	1280	4095	3860	1366	3536
4095	1280	4095	4090	1365	3536
0	1536	4095	38	1607	3539
256	1536	4095	305	1605	3537
512	1536	4095	582	1606	3539
768	1536	4095	834	1604	3537
1024	1536	4095	1089	1604	3538
1280	1536	4095	1359	1604	3538
1536	1536	4095	1594	1603	3537
1792	1536	4095	1844	1602	3538
2048	1536	4095	2098	1603	3538
2303	1536	4095	2381	1602	3537
2559	1536	4095	2611	1601	3537
2815	1536	4095	2862	1601	3536
3071	1536	4095	3112	1600	3537
3327	1536	4095	3367	1600	3536
3583	1536	4095	3611	1598	3535
3839	1536	4095	3860	1598	3535
4095	1536	4095	4089	1597	3534
0	1792	4095	38	1848	3535
256	1792	4095	306	1848	3537
512	1792	4095	581	1848	3537
768	1792	4095	833	1847	3536
1024	1792	4095	1089	1847	3536
1280	1792	4095	1360	1846	3535
1536	1792	4095	1593	1845	3536
1792	1792	4095	1844	1845	3536
2048	1792	4095	2096	1845	3535
2303	1792	4095	2381	1845	3534
2559	1792	4095	2610	1844	3535
2815	1792	4095	2862	1843	3535
3071	1792	4095	3113	1843	3536
3327	1792	4095	3368	1842	3534
3583	1792	4095	3611	1839	3534
3839	1792	4095	3860	1841	3534
4095	1792	4095	4090	1839	3532
0	2048	4095	39	2094	3535
256	2048	4095	306	2093	3535
512	2048	4095	582	2093	3535
768	2048	4095	835	2092	3533
1024	2048	4095	1090	2092	3534
1280	2048	4095	1360	2090	3533
1536	2048	4095	1594	2091	3533
1792	2048	4095	1844	2089	3534
2048	2048	4095	2098	2090	3535
2303	2048	4095	2383	2089	3533
2559	2048	4095	2610	2088	3533
2815	2048	4095	2863	2087	3533
3071	2048	4095	3112	2087	3533
3327	2048	4095	3368	2086	3532
3583	2048	4095	3610	2086	3532
3839	2048	4095	3860	2085	3531
4095	2048	4095	4092	2083	3532
0	2303	4095	40	2359	3534
256	2303	4095	308	2357	3533
512	2303	4095	583	2358	3533
768	2303	4095	837	2358	3534
1024	2303	4095	1092	2358	3533
1280	2303	4095	1361	2356	3533
1536	2303	4095	1596	2356	3533
1792	2303	4095	1844	2356	3533
2048	2303	4095	2099	2355	3533
2303	2303	4095	2385	2354	3533
2559	2303	4095	2612	2355	3531
2815	2303	4095	2864	2354	3532
3071	2303	4095	3113	2354	3531
3327	2303	4095	3371	2352	3531
3583	2303	4095	3614	2350	3530
3839	2303	4095	3863	2352	3530
4095	2303	4095	4091	2349	3530
0	2559	4095	40	2594	3532
256	2559	4095	308	2592	3532
512	2559	4095	584	2591	3532
768	2559	4095	835	2592	3530
1024	2559	4095	1093	2592	3532
1280	2559	4095	1361	2590	3532
1536	2559	4095	1595	2590	3531
1792	2559	4095	1845	2590	3531
2048	2559	4095	2100	2589	3532
2303	2559	4095	2383	2589	3532
2559	2559	4095	2612	2587	3532
2815	2559	4095	2866	2587	3530
3071	2559	4095	3115	2586	3530
3327	2559	4095	3370	2585	3531
3583	2559	4095	3612	2585	3529
3839	2559	4095	3864	2585	3529
4095	2559	4095	4092	2583	3529
0	2815	4095	41	2836	3530
256	2815	4095	307	2834	3530
512	2815	4095	584	2834	3531
768	2815	4095	837	2833	3529
1024	2815	4095	1091	2832	3530
1280	2815	4095	1360	2832	3529
1536	2815	4095	1595	2832	3530
1792	2815	4095	1846	2832	3530
2048	2815	4095	2101	2831	3529
2303	2815	4095	2383	2830	3531
2559	2815	4095	2615	2830	3529
2815	2815	4095	2864	2829	3529
3071	2815	4095	3115	2828	3528
3327	2815	4095	3371	2827	3527
3583	2815	4095	3614	2826	3528
3839	2815	4095	3863	2826	3528
4095	2815	4095	4094	2824	3527
0	3071	4095	42	3078	3529
256	3071	4095	308	3077	3528
512	3071	4095	584	3077	3528
768	3071	4095	837	3077	3528
1024	3071	4095	1093	3075	3529
1280	3071	4095	1361	3074	3527
1536	3071	4095	1595	3074	3528
1792	3071	4095	1845	3074	3527
2048	3071	4095	2100	3072	3528
2303	3071	4095	2384	3072	3528
2559	3071	4095	2615	3072	3526
2815	3071	4095	2865	3070	3527
3071	3071	4095	3115	3070	3527
3327	3071	4095	3370	3069	3527
3583	3071	4095	3615	3069	3527
3839	3071	4095	3863	3068	3526
4095	3071	4095	4092	3066	3525
0	3327	4095	42	3319	3527
256	3327	4095	311	3317	3526
512	3327	4095	586	3317	3527
768	3327	4095	837	3317	3527
1024	3327	4095	1094	3316	3527
1280	3327	4095	1362	3315	3526
1536	3327	4095	1597	3315	3525
1792	3327	4095	1847	3314	3525
2048	3327	4095	2101	3314	3526
2303	3327	4095	2384	3313	3526
2559	3327	4095	2615	3313	3526
2815	3327	4095	2865	3312	3526
3071	3327	4095	3118	3311	3525
3327	3327	4095	3371	3310	3526
3583	3327	4095	3615	3309	3524
3839	3327	4095	3865	3308	3524
4095	3327	4095	4094	3306	3524
0	3583	4095	43	3563	3524
256	3583	4095	310	3562	3524
512	3583	4095	586	3560	3524
768	3583	4095	838	3560	3524
1024	3583	4095	1094	3559	3525
1280	3583	4095	1363	3559	3525
1536	3583	4095	1598	3558	3524
1792	3583	4095	1848	3558	3524
2048	3583	4095	2104	3557	3523
2303	3583	4095	2385	3557	3523
2559	3583	4095	2616	3556	3524
2815	3583	4095	2867	3554	3523
3071	3583	4095	3118	3554	3524
3327	3583	4095	3373	3553	3524
3583	3583	4095	3617	3552	3523
3839	3583	4095	3865	3550	3523
4095	3583	4095	4095	3548	3522
0	3839	4095	43	3807	3522
256	3839	4095	305	3805	3522
512	3839	4095	585	3803	3521
768	3839	4095	838	3803	3522
1024	3839	4095	1094	3802	3522
1280	3839	4095	1363	3802	3522
1536	3839	4095	1598	3801	3522
1792	3839	4095	1847	3800	3523
2048	3839	4095	2103	3800	3522
2303	3839	4095	2385	3799	3522
2559	3839	4095	2617	3797	3521
2815	3839	4095	2867	3797	3521
3071	3839	4095	3118	3796	3521
3327	3839	4095	3373	3795	3520
3583	3839	4095	3618	3794	3521
3839	3839	4095	3866	3791	3521
4095	3839	4095	4094	3790	3520
0	4095	4095	44	4043	3520
256	4095	4095	309	4040	3521
512	4095	4095	586	4039	3520
768	4095	4095	838	4038	3520
1024	4095	4095	1093	4039	3519
1280	4095	4095	1363	4037	3520
1536	4095	4095	1597	4035	3520
1792	4095	4095	1848	4035	3519
2048	4095	4095	2102	4034	3520
2303	4095	4095	2383	4033	3520
2559	4095	4095	2616	4033	3519
2815	4095	4095	2866	4031	3519
3071	4095	4095	3118	4031	3518
3327	4095	4095	3372	4029	3519
3583	4095	4095	3616	4027	3518
3839	4095	4095	3867	4026	3518
4095	4095	4095	4095	4023	3519
