0	0	0	0	0	0
256	0	0	224	9	4
512	0	0	450	17	7
768	0	0	666	26	11
1024	0	0	872	35	15
1280	0	0	1081	44	19
1536	0	0	1304	52	22
1792	0	0	1497	61	26
2048	0	0	1698	70	30
2303	0	0	1904	78	33
2559	0	0	2119	87	38
2815	0	0	2348	96	41
3071	0	0	2542	104	45
3327	0	0	2746	112	48
3583	0	0	2951	121	52
3839	0	0	3160	130	55
4095	0	0	3368	138	59
0	256	0	47	248	15
256	256	0	270	258	19
512	256	0	498	266	22
768	256	0	709	274	27
1024	256	0	916	283	30
1280	256	0	1127	292	34
1536	256	0	1346	300	38
1792	256	0	1537	308	41
2048	256	0	1742	317	45
2303	256	0	1947	326	49
2559	256	0	2169	334	53
2815	256	0	2390	342	56
3071	256	0	2585	351	60
3327	256	0	2790	360	63
3583	256	0	2997	367	67
3839	256	0	3206	376	70
4095	256	0	3412	385	75
0	512	0	95	499	31
256	512	0	319	506	34
512	512	0	548	515	38
768	512	0	754	523	42
1024	512	0	960	530	45
1280	512	0	1177	539	49
1536	512	0	1388	547	53
1792	512	0	1582	555	56
2048	512	0	1786	562	60
2303	512	0	1992	571	64
2559	512	0	2220	579	67
2815	512	0	2433	587	71
3071	512	0	2630	595	74
3327	512	0	2835	603	78
3583	512	0	3042	611	81
3839	512	0	3252	619	86
4095	512	0	3456	627	89
0	768	0	142	736	46
256	768	0	368	744	50
512	768	0	592	751	53
768	768	0	798	760	57
1024	768	0	1005	768	60
1280	768	0	1225	775	64
1536	768	0	1430	783	67
1792	768	0	1626	792	72
2048	768	0	1832	799	75
2303	768	0	2037	807	78
2559	768	0	2271	816	82
2815	768	0	2475	823	85
3071	768	0	2675	830	89
3327	768	0	2880	839	92
3583	768	0	3087	847	97
3839	768	0	3297	855	100
4095	768	0	3501	863	104
0	1024	0	191	970	61
256	1024	0	416	978	65
512	1024	0	636	986	68
768	1024	0	842	993	72
1024	1024	0	1050	1001	75
1280	1024	0	1273	1010	78
1536	1024	0	1471	1018	83
1792	1024	0	1671	1027	86
2048	1024	0	1876	1035	89
2303	1024	0	2087	1044	93
2559	1024	0	2321	1051	96
2815	1024	0	2517	1060	100
3071	1024	0	2719	1069	103
3327	1024	0	2925	1076	108
3583	1024	0	3133	1085	111
3839	1024	0	3343	1094	114
4095	1024	0	3545	1103	118
0	1280	0	239	1215	76
256	1280	0	466	1224	80
512	1280	0	680	1232	83
768	1280	0	887	1241	87
1024	1280	0	1098	1249	90
1280	1280	0	1321	1257	94
1536	1280	0	1513	1265	97
1792	1280	0	1715	1272	100
2048	1280	0	1921	1280	104
2303	1280	0	2138	1288	107
2559	1280	0	2366	1296	111
2815	1280	0	2558	1303	114
3071	1280	0	2763	1310	119
3327	1280	0	2969	1318	122
3583	1280	0	3179	1326	125
3839	1280	0	3386	1334	129
4095	1280	0	3589	1342	132
0	1536	0	287	1446	90
256	1536	0	515	1453	94
512	1536	0	724	1461	98
768	1536	0	930	1469	101
1024	1536	0	1145	1477	105
1280	1536	0	1362	1484	109
1536	1536	0	1554	1492	112
1792	1536	0	1759	1500	115
2048	1536	0	1966	1508	118
2303	1536	0	2189	1516	121
2559	1536	0	2407	1524	125
2815	1536	0	2603	1532	130
3071	1536	0	2808	1539	133
3327	1536	0	3015	1547	136
3583	1536	0	3224	1555	140
3839	1536	0	3430	1563	143
4095	1536	0	3633	1571	146
0	1792	0	335	1676	105
256	1792	0	563	1685	109
512	1792	0	768	1692	112
768	1792	0	976	1701	116
1024	1792	0	1192	1709	120
1280	1792	0	1403	1717	123
1536	1792	0	1598	1724	126
1792	1792	0	1803	1732	129
2048	1792	0	2011	1740	132
2303	1792	0	2239	1748	136
2559	1792	0	2450	1756	140
2815	1792	0	2647	1764	143
3071	1792	0	2853	1772	147
3327	1792	0	3059	1780	151
3583	1792	0	3270	1787	154
3839	1792	0	3473	1795	157
4095	1792	0	3678	1803	159
0	2048	0	384	1910	120
256	2048	0	606	1918	123
512	2048	0	813	1927	127
768	2048	0	1020	1934	130
1024	2048	0	1242	1943	134
1280	2048	0	1445	1951	137
1536	2048	0	1642	1959	140
1792	2048	0	1848	1966	144
2048	2048	0	2055	1975	147
2303	2048	0	2290	1984	151
2559	2048	0	2490	1991	154
2815	2048	0	2691	2000	157
3071	2048	0	2897	2008	161
3327	2048	0	3105	2017	164
3583	2048	0	3315	2025	168
3839	2048	0	3518	2034	171
4095	2048	0	3722	2043	174
0	2303	0	433	2156	134
256	2303	0	652	2164	137
512	2303	0	858	2173	141
768	2303	0	1066	2182	144
1024	2303	0	1290	2190	148
1280	2303	0	1487	2199	151
1536	2303	0	1687	2208	155
1792	2303	0	1893	2217	158
2048	2303	0	2106	2224	162
2303	2303	0	2340	2233	165
2559	2303	0	2533	2241	168
2815	2303	0	2736	2248	171
3071	2303	0	2943	2256	175
3327	2303	0	3150	2265	178
3583	2303	0	3360	2273	182
3839	2303	0	3562	2280	186
4095	2303	0	3768	2288	187
0	2559	0	482	2397	148
256	2559	0	696	2406	152
512	2559	0	903	2414	155
768	2559	0	1114	2422	158
1024	2559	0	1337	2430	162
1280	2559	0	1528	2438	165
1536	2559	0	1732	2446	169
1792	2559	0	1938	2455	173
2048	2559	0	2157	2463	176
2303	2559	0	2382	2470	179
2559	2559	0	2574	2478	182
2815	2559	0	2781	2487	186
3071	2559	0	2987	2494	188
3327	2559	0	3196	2501	192
3583	2559	0	3403	2509	195
3839	2559	0	3607	2518	196
4095	2559	0	3813	2524	200
0	2815	0	531	2631	162
256	2815	0	740	2639	166
512	2815	0	947	2648	169
768	2815	0	1163	2655	172
1024	2815	0	1377	2663	176
1280	2815	0	1570	2671	179
1536	2815	0	1776	2679	183
1792	2815	0	1983	2687	186
2048	2815	0	2207	2695	190
2303	2815	0	2424	2703	193
2559	2815	0	2619	2710	196
2815	2815	0	2824	2718	198
3071	2815	0	3032	2725	202
3327	2815	0	3241	2732	206
3583	2815	0	3447	2741	209
3839	2815	0	3651	2749	209
4095	2815	0	3856	2756	212
0	3071	0	578	2864	176
256	3071	0	784	2872	179
512	3071	0	992	2881	182
768	3071	0	1213	2889	186
1024	3071	0	1422	2896	189
1280	3071	0	1614	2904	193
1536	3071	0	1820	2913	196
1792	3071	0	2027	2920	200
2048	3071	0	2259	2929	203
2303	3071	0	2465	2937	206
2559	3071	0	2663	2945	210
2815	3071	0	2869	2952	213
3071	3071	0	3076	2959	216
3327	3071	0	3286	2967	219
3583	3071	0	3491	2974	222
3839	3071	0	3696	2982	224
4095	3071	0	3897	2989	226
0	3327	0	622	3099	189
256	3327	0	829	3106	193
512	3327	0	1036	3115	196
768	3327	0	1264	3123	200
1024	3327	0	1463	3131	203
1280	3327	0	1659	3138	207
1536	3327	0	1864	3147	210
1792	3327	0	2073	3155	213
2048	3327	0	2310	3162	216
2303	3327	0	2508	3170	219
2559	3327	0	2707	3178	222
2815	3327	0	2914	3186	226
3071	3327	0	3122	3192	230
3327	3327	0	3330	3201	233
3583	3327	0	3535	3209	235
3839	3327	0	3741	3215	236
4095	3327	0	3938	3222	239
0	3583	0	666	3333	203
256	3583	0	873	3341	206
512	3583	0	1084	3348	209
768	3583	0	1310	3357	213
1024	3583	0	1502	3365	215
1280	3583	0	1703	3373	219
1536	3583	0	1910	3380	223
1792	3583	0	2124	3388	226
2048	3583	0	2357	3396	229
2303	3583	0	2548	3403	233
2559	3583	0	2752	3411	237
2815	3583	0	2959	3419	240
3071	3583	0	3168	3427	243
3327	3583	0	3375	3433	247
3583	3583	0	3578	3442	250
3839	3583	0	3785	3449	249
4095	3583	0	3979	3455	254
0	3839	0	710	3568	213
256	3839	0	918	3576	217
512	3839	0	1131	3584	222
768	3839	0	1352	3591	225
1024	3839	0	1542	3600	228
1280	3839	0	1747	3608	231
1536	3839	0	1953	3616	235
1792	3839	0	2175	3623	238
2048	3839	0	2398	3631	242
2303	3839	0	2590	3639	246
2559	3839	0	2796	3646	249
2815	3839	0	3003	3654	253
3071	3839	0	3212	3662	256
3327	3839	0	3419	3670	260
3583	3839	0	3622	3677	263
3839	3839	0	3828	3684	264
4095	3839	0	4020	3691	269
0	4095	0	754	3803	225
256	4095	0	961	3810	230
512	4095	0	1178	3818	233
768	4095	0	1392	3825	236
1024	4095	0	1585	3832	240
1280	4095	0	1790	3840	243
1536	4095	0	1998	3848	246
1792	4095	0	2225	3856	250
2048	4095	0	2440	3863	255
2303	4095	0	2633	3871	258
2559	4095	0	2840	3878	261
2815	4095	0	3048	3886	265
3071	4095	0	3257	3893	268
3327	4095	0	3462	3901	272
3583	4095	0	3667	3908	275
3839	4095	0	3869	3914	279
4095	4095	0	4060	3920	284
0	0	256	2	6	213
256	0	256	225	15	217
512	0	256	453	22	221
768	0	256	670	31	224
1024	0	256	876	39	227
1280	0	256	1086	48	230
1536	0	256	1310	56	234
1792	0	256	1503	64	237
2048	0	256	1705	73	240
2303	0	256	1910	81	243
2559	0	256	2125	91	247
2815	0	256	2355	99	250
3071	0	256	2548	108	255
3327	0	256	2752	116	258
3583	0	256	2958	125	261
3839	0	256	3167	134	265
4095	0	256	3374	143	268
0	256	256	49	256	228
256	256	256	273	264	231
512	256	256	502	273	233
768	256	256	713	281	236
1024	256	256	921	290	239
1280	256	256	1134	299	243
1536	256	256	1353	308	247
1792	256	256	1544	315	251
2048	256	256	1748	324	254
2303	256	256	1954	333	257
2559	256	256	2176	340	260
2815	256	256	2397	349	264
3071	256	256	2591	358	268
3327	256	256	2796	367	271
3583	256	256	3004	374	275
3839	256	256	3212	383	278
4095	256	256	3419	392	281
0	512	256	98	507	241
256	512	256	323	514	244
512	512	256	551	523	247
768	512	256	758	531	249
1024	512	256	965	539	253
1280	512	256	1183	548	257
1536	512	256	1394	556	261
1792	512	256	1588	564	264
2048	512	256	1793	571	267
2303	512	256	2000	579	271
2559	512	256	2227	588	275
2815	512	256	2440	595	278
3071	512	256	2636	603	281
3327	512	256	2842	611	285
3583	512	256	3048	620	288
3839	512	256	3259	627	292
4095	512	256	3463	636	295
0	768	256	145	744	255
256	768	256	372	752	258
512	768	256	595	759	261
768	768	256	803	768	265
1024	768	256	1011	776	268
1280	768	256	1230	784	271
1536	768	256	1436	792	274
1792	768	256	1632	800	278
2048	768	256	1838	808	281
2303	768	256	2044	816	285
2559	768	256	2277	824	288
2815	768	256	2481	832	292
3071	768	256	2681	839	295
3327	768	256	2886	848	299
3583	768	256	3094	855	302
3839	768	256	3303	864	305
4095	768	256	3507	871	310
0	1024	256	194	979	269
256	1024	256	420	987	272
512	1024	256	640	996	276
768	1024	256	846	1003	279
1024	1024	256	1055	1011	283
1280	1024	256	1279	1020	285
1536	1024	256	1477	1027	288
1792	1024	256	1676	1036	292
2048	1024	256	1882	1045	295
2303	1024	256	2093	1053	299
2559	1024	256	2328	1061	302
2815	1024	256	2523	1070	306
3071	1024	256	2725	1078	309
3327	1024	256	2931	1086	313
3583	1024	256	3139	1094	316
3839	1024	256	3348	1103	320
4095	1024	256	3551	1114	323
0	1280	256	241	1225	282
256	1280	256	470	1233	287
512	1280	256	684	1242	290
768	1280	256	892	1251	293
1024	1280	256	1103	1258	297
1280	1280	256	1327	1268	300
1536	1280	256	1518	1275	302
1792	1280	256	1720	1282	306
2048	1280	256	1927	1290	309
2303	1280	256	2143	1298	313
2559	1280	256	2373	1306	316
2815	1280	256	2564	1313	320
3071	1280	256	2769	1321	323
3327	1280	256	2975	1329	326
3583	1280	256	3185	1336	330
3839	1280	256	3392	1344	334
4095	1280	256	3595	1355	336
0	1536	256	289	1455	297
256	1536	256	518	1463	300
512	1536	256	728	1471	304
768	1536	256	935	1479	307
1024	1536	256	1150	1487	311
1280	1536	256	1367	1494	314
1536	1536	256	1559	1501	318
1792	1536	256	1765	1510	320
2048	1536	256	1972	1518	323
2303	1536	256	2195	1526	326
2559	1536	256	2414	1534	330
2815	1536	256	2609	1543	334
3071	1536	256	2814	1549	337
3327	1536	256	3021	1557	341
3583	1536	256	3229	1565	345
3839	1536	256	3436	1573	348
4095	1536	256	3639	1581	350
0	1792	256	337	1687	311
256	1792	256	566	1696	314
512	1792	256	772	1703	318
768	1792	256	980	1711	321
1024	1792	256	1197	1719	324
1280	1792	256	1408	1727	328
1536	1792	256	1603	1735	332
1792	1792	256	1809	1742	334
2048	1792	256	2016	1751	338
2303	1792	256	2245	1758	341
2559	1792	256	2456	1767	344
2815	1792	256	2652	1775	347
3071	1792	256	2859	1783	352
3327	1792	256	3065	1790	355
3583	1792	256	3275	1798	359
3839	1792	256	3479	1806	362
4095	1792	256	3684	1813	364
0	2048	256	387	1921	325
256	2048	256	610	1929	328
512	2048	256	817	1937	331
768	2048	256	1025	1945	335
1024	2048	256	1247	1953	339
1280	2048	256	1450	1962	342
1536	2048	256	1647	1969	345
1792	2048	256	1853	1976	349
2048	2048	256	2060	1985	352
2303	2048	256	2295	1993	354
2559	2048	256	2496	2001	358
2815	2048	256	2697	2010	362
3071	2048	256	2903	2019	365
3327	2048	256	3111	2028	369
3583	2048	256	3320	2036	372
3839	2048	256	3523	2045	376
4095	2048	256	3728	2053	378
0	2303	256	436	2167	338
256	2303	256	655	2175	342
512	2303	256	861	2184	345
768	2303	256	1071	2193	348
1024	2303	256	1295	2201	352
1280	2303	256	1492	2210	356
1536	2303	256	1692	2219	359
1792	2303	256	1898	2227	363
2048	2303	256	2111	2235	366
2303	2303	256	2346	2243	369
2559	2303	256	2539	2251	372
2815	2303	256	2742	2259	375
3071	2303	256	2949	2268	379
3327	2303	256	3156	2276	383
3583	2303	256	3365	2284	386
3839	2303	256	3567	2292	389
4095	2303	256	3773	2299	391
0	2559	256	485	2408	352
256	2559	256	699	2416	356
512	2559	256	907	2424	359
768	2559	256	1118	2432	363
1024	2559	256	1341	2441	366
1280	2559	256	1532	2448	369
1536	2559	256	1737	2456	373
1792	2559	256	1943	2465	377
2048	2559	256	2163	2473	380
2303	2559	256	2387	2480	384
2559	2559	256	2580	2489	386
2815	2559	256	2787	2497	390
3071	2559	256	2993	2504	393
3327	2559	256	3202	2512	396
3583	2559	256	3408	2520	400
3839	2559	256	3612	2528	402
4095	2559	256	3818	2534	406
0	2815	256	534	2641	366
256	2815	256	744	2649	369
512	2815	256	951	2658	373
768	2815	256	1167	2665	377
1024	2815	256	1382	2673	380
1280	2815	256	1574	2681	383
1536	2815	256	1781	2689	387
1792	2815	256	1988	2697	390
2048	2815	256	2212	2705	395
2303	2815	256	2429	2713	398
2559	2815	256	2624	2720	401
2815	2815	256	2829	2727	404
3071	2815	256	3038	2736	407
3327	2815	256	3246	2743	410
3583	2815	256	3452	2751	414
3839	2815	256	3656	2759	416
4095	2815	256	3861	2766	419
0	3071	256	581	2874	380
256	3071	256	787	2882	384
512	3071	256	995	2891	387
768	3071	256	1216	2899	390
1024	3071	256	1425	2906	394
1280	3071	256	1618	2914	398
1536	3071	256	1825	2923	401
1792	3071	256	2032	2930	405
2048	3071	256	2264	2939	408
2303	3071	256	2470	2947	411
2559	3071	256	2668	2955	415
2815	3071	256	2873	2962	419
3071	3071	256	3081	2969	421
3327	3071	256	3292	2977	424
3583	3071	256	3496	2984	429
3839	3071	256	3701	2992	430
4095	3071	256	3901	3000	434
0	3327	256	625	3109	394
256	3327	256	832	3116	397
512	3327	256	1039	3124	401
768	3327	256	1265	3133	404
1024	3327	256	1466	3140	408
1280	3327	256	1663	3148	411
1536	3327	256	1869	3157	415
1792	3327	256	2079	3165	419
2048	3327	256	2315	3172	422
2303	3327	256	2512	3180	425
2559	3327	256	2712	3188	429
2815	3327	256	2919	3196	432
3071	3327	256	3126	3203	436
3327	3327	256	3336	3210	439
3583	3327	256	3540	3218	441
3839	3327	256	3745	3225	443
4095	3327	256	3943	3233	446
0	3583	256	669	3343	408
256	3583	256	876	3351	411
512	3583	256	1087	3358	415
768	3583	256	1314	3366	419
1024	3583	256	1507	3375	422
1280	3583	256	1707	3383	426
1536	3583	256	1915	3390	429
1792	3583	256	2129	3399	433
2048	3583	256	2363	3407	436
2303	3583	256	2553	3414	440
2559	3583	256	2758	3422	441
2815	3583	256	2964	3429	444
3071	3583	256	3173	3437	449
3327	3583	256	3380	3443	453
3583	3583	256	3583	3452	456
3839	3583	256	3791	3459	456
4095	3583	256	3984	3466	460
0	3839	256	713	3578	421
256	3839	256	922	3587	425
512	3839	256	1136	3595	429
768	3839	256	1361	3602	432
1024	3839	256	1547	3610	436
1280	3839	256	1751	3618	437
1536	3839	256	1958	3626	441
1792	3839	256	2180	3634	444
2048	3839	256	2404	3642	447
2303	3839	256	2595	3650	451
2559	3839	256	2801	3656	454
2815	3839	256	3008	3664	459
3071	3839	256	3217	3672	462
3327	3839	256	3424	3680	465
3583	3839	256	3627	3687	468
3839	3839	256	3834	3695	471
4095	3839	256	4025	3701	474
0	4095	256	758	3813	435
256	4095	256	965	3820	436
512	4095	256	1184	3827	440
768	4095	256	1399	3835	444
1024	4095	256	1589	3842	447
1280	4095	256	1794	3850	451
1536	4095	256	2002	3858	454
1792	4095	256	2230	3866	457
2048	4095	256	2445	3873	461
2303	4095	256	2638	3880	464
2559	4095	256	2845	3888	468
2815	4095	256	3052	3895	472
3071	4095	256	3262	3903	475
3327	4095	256	3467	3911	479
3583	4095	256	3672	3918	482
3839	4095	256	3874	3923	485
4095	4095	256	4064	3929	489
0	0	512	4	13	419
256	0	512	228	21	423
512	0	512	456	29	426
768	0	512	673	38	429
1024	0	512	880	46	432
1280	0	512	1091	55	436
1536	0	512	1315	63	440
1792	0	512	1509	72	442
2048	0	512	1710	80	447
2303	0	512	1916	88	451
2559	0	512	2130	97	453
2815	0	512	2361	106	456
3071	0	512	2553	115	459
3327	0	512	2757	124	462
3583	0	512	2963	132	466
3839	0	512	3172	141	470
4095	0	512	3380	149	474
0	256	512	51	263	435
256	256	512	276	271	436
512	256	512	505	281	439
768	256	512	717	289	442
1024	256	512	925	298	446
1280	256	512	1138	306	450
1536	256	512	1357	315	453
1792	256	512	1549	323	455
2048	256	512	1753	332	459
2303	256	512	1959	340	462
2559	256	512	2181	348	465
2815	256	512	2402	357	469
3071	256	512	2597	366	472
3327	256	512	2802	375	476
3583	256	512	3009	382	480
3839	256	512	3218	391	483
4095	256	512	3424	400	486
0	512	512	100	515	447
256	512	512	325	523	450
512	512	512	554	531	452
768	512	512	762	541	455
1024	512	512	970	548	458
1280	512	512	1187	556	461
1536	512	512	1399	564	466
1792	512	512	1593	572	469
2048	512	512	1798	579	472
2303	512	512	2005	587	475
2559	512	512	2233	596	479
2815	512	512	2446	603	483
3071	512	512	2642	611	487
3327	512	512	2848	619	490
3583	512	512	3054	628	493
3839	512	512	3264	635	496
4095	512	512	3468	644	500
0	768	512	147	752	460
256	768	512	374	760	463
512	768	512	598	768	466
768	768	512	806	776	470
1024	768	512	1015	784	472
1280	768	512	1235	792	477
1536	768	512	1441	800	480
1792	768	512	1637	808	483
2048	768	512	1843	816	486
2303	768	512	2050	824	490
2559	768	512	2284	832	493
2815	768	512	2487	840	497
3071	768	512	2687	848	500
3327	768	512	2892	856	504
3583	768	512	3099	864	507
3839	768	512	3309	873	510
4095	768	512	3513	880	513
0	1024	512	196	988	474
256	1024	512	423	996	477
512	1024	512	644	1005	480
768	1024	512	851	1012	484
1024	1024	512	1059	1021	487
1280	1024	512	1283	1029	491
1536	1024	512	1481	1036	494
1792	1024	512	1682	1045	497
2048	1024	512	1887	1054	500
2303	1024	512	2098	1062	503
2559	1024	512	2334	1071	507
2815	1024	512	2529	1079	511
3071	1024	512	2731	1087	514
3327	1024	512	2937	1095	517
3583	1024	512	3144	1104	521
3839	1024	512	3353	1113	523
4095	1024	512	3556	1124	527
0	1280	512	244	1234	487
256	1280	512	473	1243	491
512	1280	512	687	1252	494
768	1280	512	896	1261	498
1024	1280	512	1107	1268	502
1280	1280	512	1331	1277	505
1536	1280	512	1523	1285	507
1792	1280	512	1725	1291	510
2048	1280	512	1932	1299	513
2303	1280	512	2149	1308	517
2559	1280	512	2379	1316	521
2815	1280	512	2570	1322	525
3071	1280	512	2775	1330	528
3327	1280	512	2981	1338	531
3583	1280	512	3190	1345	534
3839	1280	512	3396	1354	537
4095	1280	512	3600	1366	541
0	1536	512	292	1465	501
256	1536	512	521	1473	504
512	1536	512	732	1480	509
768	1536	512	939	1488	512
1024	1536	512	1155	1497	515
1280	1536	512	1372	1503	519
1536	1536	512	1563	1510	521
1792	1536	512	1770	1519	524
2048	1536	512	1977	1527	528
2303	1536	512	2200	1535	531
2559	1536	512	2419	1543	535
2815	1536	512	2614	1552	538
3071	1536	512	2819	1558	541
3327	1536	512	3026	1566	545
3583	1536	512	3234	1574	548
3839	1536	512	3440	1582	552
4095	1536	512	3644	1591	555
0	1792	512	340	1696	515
256	1792	512	569	1705	518
512	1792	512	776	1712	522
768	1792	512	984	1720	525
1024	1792	512	1202	1728	529
1280	1792	512	1413	1736	532
1536	1792	512	1607	1744	535
1792	1792	512	1814	1752	539
2048	1792	512	2021	1760	542
2303	1792	512	2250	1768	545
2559	1792	512	2461	1776	548
2815	1792	512	2657	1784	551
3071	1792	512	2863	1792	555
3327	1792	512	3070	1799	558
3583	1792	512	3280	1807	562
3839	1792	512	3484	1815	566
4095	1792	512	3689	1822	569
0	2048	512	390	1930	529
256	2048	512	613	1939	532
512	2048	512	820	1947	536
768	2048	512	1029	1955	539
1024	2048	512	1251	1963	542
1280	2048	512	1454	1971	545
1536	2048	512	1652	1979	550
1792	2048	512	1857	1986	553
2048	2048	512	2064	1994	556
2303	2048	512	2300	2003	558
2559	2048	512	2501	2011	562
2815	2048	512	2702	2020	565
3071	2048	512	2908	2029	568
3327	2048	512	3116	2037	573
3583	2048	512	3325	2045	576
3839	2048	512	3528	2054	579
4095	2048	512	3733	2063	582
0	2303	512	439	2177	543
256	2303	512	658	2185	546
512	2303	512	864	2194	549
768	2303	512	1075	2203	553
1024	2303	512	1299	2211	556
1280	2303	512	1496	2220	559
1536	2303	512	1696	2228	563
1792	2303	512	1903	2237	567
2048	2303	512	2116	2245	570
2303	2303	512	2351	2253	573
2559	2303	512	2544	2261	576
2815	2303	512	2746	2269	579
3071	2303	512	2953	2277	583
3327	2303	512	3161	2285	586
3583	2303	512	3370	2294	589
3839	2303	512	3572	2301	593
4095	2303	512	3778	2309	596
0	2559	512	488	2418	556
256	2559	512	702	2426	559
512	2559	512	910	2434	563
768	2559	512	1122	2442	566
1024	2559	512	1345	2451	569
1280	2559	512	1537	2458	573
1536	2559	512	1741	2466	577
1792	2559	512	1948	2474	580
2048	2559	512	2167	2482	583
2303	2559	512	2393	2489	587
2559	2559	512	2584	2498	589
2815	2559	512	2791	2506	593
3071	2559	512	2998	2513	596
3327	2559	512	3207	2521	600
3583	2559	512	3413	2529	603
3839	2559	512	3617	2537	606
4095	2559	512	3823	2544	610
0	2815	512	536	2651	570
256	2815	512	747	2659	573
512	2815	512	954	2667	576
768	2815	512	1171	2674	580
1024	2815	512	1386	2682	584
1280	2815	512	1578	2691	587
1536	2815	512	1784	2698	590
1792	2815	512	1992	2706	594
2048	2815	512	2217	2714	597
2303	2815	512	2433	2722	601
2559	2815	512	2628	2729	605
2815	2815	512	2834	2737	607
3071	2815	512	3043	2745	610
3327	2815	512	3251	2752	613
3583	2815	512	3457	2760	617
3839	2815	512	3661	2768	620
4095	2815	512	3866	2775	623
0	3071	512	584	2884	583
256	3071	512	790	2892	586
512	3071	512	999	2900	590
768	3071	512	1218	2908	594
1024	3071	512	1428	2916	597
1280	3071	512	1622	2924	601
1536	3071	512	1829	2932	604
1792	3071	512	2037	2939	607
2048	3071	512	2269	2947	610
2303	3071	512	2474	2955	615
2559	3071	512	2672	2964	618
2815	3071	512	2879	2971	621
3071	3071	512	3086	2978	624
3327	3071	512	3297	2986	627
3583	3071	512	3500	2993	631
3839	3071	512	3705	3001	633
4095	3071	512	3905	3009	637
0	3327	512	627	3118	596
256	3327	512	835	3125	600
512	3327	512	1043	3133	604
768	3327	512	1267	3142	607
1024	3327	512	1468	3150	611
1280	3327	512	1667	3157	614
1536	3327	512	1874	3166	618
1792	3327	512	2083	3173	621
2048	3327	512	2320	3181	625
2303	3327	512	2517	3189	629
2559	3327	512	2717	3197	632
2815	3327	512	2924	3205	635
3071	3327	512	3132	3212	638
3327	3327	512	3341	3219	641
3583	3327	512	3545	3228	643
3839	3327	512	3750	3234	648
4095	3327	512	3948	3241	651
0	3583	512	672	3352	610
256	3583	512	879	3360	614
512	3583	512	1091	3367	618
768	3583	512	1319	3375	621
1024	3583	512	1511	3384	624
1280	3583	512	1711	3392	627
1536	3583	512	1919	3399	631
1792	3583	512	2134	3408	636
2048	3583	512	2368	3415	638
2303	3583	512	2558	3423	642
2559	3583	512	2762	3431	645
2815	3583	512	2968	3438	650
3071	3583	512	3177	3446	652
3327	3583	512	3385	3453	656
3583	3583	512	3587	3461	658
3839	3583	512	3796	3468	660
4095	3583	512	3989	3474	664
0	3839	512	716	3587	624
256	3839	512	925	3595	628
512	3839	512	1141	3603	631
768	3839	512	1368	3611	635
1024	3839	512	1551	3619	638
1280	3839	512	1755	3628	641
1536	3839	512	1962	3636	646
1792	3839	512	2184	3643	649
2048	3839	512	2408	3651	652
2303	3839	512	2600	3658	656
2559	3839	512	2806	3665	659
2815	3839	512	3013	3674	661
3071	3839	512	3221	3682	664
3327	3839	512	3428	3689	668
3583	3839	512	3631	3696	672
3839	3839	512	3838	3704	675
4095	3839	512	4030	3710	677
0	4095	512	760	3821	638
256	4095	512	969	3828	642
512	4095	512	1189	3836	645
768	4095	512	1404	3844	649
1024	4095	512	1593	3851	652
1280	4095	512	1799	3859	656
1536	4095	512	2007	3867	658
1792	4095	512	2234	3875	661
2048	4095	512	2450	3882	665
2303	4095	512	2643	3889	668
2559	4095	512	2849	3897	671
2815	4095	512	3057	3903	674
3071	4095	512	3266	3911	679
3327	4095	512	3471	3919	683
3583	4095	512	3676	3926	686
3839	4095	512	3878	3932	689
4095	4095	512	4068	3938	692
0	0	768	6	18	623
256	0	768	230	27	625
512	0	768	458	35	628
768	0	768	676	44	632
1024	0	768	883	53	636
1280	0	768	1095	62	639
1536	0	768	1319	70	642
1792	0	768	1513	78	645
2048	0	768	1714	87	648
2303	0	768	1920	95	652
2559	0	768	2135	105	656
2815	0	768	2366	113	659
3071	0	768	2558	122	663
3327	0	768	2762	130	666
3583	0	768	2968	138	670
3839	0	768	3177	148	673
4095	0	768	3384	156	676
0	256	768	54	270	637
256	256	768	278	279	638
512	256	768	508	288	642
768	256	768	719	296	645
1024	256	768	928	305	649
1280	256	768	1141	314	652
1536	256	768	1361	323	655
1792	256	768	1553	330	659
2048	256	768	1758	339	662
2303	256	768	1963	348	666
2559	256	768	2186	356	669
2815	256	768	2408	365	672
3071	256	768	2601	373	674
3327	256	768	2806	382	677
3583	256	768	3014	390	681
3839	256	768	3222	399	686
4095	256	768	3429	407	689
0	512	768	102	522	650
256	512	768	327	530	653
512	512	768	557	538	656
768	512	768	765	548	658
1024	512	768	973	555	662
1280	512	768	1191	564	666
1536	512	768	1403	572	669
1792	512	768	1597	580	672
2048	512	768	1803	586	675
2303	512	768	2009	595	678
2559	512	768	2238	603	681
2815	512	768	2451	611	685
3071	512	768	2646	619	689
3327	512	768	2852	627	692
3583	512	768	3059	635	696
3839	512	768	3268	643	699
4095	512	768	3473	651	702
0	768	768	150	760	664
256	768	768	377	768	667
512	768	768	602	775	670
768	768	768	809	783	673
1024	768	768	1019	793	675
1280	768	768	1239	800	678
1536	768	768	1445	807	681
1792	768	768	1641	815	685
2048	768	768	1848	824	688
2303	768	768	2054	831	691
2559	768	768	2289	839	696
2815	768	768	2492	848	699
3071	768	768	2691	855	702
3327	768	768	2897	863	706
3583	768	768	3104	872	709
3839	768	768	3313	880	712
4095	768	768	3517	887	715
0	1024	768	198	996	677
256	1024	768	425	1004	679
512	1024	768	646	1013	683
768	1024	768	853	1020	687
1024	1024	768	1062	1029	690
1280	1024	768	1287	1037	692
1536	1024	768	1485	1044	697
1792	1024	768	1686	1053	699
2048	1024	768	1891	1061	702
2303	1024	768	2103	1070	706
2559	1024	768	2340	1078	709
2815	1024	768	2534	1087	712
3071	1024	768	2735	1096	716
3327	1024	768	2942	1103	719
3583	1024	768	3149	1112	723
3839	1024	768	3358	1121	725
4095	1024	768	3561	1131	729
0	1280	768	246	1242	690
256	1280	768	475	1251	693
512	1280	768	690	1260	697
768	1280	768	899	1269	700
1024	1280	768	1111	1276	703
1280	1280	768	1336	1284	708
1536	1280	768	1527	1292	710
1792	1280	768	1730	1299	712
2048	1280	768	1937	1307	716
2303	1280	768	2154	1315	719
2559	1280	768	2383	1324	722
2815	1280	768	2575	1331	727
3071	1280	768	2780	1338	730
3327	1280	768	2986	1346	733
3583	1280	768	3194	1353	736
3839	1280	768	3401	1362	739
4095	1280	768	3605	1371	743
0	1536	768	294	1473	704
256	1536	768	524	1480	707
512	1536	768	735	1488	710
768	1536	768	943	1496	713
1024	1536	768	1158	1504	717
1280	1536	768	1376	1511	721
1536	1536	768	1567	1519	724
1792	1536	768	1773	1527	726
2048	1536	768	1981	1534	729
2303	1536	768	2205	1543	732
2559	1536	768	2423	1551	737
2815	1536	768	2618	1559	739
3071	1536	768	2823	1566	743
3327	1536	768	3030	1574	746
3583	1536	768	3239	1582	750
3839	1536	768	3445	1590	753
4095	1536	768	3649	1598	756
0	1792	768	343	1704	717
256	1792	768	571	1713	720
512	1792	768	778	1720	723
768	1792	768	987	1728	727
1024	1792	768	1205	1737	730
1280	1792	768	1417	1745	734
1536	1792	768	1611	1752	737
1792	1792	768	1818	1761	740
2048	1792	768	2025	1769	742
2303	1792	768	2254	1776	747
2559	1792	768	2465	1784	750
2815	1792	768	2661	1792	753
3071	1792	768	2868	1800	756
3327	1792	768	3075	1807	760
3583	1792	768	3285	1815	763
3839	1792	768	3489	1823	766
4095	1792	768	3694	1831	770
0	2048	768	392	1939	730
256	2048	768	615	1947	733
512	2048	768	823	1955	737
768	2048	768	1032	1963	741
1024	2048	768	1254	1971	744
1280	2048	768	1457	1979	747
1536	2048	768	1655	1987	751
1792	2048	768	1862	1995	754
2048	2048	768	2069	2002	757
2303	2048	768	2305	2012	760
2559	2048	768	2506	2019	764
2815	2048	768	2706	2028	767
3071	2048	768	2912	2037	770
3327	2048	768	3121	2045	773
3583	2048	768	3329	2053	776
3839	2048	768	3533	2062	781
4095	2048	768	3737	2071	784
0	2303	768	441	2185	743
256	2303	768	661	2194	747
512	2303	768	868	2203	751
768	2303	768	1078	2212	754
1024	2303	768	1302	2220	758
1280	2303	768	1500	2229	761
1536	2303	768	1700	2237	764
1792	2303	768	1908	2246	767
2048	2303	768	2121	2254	771
2303	2303	768	2356	2262	774
2559	2303	768	2547	2271	777
2815	2303	768	2750	2278	780
3071	2303	768	2958	2286	783
3327	2303	768	3165	2293	786
3583	2303	768	3375	2302	791
3839	2303	768	3577	2310	794
4095	2303	768	3783	2317	797
0	2559	768	491	2426	758
256	2559	768	705	2435	761
512	2559	768	913	2442	764
768	2559	768	1126	2451	768
1024	2559	768	1349	2459	771
1280	2559	768	1541	2466	774
1536	2559	768	1745	2474	777
1792	2559	768	1952	2482	781
2048	2559	768	2172	2490	785
2303	2559	768	2397	2498	788
2559	2559	768	2589	2506	791
2815	2559	768	2795	2514	793
3071	2559	768	3002	2521	796
3327	2559	768	3211	2529	801
3583	2559	768	3418	2537	804
3839	2559	768	3621	2545	808
4095	2559	768	3827	2552	811
0	2815	768	539	2659	771
256	2815	768	750	2668	774
512	2815	768	958	2676	777
768	2815	768	1174	2683	781
1024	2815	768	1390	2691	784
1280	2815	768	1582	2699	787
1536	2815	768	1789	2706	792
1792	2815	768	1996	2714	795
2048	2815	768	2222	2723	798
2303	2815	768	2438	2730	802
2559	2815	768	2632	2737	805
2815	2815	768	2839	2745	807
3071	2815	768	3047	2753	811
3327	2815	768	3256	2760	814
3583	2815	768	3462	2768	818
3839	2815	768	3665	2776	821
4095	2815	768	3869	2783	824
0	3071	768	586	2892	784
256	3071	768	793	2900	787
512	3071	768	1002	2908	791
768	3071	768	1221	2917	794
1024	3071	768	1431	2924	797
1280	3071	768	1626	2932	801
1536	3071	768	1833	2941	805
1792	3071	768	2041	2948	808
2048	3071	768	2273	2956	812
2303	3071	768	2479	2964	815
2559	3071	768	2677	2972	818
2815	3071	768	2884	2978	822
3071	3071	768	3091	2987	825
3327	3071	768	3302	2995	828
3583	3071	768	3505	3001	831
3839	3071	768	3709	3009	834
4095	3071	768	3909	3017	838
0	3327	768	630	3126	797
256	3327	768	838	3134	801
512	3327	768	1046	3141	804
768	3327	768	1270	3150	808
1024	3327	768	1472	3158	812
1280	3327	768	1671	3165	815
1536	3327	768	1877	3174	819
1792	3327	768	2087	3182	822
2048	3327	768	2324	3189	825
2303	3327	768	2521	3197	828
2559	3327	768	2721	3205	833
2815	3327	768	2928	3213	836
3071	3327	768	3136	3220	840
3327	3327	768	3346	3228	841
3583	3327	768	3549	3236	844
3839	3327	768	3753	3242	847
4095	3327	768	3951	3249	851
0	3583	768	675	3360	811
256	3583	768	882	3368	814
512	3583	768	1094	3376	818
768	3583	768	1321	3384	822
1024	3583	768	1514	3392	825
1280	3583	768	1715	3400	828
1536	3583	768	1922	3408	832
1792	3583	768	2137	3416	835
2048	3583	768	2372	3423	838
2303	3583	768	2561	3431	843
2559	3583	768	2766	3438	846
2815	3583	768	2972	3446	850
3071	3583	768	3181	3455	853
3327	3583	768	3389	3461	856
3583	3583	768	3592	3468	857
3839	3583	768	3799	3476	861
4095	3583	768	3992	3482	866
0	3839	768	719	3595	825
256	3839	768	928	3603	828
512	3839	768	1143	3612	832
768	3839	768	1368	3619	835
1024	3839	768	1555	3627	839
1280	3839	768	1759	3635	842
1536	3839	768	1966	3644	845
1792	3839	768	2189	3651	849
2048	3839	768	2412	3659	852
2303	3839	768	2603	3667	856
2559	3839	768	2809	3673	859
2815	3839	768	3017	3681	862
3071	3839	768	3225	3689	866
3327	3839	768	3432	3697	869
3583	3839	768	3636	3703	872
3839	3839	768	3841	3711	876
4095	3839	768	4033	3717	878
0	4095	768	763	3829	838
256	4095	768	971	3836	842
512	4095	768	1191	3844	846
768	4095	768	1405	3852	849
1024	4095	768	1597	3859	852
1280	4095	768	1803	3867	856
1536	4095	768	2011	3874	859
1792	4095	768	2239	3882	863
2048	4095	768	2454	3889	866
2303	4095	768	2646	3897	869
2559	4095	768	2853	3905	872
2815	4095	768	3061	3911	875
3071	4095	768	3270	3919	878
3327	4095	768	3475	3926	882
3583	4095	768	3680	3933	886
3839	4095	768	3881	3939	890
4095	4095	768	4072	3945	892
0	0	1024	8	25	824
256	0	1024	233	33	826
512	0	1024	462	41	829
768	0	1024	679	50	832
1024	0	1024	887	59	836
1280	0	1024	1098	68	840
1536	0	1024	1323	76	844
1792	0	1024	1517	85	846
2048	0	1024	1718	94	850
2303	0	1024	1924	102	853
2559	0	1024	2140	111	856
2815	0	1024	2371	120	860
3071	0	1024	2562	129	864
3327	0	1024	2767	136	867
3583	0	1024	2973	145	870
3839	0	1024	3182	154	874
4095	0	1024	3389	162	877
0	256	1024	56	277	838
256	256	1024	280	286	839
512	256	1024	511	295	842
768	256	1024	723	303	846
1024	256	1024	931	311	850
1280	256	1024	1145	320	853
1536	256	1024	1365	329	856
1792	256	1024	1557	337	860
2048	256	1024	1762	346	863
2303	256	1024	1967	355	866
2559	256	1024	2190	362	869
2815	256	1024	2412	371	873
3071	256	1024	2606	380	876
3327	256	1024	2810	389	879
3583	256	1024	3018	396	883
3839	256	1024	3226	405	886
4095	256	1024	3434	414	890
0	512	1024	104	529	851
256	512	1024	330	537	854
512	512	1024	559	546	855
768	512	1024	768	555	860
1024	512	1024	977	562	863
1280	512	1024	1195	570	867
1536	512	1024	1406	578	870
1792	512	1024	1601	586	872
2048	512	1024	1806	594	876
2303	512	1024	2013	602	879
2559	512	1024	2241	610	884
2815	512	1024	2454	618	887
3071	512	1024	2650	626	889
3327	512	1024	2855	634	892
3583	512	1024	3062	642	894
3839	512	1024	3272	649	898
4095	512	1024	3477	658	903
0	768	1024	152	767	865
256	768	1024	380	775	868
512	768	1024	605	782	871
768	768	1024	813	790	874
1024	768	1024	1021	799	876
1280	768	1024	1242	806	880
1536	768	1024	1448	815	882
1792	768	1024	1644	823	886
2048	768	1024	1851	831	889
2303	768	1024	2058	838	892
2559	768	1024	2292	846	896
2815	768	1024	2495	854	900
3071	768	1024	2694	862	903
3327	768	1024	2900	870	906
3583	768	1024	3108	878	909
3839	768	1024	3317	887	913
4095	768	1024	3521	895	917
0	1024	1024	200	1003	878
256	1024	1024	428	1011	882
512	1024	1024	649	1020	884
768	1024	1024	856	1027	889
1024	1024	1024	1065	1035	890
1280	1024	1024	1290	1044	893
1536	1024	1024	1489	1052	896
1792	1024	1024	1689	1060	899
2048	1024	1024	1895	1069	903
2303	1024	1024	2107	1078	906
2559	1024	1024	2343	1085	910
2815	1024	1024	2537	1094	913
3071	1024	1024	2739	1102	916
3327	1024	1024	2945	1110	919
3583	1024	1024	3152	1119	924
3839	1024	1024	3361	1128	927
4095	1024	1024	3564	1137	931
0	1280	1024	248	1250	891
256	1280	1024	478	1259	894
512	1280	1024	693	1267	897
768	1280	1024	902	1276	900
1024	1280	1024	1114	1284	904
1280	1280	1024	1338	1292	907
1536	1280	1024	1530	1299	910
1792	1280	1024	1733	1307	914
2048	1280	1024	1941	1314	917
2303	1280	1024	2157	1323	920
2559	1280	1024	2387	1331	924
2815	1280	1024	2579	1338	926
3071	1280	1024	2783	1346	930
3327	1280	1024	2990	1353	934
3583	1280	1024	3198	1360	938
3839	1280	1024	3405	1368	941
4095	1280	1024	3609	1376	944
0	1536	1024	296	1480	905
256	1536	1024	526	1488	908
512	1536	1024	738	1496	911
768	1536	1024	946	1504	914
1024	1536	1024	1162	1511	917
1280	1536	1024	1379	1518	921
1536	1536	1024	1571	1526	925
1792	1536	1024	1777	1534	927
2048	1536	1024	1985	1542	931
2303	1536	1024	2208	1551	934
2559	1536	1024	2427	1558	937
2815	1536	1024	2622	1566	940
3071	1536	1024	2827	1574	944
3327	1536	1024	3034	1582	948
3583	1536	1024	3243	1590	951
3839	1536	1024	3450	1597	955
4095	1536	1024	3653	1605	958
0	1792	1024	345	1712	918
256	1792	1024	573	1720	921
512	1792	1024	781	1727	925
768	1792	1024	990	1736	928
1024	1792	1024	1209	1745	931
1280	1792	1024	1420	1752	935
1536	1792	1024	1615	1760	939
1792	1792	1024	1822	1769	942
2048	1792	1024	2029	1776	944
2303	1792	1024	2258	1783	947
2559	1792	1024	2469	1792	951
2815	1792	1024	2665	1800	955
3071	1792	1024	2872	1808	958
3327	1792	1024	3079	1815	962
3583	1792	1024	3288	1823	965
3839	1792	1024	3493	1831	968
4095	1792	1024	3697	1838	972
0	2048	1024	394	1946	932
256	2048	1024	617	1954	935
512	2048	1024	826	1963	938
768	2048	1024	1035	1970	941
1024	2048	1024	1258	1979	946
1280	2048	1024	1461	1987	949
1536	2048	1024	1659	1995	952
1792	2048	1024	1865	2002	956
2048	2048	1024	2073	2010	958
2303	2048	1024	2309	2020	962
2559	2048	1024	2509	2027	966
2815	2048	1024	2710	2036	969
3071	2048	1024	2916	2045	972
3327	2048	1024	3124	2053	976
3583	2048	1024	3333	2061	979
3839	2048	1024	3537	2070	982
4095	2048	1024	3741	2079	985
0	2303	1024	443	2194	945
256	2303	1024	663	2202	948
512	2303	1024	870	2211	951
768	2303	1024	1081	2220	956
1024	2303	1024	1306	2228	959
1280	2303	1024	1503	2236	963
1536	2303	1024	1704	2245	966
1792	2303	1024	1911	2254	969
2048	2303	1024	2125	2262	973
2303	2303	1024	2360	2271	976
2559	2303	1024	2551	2279	979
2815	2303	1024	2754	2286	982
3071	2303	1024	2961	2294	986
3327	2303	1024	3169	2302	989
3583	2303	1024	3378	2310	992
3839	2303	1024	3580	2317	996
4095	2303	1024	3786	2326	1000
0	2559	1024	493	2433	959
256	2559	1024	707	2442	962
512	2559	1024	916	2450	966
768	2559	1024	1128	2458	970
1024	2559	1024	1352	2466	973
1280	2559	1024	1544	2473	976
1536	2559	1024	1748	2481	980
1792	2559	1024	1955	2490	983
2048	2559	1024	2175	2498	986
2303	2559	1024	2402	2506	991
2559	2559	1024	2592	2514	993
2815	2559	1024	2798	2522	996
3071	2559	1024	3006	2528	999
3327	2559	1024	3215	2536	1003
3583	2559	1024	3421	2544	1006
3839	2559	1024	3625	2552	1010
4095	2559	1024	3830	2559	1014
0	2815	1024	541	2667	972
256	2815	1024	752	2675	976
512	2815	1024	960	2683	980
768	2815	1024	1177	2690	983
1024	2815	1024	1393	2699	987
1280	2815	1024	1586	2706	990
1536	2815	1024	1792	2713	993
1792	2815	1024	2000	2722	997
2048	2815	1024	2225	2730	1001
2303	2815	1024	2442	2738	1004
2559	2815	1024	2635	2745	1007
2815	2815	1024	2842	2753	1010
3071	2815	1024	3050	2761	1013
3327	2815	1024	3259	2768	1017
3583	2815	1024	3465	2776	1021
3839	2815	1024	3668	2784	1024
4095	2815	1024	3872	2791	1028
0	3071	1024	588	2900	987
256	3071	1024	796	2908	990
512	3071	1024	1005	2916	993
768	3071	1024	1224	2924	997
1024	3071	1024	1434	2931	1000
1280	3071	1024	1629	2939	1003
1536	3071	1024	1837	2948	1007
1792	3071	1024	2044	2955	1011
2048	3071	1024	2276	2964	1015
2303	3071	1024	2482	2972	1018
2559	3071	1024	2680	2979	1021
2815	3071	1024	2886	2986	1024
3071	3071	1024	3094	2994	1027
3327	3071	1024	3305	3002	1031
3583	3071	1024	3509	3009	1034
3839	3071	1024	3713	3017	1038
4095	3071	1024	3912	3024	1041
0	3327	1024	632	3134	1000
256	3327	1024	841	3141	1003
512	3327	1024	1049	3149	1007
768	3327	1024	1273	3158	1010
1024	3327	1024	1475	3165	1014
1280	3327	1024	1674	3173	1017
1536	3327	1024	1880	3181	1022
1792	3327	1024	2091	3189	1025
2048	3327	1024	2327	3196	1028
2303	3327	1024	2524	3204	1032
2559	3327	1024	2724	3213	1035
2815	3327	1024	2931	3220	1038
3071	3327	1024	3138	3227	1043
3327	3327	1024	3349	3235	1045
3583	3327	1024	3552	3242	1048
3839	3327	1024	3757	3249	1051
4095	3327	1024	3954	3257	1054
0	3583	1024	677	3368	1014
256	3583	1024	885	3376	1017
512	3583	1024	1096	3383	1021
768	3583	1024	1321	3391	1024
1024	3583	1024	1516	3399	1027
1280	3583	1024	1718	3407	1032
1536	3583	1024	1926	3415	1035
1792	3583	1024	2141	3422	1038
2048	3583	1024	2375	3431	1042
2303	3583	1024	2565	3438	1045
2559	3583	1024	2769	3445	1049
2815	3583	1024	2975	3453	1052
3071	3583	1024	3184	3461	1056
3327	3583	1024	3392	3468	1060
3583	3583	1024	3594	3476	1062
3839	3583	1024	3801	3483	1064
4095	3583	1024	3994	3489	1068
0	3839	1024	721	3603	1028
256	3839	1024	930	3611	1031
512	3839	1024	1144	3619	1034
768	3839	1024	1367	3626	1038
1024	3839	1024	1557	3634	1042
1280	3839	1024	1762	3642	1045
1536	3839	1024	1970	3650	1049
1792	3839	1024	2192	3657	1052
2048	3839	1024	2415	3666	1055
2303	3839	1024	2605	3674	1059
2559	3839	1024	2812	3680	1063
2815	3839	1024	3020	3688	1066
3071	3839	1024	3228	3696	1070
3327	3839	1024	3435	3704	1073
3583	3839	1024	3638	3710	1076
3839	3839	1024	3844	3717	1078
4095	3839	1024	4035	3724	1081
0	4095	1024	764	3836	1041
256	4095	1024	973	3843	1045
512	4095	1024	1191	3850	1048
768	4095	1024	1405	3858	1053
1024	4095	1024	1600	3865	1055
1280	4095	1024	1805	3874	1059
1536	4095	1024	2013	3881	1062
1792	4095	1024	2241	3889	1066
2048	4095	1024	2456	3896	1069
2303	4095	1024	2649	3904	1073
2559	4095	1024	2856	3911	1076
2815	4095	1024	3063	3918	1079
3071	4095	1024	3272	3925	1082
3327	4095	1024	3477	3932	1087
3583	4095	1024	3682	3939	1090
3839	4095	1024	3884	3945	1093
4095	4095	1024	4076	3951	1097
0	0	1280	10	30	1027
256	0	1280	235	39	1030
512	0	1280	464	48	1033
768	0	1280	682	57	1037
1024	0	1280	890	65	1040
1280	0	1280	1102	75	1043
1536	0	1280	1326	83	1047
1792	0	1280	1520	92	1051
2048	0	1280	1721	101	1054
2303	0	1280	1928	108	1057
2559	0	1280	2143	117	1061
2815	0	1280	2375	127	1064
3071	0	1280	2566	135	1067
3327	0	1280	2771	143	1071
3583	0	1280	2977	152	1077
3839	0	1280	3185	161	1080
4095	0	1280	3392	169	1082
0	256	1280	58	284	1043
256	256	1280	282	293	1044
512	256	1280	513	301	1047
768	256	1280	725	309	1050
1024	256	1280	935	318	1053
1280	256	1280	1149	327	1057
1536	256	1280	1368	336	1060
1792	256	1280	1560	343	1064
2048	256	1280	1766	352	1068
2303	256	1280	1971	361	1071
2559	256	1280	2194	369	1074
2815	256	1280	2416	378	1077
3071	256	1280	2609	387	1080
3327	256	1280	2815	396	1085
3583	256	1280	3022	403	1089
3839	256	1280	3230	413	1092
4095	256	1280	3437	421	1097
0	512	1280	106	536	1056
256	512	1280	332	544	1058
512	512	1280	562	553	1061
768	512	1280	770	561	1064
1024	512	1280	979	569	1067
1280	512	1280	1198	577	1071
1536	512	1280	1410	585	1074
1792	512	1280	1604	593	1078
2048	512	1280	1810	601	1081
2303	512	1280	2017	609	1084
2559	512	1280	2245	617	1088
2815	512	1280	2458	625	1091
3071	512	1280	2653	633	1095
3327	512	1280	2859	641	1098
3583	512	1280	3066	649	1102
3839	512	1280	3276	657	1105
4095	512	1280	3480	665	1111
0	768	1280	154	774	1069
256	768	1280	382	782	1072
512	768	1280	607	789	1075
768	768	1280	815	798	1078
1024	768	1280	1024	806	1082
1280	768	1280	1246	813	1085
1536	768	1280	1451	821	1088
1792	768	1280	1647	829	1090
2048	768	1280	1854	837	1094
2303	768	1280	2061	845	1098
2559	768	1280	2296	854	1102
2815	768	1280	2498	862	1105
3071	768	1280	2698	869	1109
3327	768	1280	2904	877	1112
3583	768	1280	3111	885	1114
3839	768	1280	3320	894	1117
4095	768	1280	3525	901	1121
0	1024	1280	202	1009	1083
256	1024	1280	430	1018	1086
512	1024	1280	651	1027	1089
768	1024	1280	859	1034	1093
1024	1024	1280	1069	1042	1095
1280	1024	1280	1293	1052	1099
1536	1024	1280	1491	1058	1102
1792	1024	1280	1692	1067	1104
2048	1024	1280	1899	1076	1108
2303	1024	1280	2110	1084	1111
2559	1024	1280	2346	1093	1115
2815	1024	1280	2540	1101	1118
3071	1024	1280	2742	1110	1121
3327	1024	1280	2949	1117	1124
3583	1024	1280	3156	1125	1128
3839	1024	1280	3365	1135	1131
4095	1024	1280	3567	1144	1135
0	1280	1280	250	1257	1097
256	1280	1280	480	1266	1098
512	1280	1280	695	1274	1103
768	1280	1280	904	1284	1107
1024	1280	1280	1117	1292	1110
1280	1280	1280	1342	1300	1113
1536	1280	1280	1533	1308	1114
1792	1280	1280	1736	1314	1118
2048	1280	1280	1944	1322	1121
2303	1280	1280	2160	1330	1125
2559	1280	1280	2390	1339	1129
2815	1280	1280	2581	1345	1131
3071	1280	1280	2786	1353	1135
3327	1280	1280	2993	1361	1138
3583	1280	1280	3202	1367	1142
3839	1280	1280	3408	1375	1146
4095	1280	1280	3612	1383	1149
0	1536	1280	298	1487	1109
256	1536	1280	527	1494	1113
512	1536	1280	740	1502	1116
768	1536	1280	948	1511	1119
1024	1536	1280	1165	1519	1122
1280	1536	1280	1382	1526	1125
1536	1536	1280	1574	1533	1129
1792	1536	1280	1780	1541	1131
2048	1536	1280	1988	1549	1136
2303	1536	1280	2212	1557	1139
2559	1536	1280	2430	1566	1142
2815	1536	1280	2624	1574	1145
3071	1536	1280	2830	1581	1149
3327	1536	1280	3037	1589	1152
3583	1536	1280	3246	1597	1157
3839	1536	1280	3453	1604	1160
4095	1536	1280	3656	1612	1163
0	1792	1280	347	1719	1123
256	1792	1280	576	1727	1126
512	1792	1280	784	1735	1129
768	1792	1280	993	1744	1133
1024	1792	1280	1212	1752	1136
1280	1792	1280	1423	1760	1139
1536	1792	1280	1617	1767	1143
1792	1792	1280	1824	1775	1147
2048	1792	1280	2033	1783	1150
2303	1792	1280	2261	1791	1153
2559	1792	1280	2472	1799	1156
2815	1792	1280	2668	1807	1160
3071	1792	1280	2875	1816	1163
3327	1792	1280	3082	1822	1167
3583	1792	1280	3292	1830	1171
3839	1792	1280	3496	1839	1174
4095	1792	1280	3700	1846	1177
0	2048	1280	396	1954	1137
256	2048	1280	620	1962	1140
512	2048	1280	828	1970	1144
768	2048	1280	1037	1978	1147
1024	2048	1280	1260	1986	1150
1280	2048	1280	1463	1994	1154
1536	2048	1280	1661	2002	1157
1792	2048	1280	1867	2009	1161
2048	2048	1280	2076	2018	1165
2303	2048	1280	2313	2027	1167
2559	2048	1280	2513	2034	1171
2815	2048	1280	2713	2043	1174
3071	2048	1280	2918	2052	1178
3327	2048	1280	3127	2060	1181
3583	2048	1280	3337	2069	1185
3839	2048	1280	3539	2077	1188
4095	2048	1280	3743	2086	1191
0	2303	1280	445	2201	1150
256	2303	1280	665	2209	1153
512	2303	1280	873	2218	1157
768	2303	1280	1083	2227	1160
1024	2303	1280	1308	2235	1164
1280	2303	1280	1506	2244	1168
1536	2303	1280	1706	2253	1172
1792	2303	1280	1913	2262	1175
2048	2303	1280	2128	2270	1179
2303	2303	1280	2363	2280	1182
2559	2303	1280	2554	2287	1184
2815	2303	1280	2757	2294	1187
3071	2303	1280	2964	2302	1192
3327	2303	1280	3171	2310	1195
3583	2303	1280	3381	2317	1198
3839	2303	1280	3583	2324	1202
4095	2303	1280	3788	2333	1205
0	2559	1280	495	2440	1164
256	2559	1280	709	2449	1167
512	2559	1280	918	2457	1171
768	2559	1280	1131	2465	1174
1024	2559	1280	1354	2474	1179
1280	2559	1280	1547	2480	1182
1536	2559	1280	1751	2488	1186
1792	2559	1280	1957	2497	1189
2048	2559	1280	2178	2505	1192
2303	2559	1280	2404	2512	1196
2559	2559	1280	2595	2520	1198
2815	2559	1280	2801	2528	1202
3071	2559	1280	3008	2535	1205
3327	2559	1280	3217	2543	1209
3583	2559	1280	3423	2551	1212
3839	2559	1280	3627	2559	1216
4095	2559	1280	3832	2566	1219
0	2815	1280	543	2673	1178
256	2815	1280	754	2681	1181
512	2815	1280	962	2690	1184
768	2815	1280	1180	2697	1189
1024	2815	1280	1395	2705	1192
1280	2815	1280	1588	2713	1195
1536	2815	1280	1794	2721	1199
1792	2815	1280	2003	2729	1203
2048	2815	1280	2228	2737	1206
2303	2815	1280	2444	2745	1210
2559	2815	1280	2638	2752	1213
2815	2815	1280	2844	2760	1216
3071	2815	1280	3052	2768	1219
3327	2815	1280	3261	2775	1223
3583	2815	1280	3467	2783	1226
3839	2815	1280	3670	2791	1230
4095	2815	1280	3874	2798	1234
0	3071	1280	589	2907	1192
256	3071	1280	798	2915	1195
512	3071	1280	1007	2923	1199
768	3071	1280	1226	2931	1202
1024	3071	1280	1436	2938	1206
1280	3071	1280	1631	2946	1209
1536	3071	1280	1839	2954	1213
1792	3071	1280	2047	2962	1217
2048	3071	1280	2279	2970	1220
2303	3071	1280	2485	2978	1225
2559	3071	1280	2682	2986	1228
2815	3071	1280	2889	2993	1231
3071	3071	1280	3096	3001	1234
3327	3071	1280	3307	3009	1236
3583	3071	1280	3510	3016	1240
3839	3071	1280	3715	3023	1244
4095	3071	1280	3914	3031	1247
0	3327	1280	634	3141	1205
256	3327	1280	843	3148	1209
512	3327	1280	1051	3156	1213
768	3327	1280	1275	3164	1217
1024	3327	1280	1477	3172	1220
1280	3327	1280	1676	3179	1223
1536	3327	1280	1883	3188	1227
1792	3327	1280	2093	3196	1231
2048	3327	1280	2330	3203	1235
2303	3327	1280	2526	3211	1239
2559	3327	1280	2726	3219	1241
2815	3327	1280	2933	3227	1245
3071	3327	1280	3140	3234	1248
3327	3327	1280	3351	3241	1250
3583	3327	1280	3554	3249	1254
3839	3327	1280	3759	3255	1257
4095	3327	1280	3956	3263	1261
0	3583	1280	679	3374	1222
256	3583	1280	887	3382	1223
512	3583	1280	1099	3390	1227
768	3583	1280	1322	3398	1230
1024	3583	1280	1518	3406	1234
1280	3583	1280	1720	3414	1237
1536	3583	1280	1928	3421	1241
1792	3583	1280	2143	3429	1245
2048	3583	1280	2377	3437	1248
2303	3583	1280	2567	3444	1252
2559	3583	1280	2770	3452	1255
2815	3583	1280	2977	3460	1258
3071	3583	1280	3186	3468	1261
3327	3583	1280	3394	3474	1266
3583	3583	1280	3596	3482	1268
3839	3583	1280	3803	3489	1272
4095	3583	1280	3997	3496	1274
0	3839	1280	722	3609	1236
256	3839	1280	932	3617	1237
512	3839	1280	1145	3625	1241
768	3839	1280	1367	3633	1244
1024	3839	1280	1558	3641	1248
1280	3839	1280	1764	3648	1250
1536	3839	1280	1971	3657	1255
1792	3839	1280	2193	3664	1259
2048	3839	1280	2417	3672	1262
2303	3839	1280	2608	3680	1265
2559	3839	1280	2813	3687	1269
2815	3839	1280	3021	3694	1272
3071	3839	1280	3230	3702	1276
3327	3839	1280	3437	3710	1280
3583	3839	1280	3640	3716	1283
3839	3839	1280	3846	3724	1285
4095	3839	1280	4037	3730	1289
0	4095	1280	766	3842	1248
256	4095	1280	975	3849	1251
512	4095	1280	1192	3857	1254
768	4095	1280	1406	3865	1258
1024	4095	1280	1601	3872	1261
1280	4095	1280	1806	3880	1266
1536	4095	1280	2015	3887	1269
1792	4095	1280	2243	3895	1273
2048	4095	1280	2458	3902	1276
2303	4095	1280	2651	3909	1279
2559	4095	1280	2857	3918	1282
2815	4095	1280	3064	3924	1287
3071	4095	1280	3275	3931	1290
3327	4095	1280	3479	3939	1294
3583	4095	1280	3683	3946	1297
3839	4095	1280	3886	3951	1300
4095	4095	1280	4077	3956	1304
0	0	1536	12	37	1234
256	0	1536	236	46	1235
512	0	1536	466	54	1239
768	0	1536	684	63	1243
1024	0	1536	892	72	1246
1280	0	1536	1104	81	1249
1536	0	1536	1328	89	1253
1792	0	1536	1522	98	1256
2048	0	1536	1724	107	1259
2303	0	1536	1930	115	1263
2559	0	1536	2146	124	1267
2815	0	1536	2378	133	1270
3071	0	1536	2569	141	1273
3327	0	1536	2773	150	1277
3583	0	1536	2979	158	1285
3839	0	1536	3187	167	1288
4095	0	1536	3395	175	1289
0	256	1536	60	291	1248
256	256	1536	284	299	1249
512	256	1536	515	308	1253
768	256	1536	728	316	1256
1024	256	1536	937	324	1259
1280	256	1536	1151	333	1263
1536	256	1536	1371	342	1266
1792	256	1536	1563	350	1269
2048	256	1536	1768	359	1273
2303	256	1536	1974	368	1277
2559	256	1536	2197	376	1281
2815	256	1536	2418	385	1284
3071	256	1536	2612	394	1287
3327	256	1536	2817	402	1291
3583	256	1536	3024	410	1295
3839	256	1536	3232	419	1299
4095	256	1536	3439	428	1307
0	512	1536	108	542	1261
256	512	1536	333	550	1264
512	512	1536	564	559	1267
768	512	1536	772	568	1270
1024	512	1536	981	575	1273
1280	512	1536	1200	583	1277
1536	512	1536	1412	591	1279
1792	512	1536	1606	600	1283
2048	512	1536	1813	607	1287
2303	512	1536	2019	615	1291
2559	512	1536	2247	624	1294
2815	512	1536	2460	631	1298
3071	512	1536	2656	640	1301
3327	512	1536	2862	648	1304
3583	512	1536	3069	655	1308
3839	512	1536	3279	663	1312
4095	512	1536	3483	672	1322
0	768	1536	156	780	1276
256	768	1536	383	788	1278
512	768	1536	609	796	1282
768	768	1536	816	804	1284
1024	768	1536	1026	812	1288
1280	768	1536	1248	820	1291
1536	768	1536	1453	828	1294
1792	768	1536	1649	836	1297
2048	768	1536	1856	844	1301
2303	768	1536	2062	852	1305
2559	768	1536	2298	860	1308
2815	768	1536	2501	869	1312
3071	768	1536	2700	876	1315
3327	768	1536	2906	884	1319
3583	768	1536	3114	892	1322
3839	768	1536	3324	900	1326
4095	768	1536	3527	908	1335
0	1024	1536	204	1016	1289
256	1024	1536	432	1025	1292
512	1024	1536	653	1033	1296
768	1024	1536	862	1040	1299
1024	1024	1536	1071	1049	1302
1280	1024	1536	1296	1058	1305
1536	1024	1536	1493	1065	1307
1792	1024	1536	1694	1073	1311
2048	1024	1536	1901	1082	1315
2303	1024	1536	2112	1091	1319
2559	1024	1536	2349	1100	1322
2815	1024	1536	2543	1108	1326
3071	1024	1536	2744	1117	1330
3327	1024	1536	2951	1124	1334
3583	1024	1536	3159	1133	1336
3839	1024	1536	3368	1142	1338
4095	1024	1536	3570	1150	1342
0	1280	1536	252	1264	1303
256	1280	1536	481	1272	1305
512	1280	1536	697	1281	1309
768	1280	1536	906	1290	1313
1024	1280	1536	1119	1298	1318
1280	1280	1536	1344	1307	1320
1536	1280	1536	1536	1315	1323
1792	1280	1536	1739	1321	1325
2048	1280	1536	1946	1329	1329
2303	1280	1536	2163	1337	1333
2559	1280	1536	2393	1345	1336
2815	1280	1536	2584	1352	1339
3071	1280	1536	2789	1360	1342
3327	1280	1536	2996	1368	1345
3583	1280	1536	3205	1374	1348
3839	1280	1536	3411	1382	1351
4095	1280	1536	3614	1389	1354
0	1536	1536	300	1494	1316
256	1536	1536	529	1501	1320
512	1536	1536	741	1509	1322
768	1536	1536	949	1517	1327
1024	1536	1536	1166	1525	1331
1280	1536	1536	1384	1532	1334
1536	1536	1536	1576	1539	1336
1792	1536	1536	1782	1548	1338
2048	1536	1536	1990	1555	1342
2303	1536	1536	2214	1564	1344
2559	1536	1536	2432	1573	1348
2815	1536	1536	2626	1581	1352
3071	1536	1536	2832	1588	1355
3327	1536	1536	3040	1595	1358
3583	1536	1536	3249	1603	1361
3839	1536	1536	3455	1610	1364
4095	1536	1536	3658	1618	1368
0	1792	1536	348	1726	1329
256	1792	1536	578	1734	1333
512	1792	1536	785	1741	1336
768	1792	1536	995	1750	1339
1024	1792	1536	1213	1758	1343
1280	1792	1536	1425	1766	1346
1536	1792	1536	1619	1774	1349
1792	1792	1536	1826	1781	1352
2048	1792	1536	2035	1790	1355
2303	1792	1536	2264	1797	1359
2559	1792	1536	2474	1806	1362
2815	1792	1536	2670	1814	1365
3071	1792	1536	2877	1822	1367
3327	1792	1536	3084	1828	1372
3583	1792	1536	3294	1837	1375
3839	1792	1536	3498	1845	1378
4095	1792	1536	3703	1852	1381
0	2048	1536	398	1960	1342
256	2048	1536	621	1968	1346
512	2048	1536	830	1977	1350
768	2048	1536	1039	1985	1353
1024	2048	1536	1262	1993	1356
1280	2048	1536	1466	2001	1359
1536	2048	1536	1664	2009	1362
1792	2048	1536	1870	2016	1365
2048	2048	1536	2078	2025	1370
2303	2048	1536	2315	2033	1372
2559	2048	1536	2515	2042	1375
2815	2048	1536	2715	2050	1377
3071	2048	1536	2920	2059	1380
3327	2048	1536	3129	2067	1383
3583	2048	1536	3339	2075	1387
3839	2048	1536	3541	2084	1390
4095	2048	1536	3745	2092	1393
0	2303	1536	447	2208	1354
256	2303	1536	667	2216	1358
512	2303	1536	875	2226	1362
768	2303	1536	1086	2234	1364
1024	2303	1536	1309	2242	1368
1280	2303	1536	1507	2251	1372
1536	2303	1536	1708	2260	1375
1792	2303	1536	1915	2269	1379
2048	2303	1536	2130	2277	1382
2303	2303	1536	2366	2286	1385
2559	2303	1536	2555	2294	1387
2815	2303	1536	2758	2301	1390
3071	2303	1536	2966	2308	1393
3327	2303	1536	3173	2316	1396
3583	2303	1536	3383	2324	1400
3839	2303	1536	3585	2331	1403
4095	2303	1536	3790	2339	1406
0	2559	1536	496	2447	1368
256	2559	1536	711	2455	1371
512	2559	1536	920	2463	1374
768	2559	1536	1133	2471	1377
1024	2559	1536	1356	2479	1381
1280	2559	1536	1548	2486	1384
1536	2559	1536	1752	2494	1388
1792	2559	1536	1959	2503	1392
2048	2559	1536	2179	2511	1395
2303	2559	1536	2405	2518	1398
2559	2559	1536	2596	2527	1400
2815	2559	1536	2803	2534	1403
3071	2559	1536	3010	2540	1406
3327	2559	1536	3219	2549	1410
3583	2559	1536	3425	2557	1413
3839	2559	1536	3629	2565	1415
4095	2559	1536	3834	2571	1419
0	2815	1536	544	2679	1381
256	2815	1536	755	2688	1384
512	2815	1536	964	2696	1387
768	2815	1536	1181	2703	1390
1024	2815	1536	1396	2711	1393
1280	2815	1536	1590	2719	1397
1536	2815	1536	1796	2726	1400
1792	2815	1536	2004	2734	1404
2048	2815	1536	2230	2743	1407
2303	2815	1536	2446	2751	1410
2559	2815	1536	2639	2757	1414
2815	2815	1536	2846	2765	1416
3071	2815	1536	3053	2774	1419
3327	2815	1536	3263	2781	1423
3583	2815	1536	3469	2789	1425
3839	2815	1536	3672	2796	1429
4095	2815	1536	3876	2804	1431
0	3071	1536	591	2913	1393
256	3071	1536	799	2921	1397
512	3071	1536	1009	2928	1400
768	3071	1536	1228	2937	1403
1024	3071	1536	1437	2944	1407
1280	3071	1536	1633	2952	1410
1536	3071	1536	1841	2960	1413
1792	3071	1536	2048	2968	1417
2048	3071	1536	2281	2976	1420
2303	3071	1536	2486	2984	1423
2559	3071	1536	2684	2992	1426
2815	3071	1536	2891	2998	1430
3071	3071	1536	3097	3006	1432
3327	3071	1536	3308	3015	1435
3583	3071	1536	3512	3021	1438
3839	3071	1536	3716	3028	1441
4095	3071	1536	3916	3036	1443
0	3327	1536	635	3147	1406
256	3327	1536	844	3154	1409
512	3327	1536	1053	3162	1413
768	3327	1536	1276	3170	1417
1024	3327	1536	1478	3178	1420
1280	3327	1536	1678	3185	1423
1536	3327	1536	1885	3193	1426
1792	3327	1536	2095	3201	1429
2048	3327	1536	2332	3209	1433
2303	3327	1536	2528	3217	1436
2559	3327	1536	2728	3224	1440
2815	3327	1536	2935	3232	1442
3071	3327	1536	3142	3239	1445
3327	3327	1536	3353	3246	1448
3583	3327	1536	3556	3254	1451
3839	3327	1536	3760	3261	1453
4095	3327	1536	3957	3268	1457
0	3583	1536	680	3380	1421
256	3583	1536	888	3388	1422
512	3583	1536	1100	3396	1426
768	3583	1536	1323	3404	1429
1024	3583	1536	1520	3412	1432
1280	3583	1536	1722	3420	1435
1536	3583	1536	1930	3427	1439
1792	3583	1536	2145	3435	1442
2048	3583	1536	2380	3443	1445
2303	3583	1536	2569	3450	1449
2559	3583	1536	2773	3458	1452
2815	3583	1536	2979	3466	1455
3071	3583	1536	3188	3474	1458
3327	3583	1536	3396	3481	1461
3583	3583	1536	3598	3488	1464
3839	3583	1536	3805	3494	1467
4095	3583	1536	3998	3501	1470
0	3839	1536	723	3614	1433
256	3839	1536	933	3623	1435
512	3839	1536	1147	3631	1439
768	3839	1536	1368	3639	1442
1024	3839	1536	1560	3646	1445
1280	3839	1536	1766	3654	1448
1536	3839	1536	1973	3662	1451
1792	3839	1536	2196	3670	1455
2048	3839	1536	2419	3678	1459
2303	3839	1536	2610	3686	1462
2559	3839	1536	2816	3692	1465
2815	3839	1536	3023	3700	1468
3071	3839	1536	3232	3708	1471
3327	3839	1536	3439	3716	1475
3583	3839	1536	3641	3722	1478
3839	3839	1536	3848	3730	1480
4095	3839	1536	4039	3735	1483
0	4095	1536	767	3848	1445
256	4095	1536	976	3855	1448
512	4095	1536	1194	3863	1451
768	4095	1536	1408	3871	1454
1024	4095	1536	1603	3878	1457
1280	4095	1536	1809	3885	1461
1536	4095	1536	2017	3893	1464
1792	4095	1536	2245	3901	1469
2048	4095	1536	2460	3908	1472
2303	4095	1536	2652	3915	1475
2559	4095	1536	2860	3923	1478
2815	4095	1536	3067	3929	1481
3071	4095	1536	3277	3937	1484
3327	4095	1536	3481	3945	1488
3583	4095	1536	3685	3951	1490
3839	4095	1536	3888	3957	1493
4095	4095	1536	4079	3963	1495
0	0	1792	14	44	1433
256	0	1792	238	52	1434
512	0	1792	467	60	1438
768	0	1792	686	69	1441
1024	0	1792	894	78	1444
1280	0	1792	1106	87	1448
1536	0	1792	1330	95	1450
1792	0	1792	1524	104	1453
2048	0	1792	1725	113	1456
2303	0	1792	1932	121	1460
2559	0	1792	2148	130	1463
2815	0	1792	2380	139	1467
3071	0	1792	2571	148	1471
3327	0	1792	2776	156	1474
3583	0	1792	2981	164	1478
3839	0	1792	3190	173	1482
4095	0	1792	3397	181	1483
0	256	1792	61	296	1446
256	256	1792	286	305	1448
512	256	1792	516	314	1450
768	256	1792	729	322	1453
1024	256	1792	938	330	1457
1280	256	1792	1152	339	1460
1536	256	1792	1372	348	1463
1792	256	1792	1564	356	1466
2048	256	1792	1770	365	1469
2303	256	1792	1976	374	1472
2559	256	1792	2199	382	1476
2815	256	1792	2421	391	1480
3071	256	1792	2614	399	1483
3327	256	1792	2819	408	1486
3583	256	1792	3027	416	1489
3839	256	1792	3235	424	1492
4095	256	1792	3442	433	1496
0	512	1792	110	548	1458
256	512	1792	335	556	1461
512	512	1792	566	564	1463
768	512	1792	774	573	1467
1024	512	1792	983	580	1470
1280	512	1792	1201	589	1473
1536	512	1792	1413	597	1476
1792	512	1792	1607	605	1479
2048	512	1792	1814	612	1482
2303	512	1792	2021	621	1486
2559	512	1792	2249	629	1490
2815	512	1792	2462	637	1492
3071	512	1792	2658	645	1496
3327	512	1792	2864	653	1499
3583	512	1792	3070	661	1502
3839	512	1792	3281	669	1505
4095	512	1792	3485	677	1510
0	768	1792	157	786	1471
256	768	1792	385	794	1473
512	768	1792	610	801	1478
768	768	1792	818	809	1480
1024	768	1792	1028	818	1483
1280	768	1792	1249	825	1487
1536	768	1792	1455	833	1489
1792	768	1792	1651	842	1491
2048	768	1792	1858	850	1496
2303	768	1792	2065	857	1499
2559	768	1792	2301	866	1502
2815	768	1792	2503	874	1505
3071	768	1792	2702	881	1508
3327	768	1792	2908	890	1511
3583	768	1792	3115	897	1514
3839	768	1792	3325	905	1518
4095	768	1792	3529	913	1522
0	1024	1792	206	1022	1484
256	1024	1792	433	1030	1487
512	1024	1792	654	1039	1491
768	1024	1792	862	1046	1493
1024	1024	1792	1072	1054	1496
1280	1024	1792	1297	1063	1499
1536	1024	1792	1496	1071	1501
1792	1024	1792	1697	1079	1505
2048	1024	1792	1903	1088	1509
2303	1024	1792	2114	1097	1512
2559	1024	1792	2351	1105	1515
2815	1024	1792	2544	1113	1518
3071	1024	1792	2746	1122	1521
3327	1024	1792	2953	1130	1524
3583	1024	1792	3160	1138	1528
3839	1024	1792	3369	1146	1531
4095	1024	1792	3571	1155	1534
0	1280	1792	253	1269	1497
256	1280	1792	482	1277	1500
512	1280	1792	698	1286	1503
768	1280	1792	907	1295	1505
1024	1280	1792	1120	1303	1509
1280	1280	1792	1345	1312	1511
1536	1280	1792	1537	1320	1515
1792	1280	1792	1741	1327	1518
2048	1280	1792	1948	1335	1521
2303	1280	1792	2165	1342	1525
2559	1280	1792	2395	1351	1528
2815	1280	1792	2585	1357	1531
3071	1280	1792	2790	1365	1535
3327	1280	1792	2997	1372	1538
3583	1280	1792	3206	1379	1541
3839	1280	1792	3412	1387	1544
4095	1280	1792	3615	1395	1545
0	1536	1792	302	1498	1509
256	1536	1792	531	1505	1512
512	1536	1792	743	1513	1515
768	1536	1792	952	1521	1518
1024	1536	1792	1168	1529	1521
1280	1536	1792	1385	1536	1526
1536	1536	1792	1577	1545	1528
1792	1536	1792	1785	1552	1530
2048	1536	1792	1992	1560	1534
2303	1536	1792	2216	1569	1538
2559	1536	1792	2435	1578	1541
2815	1536	1792	2628	1586	1544
3071	1536	1792	2834	1592	1547
3327	1536	1792	3041	1600	1550
3583	1536	1792	3250	1608	1553
3839	1536	1792	3456	1615	1556
4095	1536	1792	3659	1623	1559
0	1792	1792	351	1731	1521
256	1792	1792	579	1739	1524
512	1792	1792	787	1747	1528
768	1792	1792	996	1755	1531
1024	1792	1792	1214	1763	1535
1280	1792	1792	1426	1772	1538
1536	1792	1792	1622	1779	1542
1792	1792	1792	1827	1786	1543
2048	1792	1792	2036	1795	1547
2303	1792	1792	2265	1803	1549
2559	1792	1792	2476	1812	1553
2815	1792	1792	2672	1820	1557
3071	1792	1792	2878	1827	1560
3327	1792	1792	3085	1834	1565
3583	1792	1792	3295	1843	1567
3839	1792	1792	3499	1850	1570
4095	1792	1792	3704	1857	1573
0	2048	1792	400	1965	1534
256	2048	1792	623	1973	1537
512	2048	1792	832	1983	1541
768	2048	1792	1041	1989	1545
1024	2048	1792	1264	1999	1549
1280	2048	1792	1468	2007	1552
1536	2048	1792	1667	2015	1556
1792	2048	1792	1872	2022	1559
2048	2048	1792	2079	2030	1561
2303	2048	1792	2316	2039	1564
2559	2048	1792	2517	2047	1568
2815	2048	1792	2717	2056	1570
3071	2048	1792	2922	2064	1574
3327	2048	1792	3130	2074	1577
3583	2048	1792	3341	2081	1580
3839	2048	1792	3543	2089	1583
4095	2048	1792	3748	2098	1587
0	2303	1792	448	2214	1546
256	2303	1792	668	2222	1550
512	2303	1792	876	2231	1553
768	2303	1792	1087	2239	1558
1024	2303	1792	1312	2249	1561
1280	2303	1792	1509	2257	1565
1536	2303	1792	1710	2266	1568
1792	2303	1792	1917	2275	1572
2048	2303	1792	2131	2283	1575
2303	2303	1792	2367	2291	1579
2559	2303	1792	2558	2299	1581
2815	2303	1792	2761	2307	1584
3071	2303	1792	2968	2315	1588
3327	2303	1792	3175	2323	1591
3583	2303	1792	3385	2331	1594
3839	2303	1792	3587	2338	1597
4095	2303	1792	3793	2345	1601
0	2559	1792	497	2453	1560
256	2559	1792	712	2461	1563
512	2559	1792	922	2468	1568
768	2559	1792	1135	2477	1571
1024	2559	1792	1358	2485	1575
1280	2559	1792	1550	2492	1578
1536	2559	1792	1754	2500	1581
1792	2559	1792	1961	2508	1584
2048	2559	1792	2181	2516	1588
2303	2559	1792	2407	2523	1592
2559	2559	1792	2598	2532	1596
2815	2559	1792	2805	2540	1598
3071	2559	1792	3012	2547	1601
3327	2559	1792	3221	2555	1605
3583	2559	1792	3428	2563	1608
3839	2559	1792	3631	2571	1611
4095	2559	1792	3837	2577	1614
0	2815	1792	546	2685	1573
256	2815	1792	757	2694	1578
512	2815	1792	966	2701	1581
768	2815	1792	1183	2708	1584
1024	2815	1792	1398	2717	1588
1280	2815	1792	1591	2725	1591
1536	2815	1792	1797	2732	1594
1792	2815	1792	2006	2740	1599
2048	2815	1792	2232	2748	1602
2303	2815	1792	2448	2756	1605
2559	2815	1792	2641	2763	1609
2815	2815	1792	2849	2772	1612
3071	2815	1792	3055	2779	1614
3327	2815	1792	3265	2787	1618
3583	2815	1792	3472	2795	1622
3839	2815	1792	3674	2802	1625
4095	2815	1792	3879	2809	1628
0	3071	1792	593	2918	1588
256	3071	1792	800	2927	1591
512	3071	1792	1010	2934	1594
768	3071	1792	1230	2943	1598
1024	3071	1792	1439	2950	1602
1280	3071	1792	1635	2958	1605
1536	3071	1792	1842	2966	1610
1792	3071	1792	2050	2973	1612
2048	3071	1792	2283	2982	1616
2303	3071	1792	2488	2990	1619
2559	3071	1792	2685	2998	1623
2815	3071	1792	2893	3004	1625
3071	3071	1792	3099	3013	1628
3327	3071	1792	3310	3021	1632
3583	3071	1792	3514	3028	1636
3839	3071	1792	3719	3035	1639
4095	3071	1792	3918	3043	1642
0	3327	1792	637	3152	1601
256	3327	1792	846	3160	1605
512	3327	1792	1055	3168	1608
768	3327	1792	1278	3176	1612
1024	3327	1792	1480	3184	1615
1280	3327	1792	1680	3192	1619
1536	3327	1792	1886	3199	1623
1792	3327	1792	2096	3207	1626
2048	3327	1792	2334	3215	1630
2303	3327	1792	2530	3223	1633
2559	3327	1792	2730	3231	1636
2815	3327	1792	2937	3239	1639
3071	3327	1792	3145	3245	1644
3327	3327	1792	3356	3254	1646
3583	3327	1792	3558	3261	1649
3839	3327	1792	3762	3268	1652
4095	3327	1792	3960	3274	1655
0	3583	1792	682	3386	1615
256	3583	1792	890	3395	1618
512	3583	1792	1102	3402	1622
768	3583	1792	1325	3410	1625
1024	3583	1792	1522	3418	1630
1280	3583	1792	1724	3426	1633
1536	3583	1792	1932	3433	1636
1792	3583	1792	2147	3441	1640
2048	3583	1792	2382	3450	1643
2303	3583	1792	2571	3457	1646
2559	3583	1792	2775	3464	1650
2815	3583	1792	2982	3472	1654
3071	3583	1792	3191	3481	1657
3327	3583	1792	3399	3488	1661
3583	3583	1792	3601	3495	1663
3839	3583	1792	3807	3502	1665
4095	3583	1792	4001	3508	1669
0	3839	1792	725	3621	1628
256	3839	1792	935	3630	1632
512	3839	1792	1148	3638	1635
768	3839	1792	1370	3645	1640
1024	3839	1792	1562	3653	1643
1280	3839	1792	1768	3661	1647
1536	3839	1792	1975	3669	1650
1792	3839	1792	2198	3676	1653
2048	3839	1792	2421	3685	1657
2303	3839	1792	2611	3692	1660
2559	3839	1792	2818	3699	1664
2815	3839	1792	3026	3707	1667
3071	3839	1792	3234	3715	1671
3327	3839	1792	3442	3722	1674
3583	3839	1792	3644	3729	1677
3839	3839	1792	3850	3736	1679
4095	3839	1792	4042	3743	1684
0	4095	1792	769	3854	1642
256	4095	1792	978	3861	1645
512	4095	1792	1196	3870	1649
768	4095	1792	1410	3877	1653
1024	4095	1792	1605	3884	1656
1280	4095	1792	1811	3892	1660
1536	4095	1792	2019	3900	1663
1792	4095	1792	2247	3908	1667
2048	4095	1792	2462	3914	1670
2303	4095	1792	2654	3922	1674
2559	4095	1792	2862	3930	1678
2815	4095	1792	3069	3935	1681
3071	4095	1792	3279	3943	1684
3327	4095	1792	3484	3951	1688
3583	4095	1792	3688	3958	1691
3839	4095	1792	3890	3964	1695
4095	4095	1792	4080	3970	1697
0	0	2048	16	49	1629
256	0	2048	240	58	1630
512	0	2048	468	67	1634
768	0	2048	687	76	1637
1024	0	2048	895	84	1641
1280	0	2048	1107	93	1645
1536	0	2048	1331	101	1648
1792	0	2048	1525	110	1651
2048	0	2048	1727	119	1654
2303	0	2048	1933	127	1658
2559	0	2048	2150	136	1662
2815	0	2048	2382	145	1665
3071	0	2048	2572	154	1669
3327	0	2048	2777	162	1673
3583	0	2048	2983	171	1676
3839	0	2048	3192	179	1679
4095	0	2048	3399	187	1683
0	256	2048	63	302	1643
256	256	2048	286	311	1644
512	256	2048	517	320	1647
768	256	2048	730	328	1651
1024	256	2048	940	337	1654
1280	256	2048	1154	346	1657
1536	256	2048	1373	354	1661
1792	256	2048	1565	362	1665
2048	256	2048	1771	371	1668
2303	256	2048	1977	380	1671
2559	256	2048	2201	388	1675
2815	256	2048	2423	396	1679
3071	256	2048	2615	405	1683
3327	256	2048	2821	414	1686
3583	256	2048	3029	421	1689
3839	256	2048	3237	430	1692
4095	256	2048	3444	439	1696
0	512	2048	111	554	1656
256	512	2048	337	561	1659
512	512	2048	567	570	1661
768	512	2048	775	579	1664
1024	512	2048	984	586	1668
1280	512	2048	1203	595	1672
1536	512	2048	1415	603	1675
1792	512	2048	1609	611	1679
2048	512	2048	1815	619	1682
2303	512	2048	2022	627	1685
2559	512	2048	2251	635	1689
2815	512	2048	2464	643	1693
3071	512	2048	2659	651	1696
3327	512	2048	2866	659	1700
3583	512	2048	3073	667	1703
3839	512	2048	3283	675	1706
4095	512	2048	3488	683	1710
0	768	2048	159	792	1670
256	768	2048	386	800	1672
512	768	2048	611	807	1676
768	768	2048	820	816	1678
1024	768	2048	1029	824	1683
1280	768	2048	1250	831	1686
1536	768	2048	1457	840	1689
1792	768	2048	1653	848	1692
2048	768	2048	1860	856	1695
2303	768	2048	2067	864	1699
2559	768	2048	2303	872	1703
2815	768	2048	2504	880	1706
3071	768	2048	2703	887	1710
3327	768	2048	2910	896	1713
3583	768	2048	3117	904	1716
3839	768	2048	3327	912	1720
4095	768	2048	3531	920	1723
0	1024	2048	207	1029	1683
256	1024	2048	434	1037	1686
512	1024	2048	655	1045	1690
768	1024	2048	864	1052	1694
1024	1024	2048	1074	1060	1696
1280	1024	2048	1299	1070	1699
1536	1024	2048	1497	1077	1702
1792	1024	2048	1698	1085	1705
2048	1024	2048	1904	1095	1710
2303	1024	2048	2116	1103	1713
2559	1024	2048	2353	1111	1717
2815	1024	2048	2545	1120	1720
3071	1024	2048	2747	1129	1723
3327	1024	2048	2954	1136	1726
3583	1024	2048	3162	1144	1729
3839	1024	2048	3372	1153	1733
4095	1024	2048	3574	1162	1737
0	1280	2048	254	1276	1697
256	1280	2048	484	1284	1700
512	1280	2048	699	1293	1704
768	1280	2048	909	1302	1708
1024	1280	2048	1122	1310	1711
1280	1280	2048	1346	1318	1713
1536	1280	2048	1539	1327	1715
1792	1280	2048	1742	1334	1719
2048	1280	2048	1950	1342	1724
2303	1280	2048	2166	1350	1727
2559	1280	2048	2397	1358	1730
2815	1280	2048	2587	1365	1734
3071	1280	2048	2793	1372	1737
3327	1280	2048	2999	1380	1740
3583	1280	2048	3209	1387	1743
3839	1280	2048	3415	1394	1747
4095	1280	2048	3618	1402	1750
0	1536	2048	303	1505	1710
256	1536	2048	532	1512	1714
512	1536	2048	745	1520	1717
768	1536	2048	953	1527	1721
1024	1536	2048	1169	1536	1725
1280	1536	2048	1387	1543	1728
1536	1536	2048	1579	1552	1731
1792	1536	2048	1785	1559	1734
2048	1536	2048	1992	1567	1737
2303	1536	2048	2217	1575	1741
2559	1536	2048	2437	1583	1745
2815	1536	2048	2630	1591	1748
3071	1536	2048	2836	1599	1751
3327	1536	2048	3044	1607	1755
3583	1536	2048	3252	1615	1758
3839	1536	2048	3458	1622	1761
4095	1536	2048	3661	1630	1764
0	1792	2048	351	1737	1724
256	1792	2048	580	1745	1727
512	1792	2048	788	1752	1731
768	1792	2048	998	1761	1734
1024	1792	2048	1216	1769	1738
1280	1792	2048	1428	1777	1742
1536	1792	2048	1624	1784	1746
1792	1792	2048	1830	1792	1748
2048	1792	2048	2038	1801	1750
2303	1792	2048	2268	1809	1755
2559	1792	2048	2478	1817	1757
2815	1792	2048	2674	1826	1761
3071	1792	2048	2881	1834	1764
3327	1792	2048	3088	1841	1767
3583	1792	2048	3298	1850	1771
3839	1792	2048	3501	1857	1774
4095	1792	2048	3705	1864	1777
0	2048	2048	401	1972	1738
256	2048	2048	625	1980	1741
512	2048	2048	834	1989	1744
768	2048	2048	1043	1996	1748
1024	2048	2048	1265	2004	1751
1280	2048	2048	1469	2013	1756
1536	2048	2048	1668	2021	1759
1792	2048	2048	1873	2028	1762
2048	2048	2048	2081	2037	1765
2303	2048	2048	2318	2045	1767
2559	2048	2048	2518	2053	1770
2815	2048	2048	2719	2062	1773
3071	2048	2048	2925	2070	1777
3327	2048	2048	3133	2079	1780
3583	2048	2048	3342	2087	1783
3839	2048	2048	3545	2096	1786
4095	2048	2048	3749	2105	1789
0	2303	2048	449	2221	1752
256	2303	2048	670	2229	1755
512	2303	2048	878	2238	1758
768	2303	2048	1089	2248	1762
1024	2303	2048	1313	2256	1765
1280	2303	2048	1511	2264	1768
1536	2303	2048	1711	2273	1771
1792	2303	2048	1919	2282	1774
2048	2303	2048	2132	2290	1778
2303	2303	2048	2368	2298	1781
2559	2303	2048	2560	2307	1783
2815	2303	2048	2763	2314	1788
3071	2303	2048	2970	2322	1791
3327	2303	2048	3177	2330	1794
3583	2303	2048	3386	2338	1796
3839	2303	2048	3589	2345	1800
4095	2303	2048	3795	2352	1803
0	2559	2048	499	2460	1764
256	2559	2048	713	2468	1767
512	2559	2048	923	2476	1771
768	2559	2048	1137	2484	1774
1024	2559	2048	1360	2492	1777
1280	2559	2048	1552	2499	1781
1536	2559	2048	1757	2507	1784
1792	2559	2048	1963	2515	1787
2048	2559	2048	2184	2523	1790
2303	2559	2048	2410	2530	1794
2559	2559	2048	2599	2538	1798
2815	2559	2048	2806	2547	1800
3071	2559	2048	3013	2553	1804
3327	2559	2048	3223	2562	1807
3583	2559	2048	3430	2570	1810
3839	2559	2048	3633	2578	1813
4095	2559	2048	3839	2584	1816
0	2815	2048	547	2692	1776
256	2815	2048	758	2701	1780
512	2815	2048	967	2709	1784
768	2815	2048	1185	2715	1788
1024	2815	2048	1400	2724	1792
1280	2815	2048	1593	2732	1795
1536	2815	2048	1800	2739	1798
1792	2815	2048	2008	2747	1801
2048	2815	2048	2234	2755	1805
2303	2815	2048	2451	2764	1808
2559	2815	2048	2643	2771	1812
2815	2815	2048	2851	2779	1814
3071	2815	2048	3057	2787	1817
3327	2815	2048	3267	2794	1820
3583	2815	2048	3474	2802	1824
3839	2815	2048	3677	2810	1827
4095	2815	2048	3881	2817	1831
0	3071	2048	594	2926	1790
256	3071	2048	802	2934	1793
512	3071	2048	1012	2942	1797
768	3071	2048	1231	2950	1801
1024	3071	2048	1441	2957	1805
1280	3071	2048	1637	2966	1808
1536	3071	2048	1844	2973	1811
1792	3071	2048	2052	2980	1815
2048	3071	2048	2286	2989	1819
2303	3071	2048	2491	2997	1822
2559	3071	2048	2687	3005	1825
2815	3071	2048	2895	3013	1828
3071	3071	2048	3102	3020	1831
3327	3071	2048	3313	3029	1834
3583	3071	2048	3517	3036	1837
3839	3071	2048	3721	3043	1841
4095	3071	2048	3921	3050	1844
0	3327	2048	638	3160	1803
256	3327	2048	847	3167	1808
512	3327	2048	1056	3175	1811
768	3327	2048	1280	3183	1814
1024	3327	2048	1482	3191	1817
1280	3327	2048	1682	3198	1821
1536	3327	2048	1888	3206	1824
1792	3327	2048	2098	3215	1828
2048	3327	2048	2336	3222	1832
2303	3327	2048	2532	3229	1835
2559	3327	2048	2731	3238	1838
2815	3327	2048	2939	3246	1842
3071	3327	2048	3147	3252	1845
3327	3327	2048	3358	3260	1848
3583	3327	2048	3560	3268	1851
3839	3327	2048	3765	3275	1854
4095	3327	2048	3963	3282	1857
0	3583	2048	683	3394	1817
256	3583	2048	892	3402	1820
512	3583	2048	1104	3409	1824
768	3583	2048	1327	3417	1827
1024	3583	2048	1523	3425	1831
1280	3583	2048	1726	3433	1834
1536	3583	2048	1934	3441	1838
1792	3583	2048	2149	3449	1841
2048	3583	2048	2384	3457	1845
2303	3583	2048	2572	3463	1848
2559	3583	2048	2777	3471	1851
2815	3583	2048	2984	3479	1855
3071	3583	2048	3193	3487	1858
3327	3583	2048	3401	3494	1862
3583	3583	2048	3604	3502	1865
3839	3583	2048	3809	3509	1867
4095	3583	2048	4003	3515	1870
0	3839	2048	727	3628	1830
256	3839	2048	937	3637	1833
512	3839	2048	1151	3644	1837
768	3839	2048	1371	3652	1841
1024	3839	2048	1564	3660	1844
1280	3839	2048	1770	3668	1848
1536	3839	2048	1977	3676	1851
1792	3839	2048	2200	3683	1854
2048	3839	2048	2423	3691	1858
2303	3839	2048	2613	3699	1861
2559	3839	2048	2821	3706	1864
2815	3839	2048	3028	3714	1868
3071	3839	2048	3236	3721	1872
3327	3839	2048	3444	3729	1875
3583	3839	2048	3647	3736	1879
3839	3839	2048	3852	3743	1881
4095	3839	2048	4043	3750	1883
0	4095	2048	771	3861	1843
256	4095	2048	980	3868	1847
512	4095	2048	1198	3876	1850
768	4095	2048	1411	3884	1854
1024	4095	2048	1606	3891	1858
1280	4095	2048	1812	3899	1861
1536	4095	2048	2021	3906	1864
1792	4095	2048	2249	3914	1868
2048	4095	2048	2464	3921	1871
2303	4095	2048	2657	3929	1874
2559	4095	2048	2864	3936	1877
2815	4095	2048	3071	3942	1882
3071	4095	2048	3281	3950	1885
3327	4095	2048	3486	3957	1888
3583	4095	2048	3690	3964	1891
3839	4095	2048	3892	3970	1895
4095	4095	2048	4083	3976	1897
0	0	2303	17	56	1830
256	0	2303	241	64	1831
512	0	2303	469	73	1836
768	0	2303	688	82	1839
1024	0	2303	897	91	1842
1280	0	2303	1108	100	1846
1536	0	2303	1333	107	1850
1792	0	2303	1527	116	1853
2048	0	2303	1729	125	1857
2303	0	2303	1935	133	1859
2559	0	2303	2152	142	1863
2815	0	2303	2385	151	1867
3071	0	2303	2574	160	1870
3327	0	2303	2779	168	1873
3583	0	2303	2985	177	1876
3839	0	2303	3194	186	1880
4095	0	2303	3401	194	1883
0	256	2303	65	309	1843
256	256	2303	288	317	1846
512	256	2303	519	326	1849
768	256	2303	732	334	1852
1024	256	2303	942	343	1855
1280	256	2303	1156	352	1859
1536	256	2303	1375	360	1862
1792	256	2303	1568	369	1866
2048	256	2303	1774	377	1869
2303	256	2303	1979	386	1872
2559	256	2303	2203	394	1876
2815	256	2303	2425	402	1879
3071	256	2303	2617	412	1883
3327	256	2303	2823	420	1886
3583	256	2303	3031	428	1890
3839	256	2303	3239	437	1893
4095	256	2303	3446	446	1896
0	512	2303	113	560	1857
256	512	2303	338	567	1860
512	512	2303	569	576	1862
768	512	2303	777	584	1865
1024	512	2303	986	592	1869
1280	512	2303	1205	601	1873
1536	512	2303	1417	609	1876
1792	512	2303	1612	617	1879
2048	512	2303	1818	625	1883
2303	512	2303	2025	633	1886
2559	512	2303	2254	641	1889
2815	512	2303	2466	649	1893
3071	512	2303	2661	657	1896
3327	512	2303	2869	665	1900
3583	512	2303	3075	673	1903
3839	512	2303	3286	681	1906
4095	512	2303	3490	689	1910
0	768	2303	161	798	1870
256	768	2303	388	806	1873
512	768	2303	612	813	1877
768	768	2303	821	822	1880
1024	768	2303	1031	830	1883
1280	768	2303	1253	837	1886
1536	768	2303	1459	846	1889
1792	768	2303	1655	854	1893
2048	768	2303	1861	862	1896
2303	768	2303	2069	870	1900
2559	768	2303	2305	878	1903
2815	768	2303	2506	886	1906
3071	768	2303	2706	894	1910
3327	768	2303	2912	902	1913
3583	768	2303	3119	910	1916
3839	768	2303	3330	919	1920
4095	768	2303	3534	926	1923
0	1024	2303	208	1035	1884
256	1024	2303	435	1043	1887
512	1024	2303	657	1051	1891
768	1024	2303	866	1059	1894
1024	1024	2303	1076	1068	1897
1280	1024	2303	1301	1076	1900
1536	1024	2303	1499	1083	1903
1792	1024	2303	1700	1092	1906
2048	1024	2303	1906	1101	1909
2303	1024	2303	2118	1110	1913
2559	1024	2303	2355	1117	1916
2815	1024	2303	2547	1126	1920
3071	1024	2303	2750	1135	1923
3327	1024	2303	2957	1143	1926
3583	1024	2303	3164	1151	1930
3839	1024	2303	3374	1160	1933
4095	1024	2303	3577	1169	1936
0	1280	2303	256	1283	1897
256	1280	2303	485	1291	1900
512	1280	2303	701	1300	1904
768	1280	2303	911	1309	1908
1024	1280	2303	1124	1317	1911
1280	1280	2303	1348	1325	1914
1536	1280	2303	1541	1334	1916
1792	1280	2303	1745	1340	1919
2048	1280	2303	1952	1349	1923
2303	1280	2303	2169	1357	1926
2559	1280	2303	2399	1364	1930
2815	1280	2303	2589	1371	1933
3071	1280	2303	2795	1379	1936
3327	1280	2303	3001	1386	1940
3583	1280	2303	3210	1393	1943
3839	1280	2303	3418	1401	1946
4095	1280	2303	3620	1408	1950
0	1536	2303	305	1512	1910
256	1536	2303	534	1519	1913
512	1536	2303	746	1526	1918
768	1536	2303	955	1534	1921
1024	1536	2303	1172	1542	1924
1280	1536	2303	1389	1550	1928
1536	1536	2303	1580	1557	1931
1792	1536	2303	1787	1565	1933
2048	1536	2303	1995	1573	1937
2303	1536	2303	2219	1581	1941
2559	1536	2303	2438	1588	1944
2815	1536	2303	2632	1597	1947
3071	1536	2303	2839	1605	1951
3327	1536	2303	3046	1612	1953
3583	1536	2303	3254	1620	1956
3839	1536	2303	3460	1628	1960
4095	1536	2303	3663	1635	1963
0	1792	2303	353	1743	1924
256	1792	2303	582	1751	1928
512	1792	2303	790	1758	1931
768	1792	2303	1001	1767	1934
1024	1792	2303	1219	1775	1937
1280	1792	2303	1430	1783	1941
1536	1792	2303	1625	1790	1944
1792	1792	2303	1832	1799	1946
2048	1792	2303	2041	1807	1950
2303	1792	2303	2271	1815	1953
2559	1792	2303	2480	1823	1956
2815	1792	2303	2675	1832	1960
3071	1792	2303	2883	1840	1963
3327	1792	2303	3091	1846	1967
3583	1792	2303	3300	1854	1971
3839	1792	2303	3503	1862	1973
4095	1792	2303	3707	1869	1976
0	2048	2303	402	1977	1937
256	2048	2303	626	1986	1941
512	2048	2303	835	1994	1944
768	2048	2303	1045	2002	1948
1024	2048	2303	1267	2011	1951
1280	2048	2303	1471	2019	1954
1536	2048	2303	1669	2026	1957
1792	2048	2303	1875	2033	1962
2048	2048	2303	2084	2043	1964
2303	2048	2303	2321	2052	1967
2559	2048	2303	2520	2059	1970
2815	2048	2303	2720	2068	1972
3071	2048	2303	2927	2076	1977
3327	2048	2303	3135	2085	1980
3583	2048	2303	3344	2094	1982
3839	2048	2303	3547	2103	1986
4095	2048	2303	3751	2111	1988
0	2303	2303	451	2227	1950
256	2303	2303	671	2235	1953
512	2303	2303	880	2244	1957
768	2303	2303	1090	2254	1961
1024	2303	2303	1315	2261	1964
1280	2303	2303	1513	2269	1967
1536	2303	2303	1713	2278	1971
1792	2303	2303	1921	2288	1975
2048	2303	2303	2135	2296	1979
2303	2303	2303	2372	2305	1980
2559	2303	2303	2562	2313	1982
2815	2303	2303	2764	2320	1986
3071	2303	2303	2972	2328	1989
3327	2303	2303	3180	2336	1992
3583	2303	2303	3389	2344	1997
3839	2303	2303	3592	2351	2000
4095	2303	2303	3797	2359	2003
0	2559	2303	501	2466	1963
256	2559	2303	715	2474	1966
512	2559	2303	925	2481	1970
768	2559	2303	1139	2489	1973
1024	2559	2303	1362	2498	1977
1280	2559	2303	1555	2505	1980
1536	2559	2303	1759	2513	1983
1792	2559	2303	1965	2521	1987
2048	2559	2303	2186	2529	1990
2303	2559	2303	2412	2537	1993
2559	2559	2303	2601	2544	1997
2815	2559	2303	2808	2552	1999
3071	2559	2303	3016	2559	2003
3327	2559	2303	3225	2567	2006
3583	2559	2303	3432	2576	2010
3839	2559	2303	3636	2583	2013
4095	2559	2303	3841	2590	2017
0	2815	2303	549	2698	1976
256	2815	2303	760	2706	1980
512	2815	2303	969	2715	1983
768	2815	2303	1186	2723	1986
1024	2815	2303	1402	2731	1990
1280	2815	2303	1596	2739	1994
1536	2815	2303	1803	2746	1998
1792	2815	2303	2011	2754	2002
2048	2815	2303	2236	2762	2005
2303	2815	2303	2453	2770	2008
2559	2815	2303	2645	2777	2011
2815	2815	2303	2853	2785	2015
3071	2815	2303	3060	2793	2018
3327	2815	2303	3269	2800	2021
3583	2815	2303	3476	2809	2024
3839	2815	2303	3679	2816	2028
4095	2815	2303	3883	2824	2032
0	3071	2303	596	2932	1990
256	3071	2303	804	2940	1993
512	3071	2303	1014	2949	1997
768	3071	2303	1233	2956	2000
1024	3071	2303	1443	2963	2004
1280	3071	2303	1640	2972	2008
1536	3071	2303	1846	2980	2012
1792	3071	2303	2054	2988	2015
2048	3071	2303	2288	2996	2019
2303	3071	2303	2493	3003	2022
2559	3071	2303	2690	3012	2026
2815	3071	2303	2897	3019	2029
3071	3071	2303	3106	3026	2033
3327	3071	2303	3315	3035	2035
3583	3071	2303	3518	3042	2038
3839	3071	2303	3723	3049	2042
4095	3071	2303	3923	3056	2045
0	3327	2303	640	3166	2004
256	3327	2303	849	3174	2007
512	3327	2303	1059	3181	2011
768	3327	2303	1282	3189	2014
1024	3327	2303	1484	3197	2018
1280	3327	2303	1684	3204	2021
1536	3327	2303	1890	3213	2025
1792	3327	2303	2100	3221	2029
2048	3327	2303	2338	3228	2033
2303	3327	2303	2534	3236	2037
2559	3327	2303	2734	3244	2040
2815	3327	2303	2942	3252	2043
3071	3327	2303	3150	3258	2047
3327	3327	2303	3360	3267	2050
3583	3327	2303	3562	3274	2052
3839	3327	2303	3767	3282	2056
4095	3327	2303	3964	3289	2059
0	3583	2303	685	3400	2017
256	3583	2303	894	3408	2021
512	3583	2303	1106	3415	2024
768	3583	2303	1329	3423	2028
1024	3583	2303	1525	3431	2031
1280	3583	2303	1727	3439	2035
1536	3583	2303	1936	3447	2038
1792	3583	2303	2151	3455	2042
2048	3583	2303	2385	3463	2047
2303	3583	2303	2574	3470	2050
2559	3583	2303	2780	3478	2053
2815	3583	2303	2986	3486	2057
3071	3583	2303	3194	3494	2060
3327	3583	2303	3403	3501	2064
3583	3583	2303	3605	3509	2067
3839	3583	2303	3811	3516	2069
4095	3583	2303	4004	3522	2072
0	3839	2303	729	3635	2031
256	3839	2303	939	3643	2035
512	3839	2303	1152	3651	2038
768	3839	2303	1373	3658	2042
1024	3839	2303	1565	3666	2045
1280	3839	2303	1771	3675	2049
1536	3839	2303	1979	3682	2052
1792	3839	2303	2202	3690	2057
2048	3839	2303	2426	3698	2060
2303	3839	2303	2616	3706	2063
2559	3839	2303	2823	3712	2067
2815	3839	2303	3030	3720	2070
3071	3839	2303	3238	3728	2074
3327	3839	2303	3446	3736	2078
3583	3839	2303	3649	3742	2081
3839	3839	2303	3854	3750	2084
4095	3839	2303	4045	3756	2086
0	4095	2303	773	3868	2045
256	4095	2303	982	3875	2048
512	4095	2303	1200	3882	2052
768	4095	2303	1413	3890	2055
1024	4095	2303	1608	3898	2059
1280	4095	2303	1814	3905	2062
1536	4095	2303	2023	3913	2067
1792	4095	2303	2251	3921	2070
2048	4095	2303	2466	3928	2074
2303	4095	2303	2659	3935	2077
2559	4095	2303	2866	3942	2080
2815	4095	2303	3073	3949	2084
3071	4095	2303	3283	3956	2088
3327	4095	2303	3488	3964	2092
3583	4095	2303	3692	3971	2095
3839	4095	2303	3894	3977	2098
4095	4095	2303	4085	3983	2101
0	0	2559	19	62	2033
256	0	2559	243	71	2033
512	0	2559	471	79	2037
768	0	2559	690	88	2040
1024	0	2559	898	97	2045
1280	0	2559	1111	106	2048
1536	0	2559	1335	114	2052
1792	0	2559	1530	123	2055
2048	0	2559	1732	132	2059
2303	0	2559	1938	140	2062
2559	0	2559	2154	149	2066
2815	0	2559	2387	158	2069
3071	0	2559	2576	166	2073
3327	0	2559	2781	174	2076
3583	0	2559	2987	183	2079
3839	0	2559	3196	192	2083
4095	0	2559	3404	200	2086
0	256	2559	66	315	2045
256	256	2559	290	324	2048
512	256	2559	521	333	2050
768	256	2559	734	340	2054
1024	256	2559	944	349	2058
1280	256	2559	1158	358	2062
1536	256	2559	1378	367	2065
1792	256	2559	1570	375	2069
2048	256	2559	1776	383	2072
2303	256	2559	1981	392	2076
2559	256	2559	2205	400	2079
2815	256	2559	2427	409	2083
3071	256	2559	2619	418	2086
3327	256	2559	2825	426	2090
3583	256	2559	3032	434	2093
3839	256	2559	3241	443	2096
4095	256	2559	3448	452	2101
0	512	2559	115	566	2059
256	512	2559	339	574	2062
512	512	2559	570	582	2066
768	512	2559	779	591	2069
1024	512	2559	988	599	2072
1280	512	2559	1207	607	2076
1536	512	2559	1419	615	2079
1792	512	2559	1614	623	2082
2048	512	2559	1820	631	2086
2303	512	2559	2027	639	2090
2559	512	2559	2256	648	2093
2815	512	2559	2468	655	2097
3071	512	2559	2663	663	2101
3327	512	2559	2871	672	2104
3583	512	2559	3076	680	2107
3839	512	2559	3287	687	2111
4095	512	2559	3491	695	2115
0	768	2559	163	804	2073
256	768	2559	389	812	2077
512	768	2559	614	819	2080
768	768	2559	822	828	2083
1024	768	2559	1032	836	2086
1280	768	2559	1254	843	2090
1536	768	2559	1460	852	2093
1792	768	2559	1657	860	2096
2048	768	2559	1863	869	2100
2303	768	2559	2071	876	2104
2559	768	2559	2307	885	2107
2815	768	2559	2509	893	2111
3071	768	2559	2708	900	2114
3327	768	2559	2914	908	2117
3583	768	2559	3122	916	2122
3839	768	2559	3332	925	2125
4095	768	2559	3535	933	2129
0	1024	2559	210	1042	2087
256	1024	2559	437	1050	2091
512	1024	2559	659	1058	2094
768	1024	2559	867	1066	2098
1024	1024	2559	1078	1074	2101
1280	1024	2559	1302	1083	2104
1536	1024	2559	1500	1090	2107
1792	1024	2559	1701	1099	2111
2048	1024	2559	1908	1108	2115
2303	1024	2559	2120	1116	2118
2559	1024	2559	2358	1125	2121
2815	1024	2559	2550	1134	2125
3071	1024	2559	2751	1142	2128
3327	1024	2559	2959	1149	2132
3583	1024	2559	3167	1158	2136
3839	1024	2559	3376	1168	2139
4095	1024	2559	3578	1176	2142
0	1280	2559	258	1289	2101
256	1280	2559	487	1298	2104
512	1280	2559	703	1307	2108
768	1280	2559	913	1316	2112
1024	1280	2559	1125	1323	2115
1280	1280	2559	1350	1332	2119
1536	1280	2559	1543	1340	2122
1792	1280	2559	1747	1347	2125
2048	1280	2559	1954	1355	2129
2303	1280	2559	2171	1364	2132
2559	1280	2559	2401	1371	2135
2815	1280	2559	2590	1378	2139
3071	1280	2559	2797	1386	2143
3327	1280	2559	3003	1393	2146
3583	1280	2559	3212	1400	2150
3839	1280	2559	3419	1408	2153
4095	1280	2559	3622	1415	2156
0	1536	2559	306	1518	2115
256	1536	2559	535	1525	2119
512	1536	2559	748	1533	2122
768	1536	2559	957	1541	2125
1024	1536	2559	1173	1549	2130
1280	1536	2559	1390	1556	2133
1536	1536	2559	1583	1563	2136
1792	1536	2559	1790	1571	2139
2048	1536	2559	1998	1579	2143
2303	1536	2559	2222	1588	2146
2559	1536	2559	2440	1596	2149
2815	1536	2559	2633	1604	2153
3071	1536	2559	2841	1611	2157
3327	1536	2559	3048	1620	2160
3583	1536	2559	3256	1627	2163
3839	1536	2559	3462	1634	2167
4095	1536	2559	3665	1642	2169
0	1792	2559	355	1750	2129
256	1792	2559	583	1758	2132
512	1792	2559	791	1765	2136
768	1792	2559	1002	1774	2140
1024	1792	2559	1221	1782	2143
1280	1792	2559	1432	1790	2147
1536	1792	2559	1627	1797	2151
1792	1792	2559	1834	1806	2152
2048	1792	2559	2042	1815	2157
2303	1792	2559	2272	1822	2159
2559	1792	2559	2481	1830	2163
2815	1792	2559	2677	1838	2167
3071	1792	2559	2885	1846	2171
3327	1792	2559	3092	1853	2174
3583	1792	2559	3302	1861	2177
3839	1792	2559	3505	1869	2180
4095	1792	2559	3709	1876	2184
0	2048	2559	404	1984	2143
256	2048	2559	628	1993	2146
512	2048	2559	836	2001	2151
768	2048	2559	1046	2009	2154
1024	2048	2559	1269	2017	2158
1280	2048	2559	1473	2026	2161
1536	2048	2559	1671	2034	2164
1792	2048	2559	1878	2041	2167
2048	2048	2559	2086	2050	2171
2303	2048	2559	2322	2058	2174
2559	2048	2559	2522	2066	2177
2815	2048	2559	2722	2075	2180
3071	2048	2559	2928	2083	2184
3327	2048	2559	3136	2092	2187
3583	2048	2559	3347	2100	2191
3839	2048	2559	3549	2109	2195
4095	2048	2559	3753	2117	2197
0	2303	2559	453	2234	2156
256	2303	2559	672	2242	2159
512	2303	2559	881	2251	2164
768	2303	2559	1093	2260	2167
1024	2303	2559	1317	2268	2171
1280	2303	2559	1514	2277	2174
1536	2303	2559	1715	2286	2178
1792	2303	2559	1923	2295	2182
2048	2303	2559	2137	2302	2187
2303	2303	2559	2373	2312	2187
2559	2303	2559	2563	2320	2191
2815	2303	2559	2766	2327	2194
3071	2303	2559	2974	2334	2197
3327	2303	2559	3182	2342	2201
3583	2303	2559	3392	2350	2204
3839	2303	2559	3594	2357	2208
4095	2303	2559	3799	2366	2211
0	2559	2559	502	2473	2169
256	2559	2559	716	2481	2174
512	2559	2559	926	2488	2177
768	2559	2559	1140	2495	2180
1024	2559	2559	1363	2504	2185
1280	2559	2559	1556	2511	2188
1536	2559	2559	1760	2520	2192
1792	2559	2559	1967	2528	2196
2048	2559	2559	2188	2536	2200
2303	2559	2559	2413	2543	2202
2559	2559	2559	2602	2551	2205
2815	2559	2559	2811	2559	2208
3071	2559	2559	3018	2565	2210
3327	2559	2559	3227	2573	2214
3583	2559	2559	3434	2582	2218
3839	2559	2559	3637	2589	2222
4095	2559	2559	3842	2597	2224
0	2815	2559	551	2705	2184
256	2815	2559	762	2714	2188
512	2815	2559	971	2722	2191
768	2815	2559	1188	2729	2194
1024	2815	2559	1403	2737	2198
1280	2815	2559	1598	2746	2202
1536	2815	2559	1804	2753	2205
1792	2815	2559	2013	2761	2209
2048	2815	2559	2239	2769	2212
2303	2815	2559	2454	2777	2216
2559	2815	2559	2646	2784	2219
2815	2815	2559	2855	2792	2223
3071	2815	2559	3062	2800	2225
3327	2815	2559	3272	2807	2230
3583	2815	2559	3478	2815	2233
3839	2815	2559	3681	2823	2236
4095	2815	2559	3884	2830	2239
0	3071	2559	598	2939	2199
256	3071	2559	805	2948	2202
512	3071	2559	1016	2955	2204
768	3071	2559	1234	2963	2207
1024	3071	2559	1444	2971	2211
1280	3071	2559	1641	2979	2216
1536	3071	2559	1848	2987	2220
1792	3071	2559	2057	2995	2223
2048	3071	2559	2290	3002	2226
2303	3071	2559	2495	3010	2230
2559	3071	2559	2692	3019	2233
2815	3071	2559	2899	3025	2237
3071	3071	2559	3107	3033	2241
3327	3071	2559	3317	3042	2244
3583	3071	2559	3520	3049	2247
3839	3071	2559	3725	3056	2250
4095	3071	2559	3925	3063	2252
0	3327	2559	641	3174	2212
256	3327	2559	850	3181	2215
512	3327	2559	1060	3189	2218
768	3327	2559	1283	3196	2222
1024	3327	2559	1485	3204	2226
1280	3327	2559	1685	3211	2229
1536	3327	2559	1892	3220	2233
1792	3327	2559	2102	3228	2236
2048	3327	2559	2340	3235	2240
2303	3327	2559	2536	3243	2244
2559	3327	2559	2736	3250	2247
2815	3327	2559	2943	3259	2251
3071	3327	2559	3151	3266	2255
3327	3327	2559	3362	3274	2259
3583	3327	2559	3564	3281	2260
3839	3327	2559	3769	3288	2263
4095	3327	2559	3966	3295	2266
0	3583	2559	687	3407	2224
256	3583	2559	895	3415	2228
512	3583	2559	1107	3423	2232
768	3583	2559	1330	3430	2235
1024	3583	2559	1527	3438	2239
1280	3583	2559	1729	3447	2243
1536	3583	2559	1937	3454	2246
1792	3583	2559	2153	3462	2249
2048	3583	2559	2387	3470	2254
2303	3583	2559	2577	3477	2257
2559	3583	2559	2781	3485	2261
2815	3583	2559	2987	3493	2264
3071	3583	2559	3196	3501	2268
3327	3583	2559	3405	3508	2272
3583	3583	2559	3607	3515	2274
3839	3583	2559	3813	3523	2276
4095	3583	2559	4006	3529	2280
0	3839	2559	731	3642	2238
256	3839	2559	941	3650	2241
512	3839	2559	1154	3658	2246
768	3839	2559	1375	3665	2249
1024	3839	2559	1567	3674	2253
1280	3839	2559	1773	3682	2256
1536	3839	2559	1981	3690	2260
1792	3839	2559	2204	3697	2263
2048	3839	2559	2427	3705	2267
2303	3839	2559	2618	3713	2271
2559	3839	2559	2825	3719	2274
2815	3839	2559	3032	3727	2278
3071	3839	2559	3241	3735	2281
3327	3839	2559	3448	3743	2285
3583	3839	2559	3651	3749	2288
3839	3839	2559	3857	3757	2291
4095	3839	2559	4047	3763	2294
0	4095	2559	774	3875	2252
256	4095	2559	984	3882	2256
512	4095	2559	1201	3889	2259
768	4095	2559	1415	3897	2263
1024	4095	2559	1610	3905	2266
1280	4095	2559	1816	3912	2270
1536	4095	2559	2025	3920	2273
1792	4095	2559	2253	3928	2277
2048	4095	2559	2468	3935	2281
2303	4095	2559	2661	3942	2285
2559	4095	2559	2868	3950	2288
2815	4095	2559	3075	3956	2292
3071	4095	2559	3285	3963	2295
3327	4095	2559	3490	3971	2299
3583	4095	2559	3694	3978	2303
3839	4095	2559	3896	3983	2306
4095	4095	2559	4086	3990	2309
0	0	2815	21	70	2241
256	0	2815	244	78	2241
512	0	2815	473	86	2245
768	0	2815	691	95	2248
1024	0	2815	899	104	2252
1280	0	2815	1112	113	2256
1536	0	2815	1336	121	2260
1792	0	2815	1531	130	2263
2048	0	2815	1733	139	2267
2303	0	2815	1939	147	2270
2559	0	2815	2156	156	2273
2815	0	2815	2389	164	2276
3071	0	2815	2577	173	2281
3327	0	2815	2783	181	2284
3583	0	2815	2989	190	2287
3839	0	2815	3198	199	2291
4095	0	2815	3406	207	2295
0	256	2815	68	322	2253
256	256	2815	291	330	2256
512	256	2815	522	339	2259
768	256	2815	735	347	2262
1024	256	2815	945	356	2265
1280	256	2815	1159	365	2270
1536	256	2815	1379	374	2273
1792	256	2815	1572	381	2277
2048	256	2815	1777	390	2280
2303	256	2815	1983	399	2283
2559	256	2815	2207	406	2286
2815	256	2815	2429	415	2291
3071	256	2815	2621	424	2295
3327	256	2815	2826	433	2298
3583	256	2815	3034	440	2301
3839	256	2815	3243	449	2304
4095	256	2815	3450	458	2308
0	512	2815	116	572	2267
256	512	2815	340	580	2270
512	512	2815	571	588	2274
768	512	2815	780	597	2276
1024	512	2815	990	605	2280
1280	512	2815	1208	613	2284
1536	512	2815	1420	621	2287
1792	512	2815	1616	630	2291
2048	512	2815	1822	637	2293
2303	512	2815	2029	645	2297
2559	512	2815	2257	654	2301
2815	512	2815	2470	661	2305
3071	512	2815	2665	670	2309
3327	512	2815	2872	678	2312
3583	512	2815	3078	686	2316
3839	512	2815	3288	693	2319
4095	512	2815	3493	702	2322
0	768	2815	165	810	2281
256	768	2815	391	819	2284
512	768	2815	615	826	2287
768	768	2815	824	833	2291
1024	768	2815	1034	842	2294
1280	768	2815	1255	850	2298
1536	768	2815	1462	858	2301
1792	768	2815	1659	867	2304
2048	768	2815	1865	875	2308
2303	768	2815	2072	883	2312
2559	768	2815	2309	891	2316
2815	768	2815	2511	900	2319
3071	768	2815	2710	907	2323
3327	768	2815	2916	915	2326
3583	768	2815	3124	923	2329
3839	768	2815	3333	931	2333
4095	768	2815	3537	939	2337
0	1024	2815	212	1049	2294
256	1024	2815	439	1056	2298
512	1024	2815	660	1064	2302
768	1024	2815	869	1072	2306
1024	1024	2815	1079	1081	2309
1280	1024	2815	1303	1089	2312
1536	1024	2815	1502	1097	2315
1792	1024	2815	1703	1106	2318
2048	1024	2815	1909	1114	2323
2303	1024	2815	2122	1123	2327
2559	1024	2815	2360	1132	2330
2815	1024	2815	2552	1140	2333
3071	1024	2815	2753	1149	2337
3327	1024	2815	2961	1156	2340
3583	1024	2815	3168	1165	2343
3839	1024	2815	3378	1174	2348
4095	1024	2815	3580	1182	2351
0	1280	2815	259	1295	2309
256	1280	2815	488	1304	2312
512	1280	2815	704	1313	2316
768	1280	2815	914	1321	2319
1024	1280	2815	1127	1329	2323
1280	1280	2815	1352	1338	2326
1536	1280	2815	1544	1345	2329
1792	1280	2815	1748	1353	2333
2048	1280	2815	1956	1361	2337
2303	1280	2815	2173	1370	2340
2559	1280	2815	2403	1377	2344
2815	1280	2815	2592	1384	2347
3071	1280	2815	2799	1392	2351
3327	1280	2815	3005	1399	2354
3583	1280	2815	3214	1406	2358
3839	1280	2815	3421	1414	2361
4095	1280	2815	3624	1421	2364
0	1536	2815	308	1525	2323
256	1536	2815	537	1531	2327
512	1536	2815	749	1539	2330
768	1536	2815	958	1547	2333
1024	1536	2815	1175	1555	2337
1280	1536	2815	1391	1561	2341
1536	1536	2815	1585	1570	2344
1792	1536	2815	1792	1578	2347
2048	1536	2815	2000	1585	2351
2303	1536	2815	2224	1593	2354
2559	1536	2815	2442	1602	2357
2815	1536	2815	2634	1610	2361
3071	1536	2815	2843	1617	2364
3327	1536	2815	3050	1625	2368
3583	1536	2815	3258	1633	2372
3839	1536	2815	3464	1641	2375
4095	1536	2815	3667	1649	2378
0	1792	2815	356	1756	2337
256	1792	2815	584	1764	2341
512	1792	2815	793	1772	2344
768	1792	2815	1004	1780	2348
1024	1792	2815	1222	1788	2351
1280	1792	2815	1434	1796	2356
1536	1792	2815	1629	1804	2359
1792	1792	2815	1835	1813	2361
2048	1792	2815	2044	1821	2364
2303	1792	2815	2273	1828	2367
2559	1792	2815	2483	1837	2371
2815	1792	2815	2678	1845	2374
3071	1792	2815	2886	1852	2379
3327	1792	2815	3094	1860	2382
3583	1792	2815	3304	1868	2385
3839	1792	2815	3507	1876	2389
4095	1792	2815	3712	1882	2392
0	2048	2815	406	1991	2351
256	2048	2815	629	1999	2354
512	2048	2815	838	2007	2358
768	2048	2815	1048	2016	2361
1024	2048	2815	1270	2024	2366
1280	2048	2815	1474	2032	2369
1536	2048	2815	1673	2041	2373
1792	2048	2815	1879	2047	2376
2048	2048	2815	2088	2056	2378
2303	2048	2815	2324	2065	2381
2559	2048	2815	2524	2073	2384
2815	2048	2815	2724	2081	2389
3071	2048	2815	2930	2090	2393
3327	2048	2815	3138	2099	2396
3583	2048	2815	3349	2107	2399
3839	2048	2815	3551	2116	2403
4095	2048	2815	3755	2124	2405
0	2303	2815	454	2241	2364
256	2303	2815	674	2249	2367
512	2303	2815	883	2258	2371
768	2303	2815	1094	2267	2375
1024	2303	2815	1318	2275	2379
1280	2303	2815	1516	2284	2383
1536	2303	2815	1717	2293	2387
1792	2303	2815	1924	2302	2390
2048	2303	2815	2139	2310	2393
2303	2303	2815	2375	2319	2396
2559	2303	2815	2565	2327	2399
2815	2303	2815	2768	2334	2403
3071	2303	2815	2976	2342	2405
3327	2303	2815	3184	2350	2410
3583	2303	2815	3393	2358	2413
3839	2303	2815	3595	2365	2417
4095	2303	2815	3801	2372	2420
0	2559	2815	504	2479	2378
256	2559	2815	718	2487	2381
512	2559	2815	928	2494	2385
768	2559	2815	1142	2502	2389
1024	2559	2815	1364	2510	2393
1280	2559	2815	1557	2518	2396
1536	2559	2815	1762	2526	2400
1792	2559	2815	1969	2534	2404
2048	2559	2815	2190	2542	2407
2303	2559	2815	2416	2550	2411
2559	2559	2815	2605	2557	2413
2815	2559	2815	2813	2564	2416
3071	2559	2815	3020	2572	2419
3327	2559	2815	3229	2580	2423
3583	2559	2815	3436	2588	2426
3839	2559	2815	3638	2596	2429
4095	2559	2815	3844	2603	2433
0	2815	2815	552	2711	2391
256	2815	2815	763	2720	2395
512	2815	2815	972	2728	2400
768	2815	2815	1190	2735	2403
1024	2815	2815	1405	2743	2406
1280	2815	2815	1599	2752	2410
1536	2815	2815	1806	2759	2414
1792	2815	2815	2015	2767	2418
2048	2815	2815	2240	2776	2421
2303	2815	2815	2457	2783	2424
2559	2815	2815	2649	2789	2428
2815	2815	2815	2857	2798	2430
3071	2815	2815	3064	2807	2434
3327	2815	2815	3274	2814	2437
3583	2815	2815	3480	2822	2440
3839	2815	2815	3683	2829	2444
4095	2815	2815	3886	2836	2446
0	3071	2815	599	2945	2405
256	3071	2815	807	2954	2410
512	3071	2815	1018	2962	2413
768	3071	2815	1237	2970	2417
1024	3071	2815	1446	2977	2420
1280	3071	2815	1643	2985	2424
1536	3071	2815	1850	2994	2428
1792	3071	2815	2058	3001	2431
2048	3071	2815	2292	3008	2434
2303	3071	2815	2497	3017	2437
2559	3071	2815	2694	3025	2441
2815	3071	2815	2901	3032	2445
3071	3071	2815	3108	3040	2449
3327	3071	2815	3319	3048	2451
3583	3071	2815	3522	3054	2455
3839	3071	2815	3727	3062	2458
4095	3071	2815	3926	3069	2460
0	3327	2815	643	3180	2420
256	3327	2815	852	3187	2424
512	3327	2815	1062	3196	2427
768	3327	2815	1284	3203	2429
1024	3327	2815	1487	3211	2433
1280	3327	2815	1687	3218	2436
1536	3327	2815	1894	3226	2440
1792	3327	2815	2105	3234	2445
2048	3327	2815	2342	3241	2447
2303	3327	2815	2539	3249	2451
2559	3327	2815	2738	3257	2454
2815	3327	2815	2945	3265	2458
3071	3327	2815	3152	3272	2462
3327	3327	2815	3364	3280	2466
3583	3327	2815	3566	3288	2467
3839	3327	2815	3771	3295	2471
4095	3327	2815	3968	3302	2474
0	3583	2815	688	3414	2432
256	3583	2815	897	3422	2436
512	3583	2815	1109	3429	2439
768	3583	2815	1331	3437	2443
1024	3583	2815	1529	3445	2446
1280	3583	2815	1731	3453	2451
1536	3583	2815	1939	3461	2454
1792	3583	2815	2155	3469	2458
2048	3583	2815	2389	3477	2461
2303	3583	2815	2579	3483	2465
2559	3583	2815	2782	3491	2467
2815	3583	2815	2989	3499	2470
3071	3583	2815	3198	3507	2475
3327	3583	2815	3407	3514	2479
3583	3583	2815	3610	3522	2482
3839	3583	2815	3815	3529	2484
4095	3583	2815	4008	3535	2487
0	3839	2815	732	3648	2446
256	3839	2815	942	3656	2449
512	3839	2815	1156	3665	2453
768	3839	2815	1376	3671	2456
1024	3839	2815	1569	3680	2460
1280	3839	2815	1775	3688	2464
1536	3839	2815	1984	3696	2467
1792	3839	2815	2206	3703	2471
2048	3839	2815	2429	3711	2474
2303	3839	2815	2620	3719	2477
2559	3839	2815	2826	3725	2480
2815	3839	2815	3034	3733	2484
3071	3839	2815	3242	3741	2488
3327	3839	2815	3450	3749	2492
3583	3839	2815	3652	3756	2495
3839	3839	2815	3859	3763	2498
4095	3839	2815	4048	3769	2500
0	4095	2815	776	3881	2459
256	4095	2815	986	3888	2462
512	4095	2815	1203	3896	2466
768	4095	2815	1416	3903	2470
1024	4095	2815	1611	3910	2474
1280	4095	2815	1818	3918	2477
1536	4095	2815	2028	3925	2480
1792	4095	2815	2255	3934	2484
2048	4095	2815	2469	3941	2487
2303	4095	2815	2662	3948	2490
2559	4095	2815	2870	3956	2494
2815	4095	2815	3077	3962	2498
3071	4095	2815	3287	3970	2502
3327	4095	2815	3492	3977	2505
3583	4095	2815	3696	3984	2508
3839	4095	2815	3898	3989	2511
4095	4095	2815	4087	3996	2515
0	0	3071	23	75	2447
256	0	3071	246	84	2449
512	0	3071	474	93	2452
768	0	3071	692	101	2455
1024	0	3071	901	110	2459
1280	0	3071	1113	119	2463
1536	0	3071	1338	127	2466
1792	0	3071	1532	136	2470
2048	0	3071	1734	144	2474
2303	0	3071	1941	152	2477
2559	0	3071	2158	161	2481
2815	0	3071	2390	170	2484
3071	0	3071	2578	180	2487
3327	0	3071	2784	187	2490
3583	0	3071	2990	196	2494
3839	0	3071	3200	205	2498
4095	0	3071	3408	213	2502
0	256	3071	70	327	2461
256	256	3071	293	337	2463
512	256	3071	523	345	2466
768	256	3071	736	353	2470
1024	256	3071	946	362	2473
1280	256	3071	1161	371	2476
1536	256	3071	1380	379	2480
1792	256	3071	1573	388	2484
2048	256	3071	1779	396	2488
2303	256	3071	1985	405	2491
2559	256	3071	2209	412	2494
2815	256	3071	2430	421	2497
3071	256	3071	2622	430	2501
3327	256	3071	2828	439	2505
3583	256	3071	3036	446	2509
3839	256	3071	3245	455	2511
4095	256	3071	3451	464	2515
0	512	3071	118	578	2474
256	512	3071	342	586	2477
512	512	3071	572	594	2480
768	512	3071	781	603	2483
1024	512	3071	991	610	2487
1280	512	3071	1210	619	2490
1536	512	3071	1422	627	2494
1792	512	3071	1617	636	2498
2048	512	3071	1824	643	2501
2303	512	3071	2031	651	2504
2559	512	3071	2259	659	2508
2815	512	3071	2472	667	2511
3071	512	3071	2667	675	2516
3327	512	3071	2874	683	2520
3583	512	3071	3081	691	2522
3839	512	3071	3290	699	2526
4095	512	3071	3495	707	2529
0	768	3071	166	816	2489
256	768	3071	392	825	2491
512	768	3071	616	832	2494
768	768	3071	826	840	2498
1024	768	3071	1036	848	2500
1280	768	3071	1257	855	2505
1536	768	3071	1463	864	2508
1792	768	3071	1661	873	2511
2048	768	3071	1868	881	2515
2303	768	3071	2074	888	2518
2559	768	3071	2311	897	2522
2815	768	3071	2513	906	2526
3071	768	3071	2712	913	2529
3327	768	3071	2918	921	2532
3583	768	3071	3126	929	2536
3839	768	3071	3336	937	2540
4095	768	3071	3539	945	2543
0	1024	3071	214	1054	2502
256	1024	3071	440	1062	2505
512	1024	3071	661	1071	2508
768	1024	3071	869	1078	2511
1024	1024	3071	1081	1086	2516
1280	1024	3071	1305	1095	2518
1536	1024	3071	1504	1103	2521
1792	1024	3071	1705	1112	2525
2048	1024	3071	1911	1120	2529
2303	1024	3071	2124	1130	2532
2559	1024	3071	2362	1137	2537
2815	1024	3071	2554	1147	2540
3071	1024	3071	2756	1155	2543
3327	1024	3071	2963	1162	2546
3583	1024	3071	3170	1170	2550
3839	1024	3071	3381	1179	2553
4095	1024	3071	3582	1188	2556
0	1280	3071	261	1300	2515
256	1280	3071	490	1310	2518
512	1280	3071	706	1318	2521
768	1280	3071	915	1327	2526
1024	1280	3071	1128	1335	2530
1280	1280	3071	1352	1344	2532
1536	1280	3071	1545	1351	2536
1792	1280	3071	1749	1358	2538
2048	1280	3071	1958	1367	2542
2303	1280	3071	2175	1375	2546
2559	1280	3071	2405	1383	2550
2815	1280	3071	2594	1390	2553
3071	1280	3071	2801	1397	2557
3327	1280	3071	3007	1405	2560
3583	1280	3071	3216	1411	2563
3839	1280	3071	3423	1419	2566
4095	1280	3071	3626	1427	2570
0	1536	3071	310	1530	2529
256	1536	3071	538	1536	2532
512	1536	3071	751	1544	2536
768	1536	3071	960	1553	2540
1024	1536	3071	1176	1561	2544
1280	1536	3071	1393	1567	2547
1536	1536	3071	1587	1576	2550
1792	1536	3071	1794	1584	2552
2048	1536	3071	2001	1591	2556
2303	1536	3071	2225	1599	2560
2559	1536	3071	2444	1608	2563
2815	1536	3071	2637	1616	2567
3071	1536	3071	2845	1623	2570
3327	1536	3071	3052	1631	2573
3583	1536	3071	3260	1640	2576
3839	1536	3071	3467	1647	2581
4095	1536	3071	3670	1655	2584
0	1792	3071	357	1762	2542
256	1792	3071	586	1771	2547
512	1792	3071	794	1778	2550
768	1792	3071	1005	1786	2553
1024	1792	3071	1224	1794	2557
1280	1792	3071	1435	1803	2561
1536	1792	3071	1631	1810	2564
1792	1792	3071	1837	1819	2567
2048	1792	3071	2046	1826	2570
2303	1792	3071	2275	1834	2573
2559	1792	3071	2485	1843	2577
2815	1792	3071	2681	1851	2580
3071	1792	3071	2888	1858	2583
3327	1792	3071	3096	1866	2587
3583	1792	3071	3306	1874	2591
3839	1792	3071	3509	1881	2594
4095	1792	3071	3714	1888	2597
0	2048	3071	407	1997	2556
256	2048	3071	631	2005	2560
512	2048	3071	839	2014	2563
768	2048	3071	1049	2022	2567
1024	2048	3071	1272	2030	2570
1280	2048	3071	1476	2038	2574
1536	2048	3071	1675	2046	2579
1792	2048	3071	1881	2053	2581
2048	2048	3071	2092	2062	2585
2303	2048	3071	2327	2071	2587
2559	2048	3071	2526	2079	2590
2815	2048	3071	2726	2088	2593
3071	2048	3071	2932	2097	2597
3327	2048	3071	3141	2106	2601
3583	2048	3071	3351	2113	2605
3839	2048	3071	3553	2122	2608
4095	2048	3071	3757	2131	2611
0	2303	3071	456	2248	2570
256	2303	3071	676	2256	2573
512	2303	3071	884	2265	2576
768	2303	3071	1096	2274	2580
1024	2303	3071	1319	2282	2584
1280	2303	3071	1518	2291	2588
1536	2303	3071	1719	2300	2592
1792	2303	3071	1927	2309	2595
2048	2303	3071	2142	2317	2599
2303	2303	3071	2378	2325	2601
2559	2303	3071	2567	2334	2603
2815	2303	3071	2770	2341	2607
3071	2303	3071	2978	2349	2611
3327	2303	3071	3186	2357	2614
3583	2303	3071	3395	2364	2618
3839	2303	3071	3596	2371	2621
4095	2303	3071	3802	2379	2625
0	2559	3071	505	2486	2584
256	2559	3071	720	2494	2587
512	2559	3071	930	2501	2590
768	2559	3071	1143	2509	2594
1024	2559	3071	1366	2516	2597
1280	2559	3071	1559	2524	2601
1536	2559	3071	1764	2532	2605
1792	2559	3071	1972	2540	2609
2048	2559	3071	2193	2548	2612
2303	2559	3071	2418	2555	2616
2559	2559	3071	2607	2563	2617
2815	2559	3071	2815	2571	2621
3071	2559	3071	3021	2578	2624
3327	2559	3071	3231	2586	2628
3583	2559	3071	3438	2594	2631
3839	2559	3071	3640	2603	2634
4095	2559	3071	3846	2609	2637
0	2815	3071	554	2718	2597
256	2815	3071	765	2726	2600
512	2815	3071	974	2734	2604
768	2815	3071	1191	2741	2607
1024	2815	3071	1407	2749	2611
1280	2815	3071	1600	2757	2615
1536	2815	3071	1808	2765	2619
1792	2815	3071	2017	2773	2622
2048	2815	3071	2242	2781	2625
2303	2815	3071	2459	2789	2628
2559	2815	3071	2652	2796	2632
2815	2815	3071	2859	2804	2636
3071	2815	3071	3066	2812	2639
3327	2815	3071	3275	2820	2642
3583	2815	3071	3481	2828	2644
3839	2815	3071	3684	2835	2648
4095	2815	3071	3889	2842	2651
0	3071	3071	601	2951	2610
256	3071	3071	809	2959	2614
512	3071	3071	1020	2968	2617
768	3071	3071	1238	2976	2622
1024	3071	3071	1448	2983	2625
1280	3071	3071	1644	2991	2629
1536	3071	3071	1852	2999	2632
1792	3071	3071	2061	3006	2635
2048	3071	3071	2294	3014	2638
2303	3071	3071	2499	3023	2643
2559	3071	3071	2696	3030	2646
2815	3071	3071	2904	3037	2650
3071	3071	3071	3110	3046	2653
3327	3071	3071	3321	3053	2654
3583	3071	3071	3524	3060	2657
3839	3071	3071	3729	3068	2661
4095	3071	3071	3928	3075	2665
0	3327	3071	644	3186	2624
256	3327	3071	854	3193	2628
512	3327	3071	1064	3201	2632
768	3327	3071	1286	3209	2635
1024	3327	3071	1488	3217	2639
1280	3327	3071	1689	3224	2642
1536	3327	3071	1897	3232	2646
1792	3327	3071	2108	3240	2648
2048	3327	3071	2344	3247	2652
2303	3327	3071	2540	3255	2655
2559	3327	3071	2740	3262	2658
2815	3327	3071	2947	3270	2661
3071	3327	3071	3155	3278	2666
3327	3327	3071	3366	3285	2669
3583	3327	3071	3568	3293	2670
3839	3327	3071	3773	3300	2675
4095	3327	3071	3969	3308	2678
0	3583	3071	690	3420	2638
256	3583	3071	898	3428	2642
512	3583	3071	1110	3435	2645
768	3583	3071	1333	3442	2649
1024	3583	3071	1530	3451	2651
1280	3583	3071	1733	3459	2654
1536	3583	3071	1942	3466	2657
1792	3583	3071	2157	3474	2661
2048	3583	3071	2391	3483	2665
2303	3583	3071	2580	3489	2668
2559	3583	3071	2784	3497	2671
2815	3583	3071	2991	3505	2674
3071	3583	3071	3200	3512	2677
3327	3583	3071	3408	3519	2681
3583	3583	3071	3611	3527	2685
3839	3583	3071	3817	3535	2686
4095	3583	3071	4010	3541	2690
0	3839	3071	733	3654	2650
256	3839	3071	943	3662	2653
512	3839	3071	1157	3670	2657
768	3839	3071	1377	3677	2660
1024	3839	3071	1571	3685	2663
1280	3839	3071	1777	3693	2667
1536	3839	3071	1985	3701	2671
1792	3839	3071	2208	3709	2674
2048	3839	3071	2431	3717	2677
2303	3839	3071	2622	3725	2680
2559	3839	3071	2827	3732	2683
2815	3839	3071	3036	3739	2686
3071	3839	3071	3244	3746	2690
3327	3839	3071	3451	3754	2694
3583	3839	3071	3654	3762	2698
3839	3839	3071	3860	3768	2700
4095	3839	3071	4050	3775	2703
0	4095	3071	777	3887	2663
256	4095	3071	987	3893	2666
512	4095	3071	1205	3901	2669
768	4095	3071	1418	3909	2673
1024	4095	3071	1613	3916	2676
1280	4095	3071	1820	3923	2680
1536	4095	3071	2030	3931	2683
1792	4095	3071	2257	3939	2687
2048	4095	3071	2471	3946	2690
2303	4095	3071	2665	3954	2694
2559	4095	3071	2871	3961	2696
2815	4095	3071	3079	3967	2699
3071	4095	3071	3289	3975	2704
3327	4095	3071	3494	3982	2708
3583	4095	3071	3698	3989	2711
3839	4095	3071	3900	3995	2714
4095	4095	3071	4089	4001	2717
0	0	3327	25	81	2652
256	0	3327	247	91	2654
512	0	3327	474	98	2657
768	0	3327	693	107	2662
1024	0	3327	902	117	2665
1280	0	3327	1115	126	2670
1536	0	3327	1339	133	2670
1792	0	3327	1534	142	2673
2048	0	3327	1736	151	2677
2303	0	3327	1943	159	2680
2559	0	3327	2160	168	2684
2815	0	3327	2392	177	2688
3071	0	3327	2580	186	2691
3327	0	3327	2786	193	2694
3583	0	3327	2993	202	2698
3839	0	3327	3202	211	2701
4095	0	3327	3410	219	2705
0	256	3327	71	334	2666
256	256	3327	295	342	2666
512	256	3327	524	351	2669
768	256	3327	738	359	2673
1024	256	3327	948	368	2677
1280	256	3327	1163	376	2680
1536	256	3327	1382	385	2683
1792	256	3327	1574	393	2687
2048	256	3327	1781	401	2690
2303	256	3327	1987	411	2694
2559	256	3327	2211	419	2698
2815	256	3327	2432	427	2701
3071	256	3327	2624	436	2705
3327	256	3327	2831	445	2708
3583	256	3327	3039	452	2711
3839	256	3327	3247	461	2715
4095	256	3327	3454	470	2718
0	512	3327	120	584	2677
256	512	3327	343	591	2681
512	512	3327	573	601	2684
768	512	3327	783	608	2687
1024	512	3327	993	615	2690
1280	512	3327	1212	624	2694
1536	512	3327	1423	632	2697
1792	512	3327	1619	641	2701
2048	512	3327	1825	648	2704
2303	512	3327	2033	657	2708
2559	512	3327	2261	665	2712
2815	512	3327	2474	672	2715
3071	512	3327	2668	681	2718
3327	512	3327	2876	689	2722
3583	512	3327	3083	697	2725
3839	512	3327	3293	705	2729
4095	512	3327	3497	713	2732
0	768	3327	168	822	2691
256	768	3327	393	830	2695
512	768	3327	618	837	2698
768	768	3327	827	846	2702
1024	768	3327	1039	854	2703
1280	768	3327	1259	861	2707
1536	768	3327	1465	870	2710
1792	768	3327	1663	879	2714
2048	768	3327	1870	887	2718
2303	768	3327	2077	894	2722
2559	768	3327	2313	903	2726
2815	768	3327	2514	911	2728
3071	768	3327	2713	919	2731
3327	768	3327	2920	927	2735
3583	768	3327	3128	935	2738
3839	768	3327	3338	943	2742
4095	768	3327	3541	951	2745
0	1024	3327	216	1060	2705
256	1024	3327	442	1068	2708
512	1024	3327	663	1077	2711
768	1024	3327	871	1084	2715
1024	1024	3327	1083	1092	2718
1280	1024	3327	1306	1102	2720
1536	1024	3327	1506	1109	2724
1792	1024	3327	1707	1118	2728
2048	1024	3327	1914	1127	2732
2303	1024	3327	2127	1135	2735
2559	1024	3327	2364	1143	2738
2815	1024	3327	2556	1153	2742
3071	1024	3327	2758	1161	2745
3327	1024	3327	2965	1168	2748
3583	1024	3327	3173	1176	2752
3839	1024	3327	3383	1185	2755
4095	1024	3327	3584	1194	2758
0	1280	3327	263	1307	2718
256	1280	3327	492	1315	2721
512	1280	3327	707	1323	2725
768	1280	3327	917	1332	2728
1024	1280	3327	1129	1340	2732
1280	1280	3327	1354	1349	2735
1536	1280	3327	1547	1356	2738
1792	1280	3327	1751	1364	2741
2048	1280	3327	1960	1372	2745
2303	1280	3327	2177	1380	2748
2559	1280	3327	2407	1388	2752
2815	1280	3327	2597	1395	2755
3071	1280	3327	2803	1403	2758
3327	1280	3327	3009	1410	2762
3583	1280	3327	3218	1417	2765
3839	1280	3327	3426	1425	2768
4095	1280	3327	3628	1433	2772
0	1536	3327	312	1535	2731
256	1536	3327	540	1542	2735
512	1536	3327	753	1550	2738
768	1536	3327	962	1558	2742
1024	1536	3327	1178	1566	2746
1280	1536	3327	1395	1573	2749
1536	1536	3327	1589	1582	2752
1792	1536	3327	1796	1590	2755
2048	1536	3327	2004	1597	2758
2303	1536	3327	2228	1606	2761
2559	1536	3327	2446	1614	2765
2815	1536	3327	2639	1621	2768
3071	1536	3327	2847	1628	2772
3327	1536	3327	3053	1637	2775
3583	1536	3327	3262	1645	2778
3839	1536	3327	3469	1653	2782
4095	1536	3327	3672	1661	2785
0	1792	3327	360	1768	2744
256	1792	3327	588	1777	2748
512	1792	3327	796	1784	2751
768	1792	3327	1007	1792	2756
1024	1792	3327	1225	1801	2759
1280	1792	3327	1437	1809	2763
1536	1792	3327	1632	1816	2766
1792	1792	3327	1839	1824	2769
2048	1792	3327	2049	1832	2772
2303	1792	3327	2278	1840	2775
2559	1792	3327	2487	1849	2778
2815	1792	3327	2683	1856	2782
3071	1792	3327	2891	1865	2785
3327	1792	3327	3098	1872	2788
3583	1792	3327	3308	1880	2792
3839	1792	3327	3511	1888	2795
4095	1792	3327	3716	1895	2799
0	2048	3327	409	2003	2758
256	2048	3327	632	2011	2761
512	2048	3327	841	2020	2765
768	2048	3327	1051	2027	2769
1024	2048	3327	1273	2036	2772
1280	2048	3327	1477	2044	2776
1536	2048	3327	1677	2052	2779
1792	2048	3327	1883	2059	2783
2048	2048	3327	2094	2068	2787
2303	2048	3327	2329	2077	2789
2559	2048	3327	2528	2085	2791
2815	2048	3327	2728	2094	2795
3071	2048	3327	2935	2103	2798
3327	2048	3327	3143	2112	2802
3583	2048	3327	3352	2119	2805
3839	2048	3327	3555	2128	2809
4095	2048	3327	3760	2137	2812
0	2303	3327	458	2254	2771
256	2303	3327	678	2262	2775
512	2303	3327	886	2271	2778
768	2303	3327	1098	2280	2782
1024	2303	3327	1321	2289	2785
1280	2303	3327	1520	2298	2789
1536	2303	3327	1721	2307	2793
1792	2303	3327	1930	2315	2796
2048	2303	3327	2145	2323	2800
2303	2303	3327	2380	2333	2803
2559	2303	3327	2570	2340	2804
2815	2303	3327	2773	2348	2808
3071	2303	3327	2981	2355	2811
3327	2303	3327	3188	2363	2814
3583	2303	3327	3397	2371	2819
3839	2303	3327	3599	2378	2822
4095	2303	3327	3805	2386	2825
0	2559	3327	507	2492	2785
256	2559	3327	722	2500	2788
512	2559	3327	932	2507	2792
768	2559	3327	1145	2515	2795
1024	2559	3327	1368	2523	2799
1280	2559	3327	1560	2530	2802
1536	2559	3327	1766	2538	2806
1792	2559	3327	1974	2546	2810
2048	2559	3327	2195	2554	2813
2303	2559	3327	2420	2560	2817
2559	2559	3327	2610	2568	2818
2815	2559	3327	2817	2576	2821
3071	2559	3327	3024	2583	2824
3327	2559	3327	3233	2592	2828
3583	2559	3327	3440	2600	2831
3839	2559	3327	3642	2608	2835
4095	2559	3327	3849	2614	2838
0	2815	3327	555	2723	2798
256	2815	3327	767	2731	2802
512	2815	3327	976	2739	2805
768	2815	3327	1193	2747	2808
1024	2815	3327	1409	2755	2812
1280	2815	3327	1603	2763	2816
1536	2815	3327	1810	2771	2820
1792	2815	3327	2019	2779	2823
2048	2815	3327	2245	2787	2826
2303	2815	3327	2461	2795	2829
2559	2815	3327	2654	2802	2833
2815	2815	3327	2861	2809	2835
3071	2815	3327	3068	2818	2839
3327	2815	3327	3278	2825	2842
3583	2815	3327	3484	2833	2846
3839	2815	3327	3687	2841	2848
4095	2815	3327	3890	2848	2851
0	3071	3327	602	2957	2811
256	3071	3327	810	2965	2815
512	3071	3327	1021	2973	2818
768	3071	3327	1240	2981	2821
1024	3071	3327	1450	2989	2825
1280	3071	3327	1646	2997	2829
1536	3071	3327	1854	3005	2832
1792	3071	3327	2063	3012	2836
2048	3071	3327	2295	3020	2838
2303	3071	3327	2500	3028	2842
2559	3071	3327	2698	3036	2846
2815	3071	3327	2906	3043	2850
3071	3071	3327	3112	3052	2852
3327	3071	3327	3322	3058	2855
3583	3071	3327	3526	3066	2860
3839	3071	3327	3731	3074	2861
4095	3071	3327	3931	3080	2865
0	3327	3327	646	3191	2824
256	3327	3327	855	3198	2827
512	3327	3327	1066	3206	2831
768	3327	3327	1288	3214	2834
1024	3327	3327	1490	3222	2839
1280	3327	3327	1691	3229	2843
1536	3327	3327	1899	3238	2846
1792	3327	3327	2110	3246	2848
2048	3327	3327	2345	3252	2852
2303	3327	3327	2542	3261	2855
2559	3327	3327	2742	3269	2860
2815	3327	3327	2950	3276	2863
3071	3327	3327	3157	3283	2867
3327	3327	3327	3367	3291	2868
3583	3327	3327	3569	3299	2869
3839	3327	3327	3775	3306	2874
4095	3327	3327	3972	3313	2876
0	3583	3327	691	3425	2837
256	3583	3327	900	3433	2840
512	3583	3327	1112	3440	2844
768	3583	3327	1335	3448	2848
1024	3583	3327	1532	3456	2851
1280	3583	3327	1735	3465	2855
1536	3583	3327	1944	3472	2859
1792	3583	3327	2160	3480	2862
2048	3583	3327	2394	3488	2866
2303	3583	3327	2583	3495	2869
2559	3583	3327	2787	3504	2872
2815	3583	3327	2993	3511	2874
3071	3583	3327	3202	3519	2877
3327	3583	3327	3410	3526	2880
3583	3583	3327	3613	3533	2884
3839	3583	3327	3819	3541	2885
4095	3583	3327	4012	3547	2890
0	3839	3327	735	3660	2850
256	3839	3327	945	3668	2853
512	3839	3327	1158	3676	2857
768	3839	3327	1379	3683	2860
1024	3839	3327	1573	3691	2863
1280	3839	3327	1779	3700	2866
1536	3839	3327	1987	3708	2869
1792	3839	3327	2210	3715	2874
2048	3839	3327	2434	3723	2879
2303	3839	3327	2625	3731	2881
2559	3839	3327	2830	3738	2884
2815	3839	3327	3038	3745	2887
3071	3839	3327	3247	3752	2890
3327	3839	3327	3453	3760	2894
3583	3839	3327	3656	3767	2897
3839	3839	3327	3863	3774	2900
4095	3839	3327	4053	3781	2903
0	4095	3327	779	3892	2863
256	4095	3327	989	3899	2865
512	4095	3327	1206	3906	2869
768	4095	3327	1419	3914	2873
1024	4095	3327	1614	3921	2876
1280	4095	3327	1822	3929	2879
1536	4095	3327	2031	3937	2882
1792	4095	3327	2258	3945	2886
2048	4095	3327	2473	3952	2890
2303	4095	3327	2667	3959	2893
2559	4095	3327	2874	3966	2897
2815	4095	3327	3081	3973	2899
3071	4095	3327	3292	3980	2903
3327	4095	3327	3496	3988	2907
3583	4095	3327	3700	3995	2911
3839	4095	3327	3902	4000	2914
4095	4095	3327	4091	4006	2918
0	0	3583	28	87	2852
256	0	3583	249	97	2855
512	0	3583	476	105	2858
768	0	3583	695	114	2861
1024	0	3583	904	123	2865
1280	0	3583	1117	132	2870
1536	0	3583	1341	139	2873
1792	0	3583	1536	148	2876
2048	0	3583	1738	157	2879
2303	0	3583	1945	165	2883
2559	0	3583	2162	174	2887
2815	0	3583	2394	183	2888
3071	0	3583	2583	192	2892
3327	0	3583	2789	199	2895
3583	0	3583	2995	208	2898
3839	0	3583	3204	217	2901
4095	0	3583	3412	225	2905
0	256	3583	74	340	2867
256	256	3583	297	348	2866
512	256	3583	526	358	2870
768	256	3583	739	365	2874
1024	256	3583	950	374	2878
1280	256	3583	1165	383	2881
1536	256	3583	1384	391	2884
1792	256	3583	1577	399	2887
2048	256	3583	1783	408	2891
2303	256	3583	1989	417	2894
2559	256	3583	2213	424	2897
2815	256	3583	2435	433	2901
3071	256	3583	2626	442	2905
3327	256	3583	2833	451	2907
3583	256	3583	3041	458	2911
3839	256	3583	3250	467	2915
4095	256	3583	3457	476	2918
0	512	3583	122	590	2880
256	512	3583	346	598	2881
512	512	3583	575	606	2884
768	512	3583	785	614	2887
1024	512	3583	995	622	2891
1280	512	3583	1213	630	2894
1536	512	3583	1424	638	2897
1792	512	3583	1620	647	2901
2048	512	3583	1827	654	2904
2303	512	3583	2035	662	2907
2559	512	3583	2263	671	2912
2815	512	3583	2475	678	2915
3071	512	3583	2670	686	2918
3327	512	3583	2878	695	2922
3583	512	3583	3085	703	2925
3839	512	3583	3295	711	2929
4095	512	3583	3500	719	2933
0	768	3583	170	827	2890
256	768	3583	395	835	2894
512	768	3583	620	843	2898
768	768	3583	829	852	2902
1024	768	3583	1040	860	2904
1280	768	3583	1260	867	2908
1536	768	3583	1466	876	2911
1792	768	3583	1664	884	2914
2048	768	3583	1872	893	2917
2303	768	3583	2080	900	2922
2559	768	3583	2315	908	2926
2815	768	3583	2516	917	2928
3071	768	3583	2715	924	2931
3327	768	3583	2922	933	2935
3583	768	3583	3130	941	2938
3839	768	3583	3340	950	2943
4095	768	3583	3544	957	2946
0	1024	3583	218	1067	2904
256	1024	3583	444	1075	2908
512	1024	3583	665	1083	2912
768	1024	3583	873	1090	2915
1024	1024	3583	1085	1099	2918
1280	1024	3583	1308	1107	2921
1536	1024	3583	1508	1115	2924
1792	1024	3583	1709	1124	2927
2048	1024	3583	1916	1133	2932
2303	1024	3583	2129	1142	2936
2559	1024	3583	2366	1149	2939
2815	1024	3583	2558	1158	2942
3071	1024	3583	2759	1166	2945
3327	1024	3583	2967	1174	2948
3583	1024	3583	3175	1182	2953
3839	1024	3583	3386	1191	2956
4095	1024	3583	3586	1200	2959
0	1280	3583	265	1316	2918
256	1280	3583	494	1321	2921
512	1280	3583	709	1329	2925
768	1280	3583	919	1338	2929
1024	1280	3583	1131	1345	2932
1280	1280	3583	1356	1354	2935
1536	1280	3583	1549	1362	2938
1792	1280	3583	1753	1369	2942
2048	1280	3583	1962	1378	2946
2303	1280	3583	2179	1386	2949
2559	1280	3583	2408	1393	2952
2815	1280	3583	2598	1400	2955
3071	1280	3583	2805	1408	2959
3327	1280	3583	3011	1415	2963
3583	1280	3583	3220	1422	2966
3839	1280	3583	3427	1430	2969
4095	1280	3583	3630	1439	2973
0	1536	3583	313	1542	2932
256	1536	3583	542	1548	2935
512	1536	3583	754	1556	2939
768	1536	3583	963	1564	2942
1024	1536	3583	1179	1571	2946
1280	1536	3583	1396	1579	2949
1536	1536	3583	1591	1587	2953
1792	1536	3583	1797	1596	2956
2048	1536	3583	2006	1603	2959
2303	1536	3583	2231	1611	2962
2559	1536	3583	2449	1619	2965
2815	1536	3583	2642	1627	2969
3071	1536	3583	2848	1634	2973
3327	1536	3583	3055	1642	2976
3583	1536	3583	3264	1651	2980
3839	1536	3583	3471	1658	2983
4095	1536	3583	3674	1667	2986
0	1792	3583	361	1774	2945
256	1792	3583	589	1782	2949
512	1792	3583	797	1790	2952
768	1792	3583	1008	1798	2955
1024	1792	3583	1226	1806	2959
1280	1792	3583	1438	1815	2964
1536	1792	3583	1633	1822	2967
1792	1792	3583	1841	1830	2971
2048	1792	3583	2052	1839	2973
2303	1792	3583	2280	1847	2975
2559	1792	3583	2489	1855	2979
2815	1792	3583	2685	1863	2983
3071	1792	3583	2893	1871	2986
3327	1792	3583	3099	1878	2990
3583	1792	3583	3309	1886	2993
3839	1792	3583	3513	1894	2996
4095	1792	3583	3718	1901	2999
0	2048	3583	411	2009	2958
256	2048	3583	634	2017	2962
512	2048	3583	843	2026	2965
768	2048	3583	1053	2033	2968
1024	2048	3583	1274	2042	2973
1280	2048	3583	1478	2050	2977
1536	2048	3583	1678	2058	2980
1792	2048	3583	1886	2065	2984
2048	2048	3583	2096	2074	2986
2303	2048	3583	2331	2083	2989
2559	2048	3583	2530	2091	2993
2815	2048	3583	2730	2100	2996
3071	2048	3583	2937	2108	3000
3327	2048	3583	3145	2117	3002
3583	2048	3583	3354	2125	3006
3839	2048	3583	3558	2134	3010
4095	2048	3583	3761	2143	3013
0	2303	3583	459	2260	2971
256	2303	3583	679	2268	2975
512	2303	3583	888	2277	2978
768	2303	3583	1100	2286	2983
1024	2303	3583	1323	2294	2987
1280	2303	3583	1522	2304	2990
1536	2303	3583	1723	2313	2994
1792	2303	3583	1931	2322	2997
2048	2303	3583	2146	2330	3000
2303	2303	3583	2380	2339	3003
2559	2303	3583	2571	2347	3007
2815	2303	3583	2775	2354	3010
3071	2303	3583	2982	2361	3012
3327	2303	3583	3190	2368	3016
3583	2303	3583	3400	2377	3020
3839	2303	3583	3602	2384	3023
4095	2303	3583	3807	2392	3027
0	2559	3583	509	2497	2985
256	2559	3583	723	2505	2988
512	2559	3583	933	2512	2993
768	2559	3583	1147	2521	2996
1024	2559	3583	1370	2529	3001
1280	2559	3583	1562	2536	3004
1536	2559	3583	1768	2544	3007
1792	2559	3583	1976	2552	3011
2048	2559	3583	2197	2559	3014
2303	2559	3583	2421	2566	3018
2559	2559	3583	2611	2574	3021
2815	2559	3583	2817	2582	3022
3071	2559	3583	3025	2589	3026
3327	2559	3583	3235	2597	3030
3583	2559	3583	3443	2605	3033
3839	2559	3583	3645	2613	3038
4095	2559	3583	3851	2620	3041
0	2815	3583	557	2728	2999
256	2815	3583	768	2736	3003
512	2815	3583	977	2744	3006
768	2815	3583	1194	2752	3010
1024	2815	3583	1410	2760	3014
1280	2815	3583	1604	2769	3017
1536	2815	3583	1811	2776	3021
1792	2815	3583	2021	2784	3024
2048	2815	3583	2246	2792	3028
2303	2815	3583	2461	2800	3031
2559	2815	3583	2654	2807	3035
2815	2815	3583	2862	2815	3037
3071	2815	3583	3069	2823	3039
3327	2815	3583	3279	2830	3043
3583	2815	3583	3486	2838	3048
3839	2815	3583	3688	2847	3051
4095	2815	3583	3892	2854	3053
0	3071	3583	604	2962	3012
256	3071	3583	812	2970	3016
512	3071	3583	1023	2978	3019
768	3071	3583	1241	2987	3023
1024	3071	3583	1451	2994	3027
1280	3071	3583	1648	3002	3031
1536	3071	3583	1856	3010	3034
1792	3071	3583	2064	3018	3038
2048	3071	3583	2296	3026	3041
2303	3071	3583	2502	3034	3044
2559	3071	3583	2700	3042	3048
2815	3071	3583	2907	3049	3051
3071	3071	3583	3113	3056	3053
3327	3071	3583	3323	3064	3057
3583	3071	3583	3527	3072	3061
3839	3071	3583	3732	3079	3064
4095	3071	3583	3932	3086	3067
0	3327	3583	648	3197	3026
256	3327	3583	857	3204	3030
512	3327	3583	1068	3212	3033
768	3327	3583	1290	3220	3037
1024	3327	3583	1492	3229	3041
1280	3327	3583	1692	3236	3044
1536	3327	3583	1900	3243	3048
1792	3327	3583	2112	3251	3051
2048	3327	3583	2347	3259	3055
2303	3327	3583	2543	3267	3058
2559	3327	3583	2744	3274	3061
2815	3327	3583	2952	3282	3064
3071	3327	3583	3159	3289	3068
3327	3327	3583	3370	3296	3071
3583	3327	3583	3571	3305	3074
3839	3327	3583	3777	3311	3076
4095	3327	3583	3973	3318	3080
0	3583	3583	693	3430	3039
256	3583	3583	901	3439	3043
512	3583	3583	1115	3446	3046
768	3583	3583	1337	3455	3050
1024	3583	3583	1534	3463	3054
1280	3583	3583	1736	3471	3058
1536	3583	3583	1945	3478	3061
1792	3583	3583	2161	3486	3064
2048	3583	3583	2395	3494	3069
2303	3583	3583	2584	3501	3072
2559	3583	3583	2789	3509	3074
2815	3583	3583	2996	3517	3078
3071	3583	3583	3205	3524	3081
3327	3583	3583	3413	3531	3086
3583	3583	3583	3615	3539	3087
3839	3583	3583	3822	3546	3088
4095	3583	3583	4014	3552	3091
0	3839	3583	737	3665	3052
256	3839	3583	947	3674	3056
512	3839	3583	1161	3682	3060
768	3839	3583	1381	3689	3063
1024	3839	3583	1574	3697	3067
1280	3839	3583	1780	3705	3070
1536	3839	3583	1988	3713	3074
1792	3839	3583	2212	3720	3078
2048	3839	3583	2435	3728	3081
2303	3839	3583	2625	3736	3085
2559	3839	3583	2833	3742	3087
2815	3839	3583	3041	3750	3090
3071	3839	3583	3248	3758	3093
3327	3839	3583	3455	3766	3096
3583	3839	3583	3657	3773	3099
3839	3839	3583	3865	3780	3102
4095	3839	3583	4053	3785	3103
0	4095	3583	781	3897	3066
256	4095	3583	991	3904	3069
512	4095	3583	1208	3912	3072
768	4095	3583	1420	3920	3077
1024	4095	3583	1616	3927	3079
1280	4095	3583	1823	3934	3083
1536	4095	3583	2033	3942	3085
1792	4095	3583	2260	3950	3088
2048	4095	3583	2474	3956	3091
2303	4095	3583	2668	3964	3095
2559	4095	3583	2876	3972	3098
2815	4095	3583	3083	3978	3101
3071	4095	3583	3293	3985	3105
3327	4095	3583	3497	3993	3108
3583	4095	3583	3702	4000	3110
3839	4095	3583	3903	4005	3113
4095	4095	3583	4091	4012	3117
0	0	3839	30	94	3053
256	0	3839	251	103	3056
512	0	3839	478	110	3059
768	0	3839	697	119	3062
1024	0	3839	906	128	3066
1280	0	3839	1119	137	3070
1536	0	3839	1342	146	3073
1792	0	3839	1538	154	3077
2048	0	3839	1740	163	3080
2303	0	3839	1947	171	3084
2559	0	3839	2164	180	3086
2815	0	3839	2396	189	3091
3071	0	3839	2585	198	3094
3327	0	3839	2791	206	3097
3583	0	3839	2997	214	3101
3839	0	3839	3205	223	3104
4095	0	3839	3413	231	3105
0	256	3839	76	346	3067
256	256	3839	299	354	3068
512	256	3839	528	363	3071
768	256	3839	741	371	3075
1024	256	3839	951	380	3079
1280	256	3839	1166	389	3081
1536	256	3839	1385	397	3086
1792	256	3839	1579	405	3089
2048	256	3839	1785	414	3094
2303	256	3839	1991	422	3096
2559	256	3839	2216	430	3100
2815	256	3839	2437	439	3104
3071	256	3839	2628	448	3104
3327	256	3839	2835	457	3109
3583	256	3839	3042	464	3112
3839	256	3839	3251	473	3115
4095	256	3839	3457	482	3119
0	512	3839	124	595	3080
256	512	3839	347	603	3083
512	512	3839	577	612	3085
768	512	3839	786	620	3088
1024	512	3839	996	627	3091
1280	512	3839	1215	635	3097
1536	512	3839	1426	644	3100
1792	512	3839	1622	653	3104
2048	512	3839	1829	659	3105
2303	512	3839	2036	668	3108
2559	512	3839	2266	676	3111
2815	512	3839	2478	684	3115
3071	512	3839	2673	692	3119
3327	512	3839	2880	700	3121
3583	512	3839	3087	708	3125
3839	512	3839	3297	716	3128
4095	512	3839	3501	725	3131
0	768	3839	172	833	3093
256	768	3839	397	841	3097
512	768	3839	621	848	3100
768	768	3839	830	857	3103
1024	768	3839	1042	865	3106
1280	768	3839	1262	873	3109
1536	768	3839	1468	881	3112
1792	768	3839	1665	890	3114
2048	768	3839	1873	899	3117
2303	768	3839	2081	905	3121
2559	768	3839	2317	914	3123
2815	768	3839	2518	923	3127
3071	768	3839	2717	930	3131
3327	768	3839	2924	938	3134
3583	768	3839	3132	946	3137
3839	768	3839	3342	955	3140
4095	768	3839	3545	962	3143
0	1024	3839	219	1073	3105
256	1024	3839	445	1081	3108
512	1024	3839	666	1089	3111
768	1024	3839	875	1097	3115
1024	1024	3839	1087	1105	3119
1280	1024	3839	1311	1113	3121
1536	1024	3839	1510	1121	3124
1792	1024	3839	1710	1130	3127
2048	1024	3839	1917	1139	3130
2303	1024	3839	2131	1147	3133
2559	1024	3839	2366	1155	3137
2815	1024	3839	2559	1164	3139
3071	1024	3839	2761	1172	3143
3327	1024	3839	2968	1179	3146
3583	1024	3839	3176	1188	3149
3839	1024	3839	3386	1197	3152
4095	1024	3839	3586	1206	3156
0	1280	3839	266	1325	3117
256	1280	3839	495	1329	3119
512	1280	3839	710	1334	3124
768	1280	3839	920	1343	3128
1024	1280	3839	1134	1351	3131
1280	1280	3839	1358	1360	3134
1536	1280	3839	1551	1368	3136
1792	1280	3839	1754	1375	3139
2048	1280	3839	1963	1383	3143
2303	1280	3839	2180	1391	3147
2559	1280	3839	2409	1398	3150
2815	1280	3839	2599	1406	3153
3071	1280	3839	2805	1413	3156
3327	1280	3839	3012	1421	3159
3583	1280	3839	3221	1428	3161
3839	1280	3839	3428	1436	3165
4095	1280	3839	3631	1444	3168
0	1536	3839	314	1549	3130
256	1536	3839	542	1554	3134
512	1536	3839	755	1561	3137
768	1536	3839	964	1569	3140
1024	1536	3839	1180	1577	3143
1280	1536	3839	1397	1584	3146
1536	1536	3839	1592	1593	3149
1792	1536	3839	1798	1601	3152
2048	1536	3839	2007	1608	3156
2303	1536	3839	2232	1617	3159
2559	1536	3839	2450	1625	3162
2815	1536	3839	2642	1633	3165
3071	1536	3839	2849	1641	3168
3327	1536	3839	3057	1648	3171
3583	1536	3839	3266	1656	3175
3839	1536	3839	3472	1664	3178
4095	1536	3839	3674	1672	3180
0	1792	3839	362	1779	3143
256	1792	3839	590	1788	3146
512	1792	3839	798	1795	3149
768	1792	3839	1009	1803	3152
1024	1792	3839	1227	1812	3155
1280	1792	3839	1438	1820	3158
1536	1792	3839	1634	1828	3162
1792	1792	3839	1843	1836	3166
2048	1792	3839	2053	1845	3167
2303	1792	3839	2281	1852	3170
2559	1792	3839	2491	1861	3174
2815	1792	3839	2687	1869	3176
3071	1792	3839	2893	1876	3180
3327	1792	3839	3099	1883	3183
3583	1792	3839	3310	1892	3186
3839	1792	3839	3514	1900	3189
4095	1792	3839	3718	1907	3192
0	2048	3839	412	2015	3155
256	2048	3839	635	2023	3158
512	2048	3839	844	2031	3160
768	2048	3839	1053	2039	3164
1024	2048	3839	1275	2047	3167
1280	2048	3839	1479	2056	3171
1536	2048	3839	1679	2064	3174
1792	2048	3839	1887	2071	3178
2048	2048	3839	2097	2079	3180
2303	2048	3839	2331	2088	3182
2559	2048	3839	2531	2097	3186
2815	2048	3839	2731	2106	3189
3071	2048	3839	2937	2114	3192
3327	2048	3839	3145	2123	3195
3583	2048	3839	3354	2132	3198
3839	2048	3839	3558	2140	3201
4095	2048	3839	3762	2149	3204
0	2303	3839	460	2266	3166
256	2303	3839	680	2274	3170
512	2303	3839	888	2283	3173
768	2303	3839	1100	2293	3176
1024	2303	3839	1323	2301	3180
1280	2303	3839	1523	2310	3184
1536	2303	3839	1724	2319	3187
1792	2303	3839	1932	2328	3190
2048	2303	3839	2146	2337	3192
2303	2303	3839	2380	2345	3195
2559	2303	3839	2571	2353	3198
2815	2303	3839	2775	2360	3200
3071	2303	3839	2982	2368	3203
3327	2303	3839	3190	2375	3207
3583	2303	3839	3399	2383	3210
3839	2303	3839	3601	2390	3213
4095	2303	3839	3808	2398	3216
0	2559	3839	510	2503	3179
256	2559	3839	724	2511	3182
512	2559	3839	933	2519	3185
768	2559	3839	1147	2527	3188
1024	2559	3839	1370	2534	3193
1280	2559	3839	1563	2542	3196
1536	2559	3839	1768	2550	3199
1792	2559	3839	1976	2558	3203
2048	2559	3839	2197	2566	3205
2303	2559	3839	2422	2573	3208
2559	2559	3839	2612	2580	3210
2815	2559	3839	2818	2588	3213
3071	2559	3839	3025	2595	3216
3327	2559	3839	3235	2603	3219
3583	2559	3839	3442	2611	3222
3839	2559	3839	3645	2618	3225
4095	2559	3839	3851	2626	3228
0	2815	3839	558	2734	3191
256	2815	3839	768	2743	3194
512	2815	3839	977	2751	3197
768	2815	3839	1195	2758	3201
1024	2815	3839	1410	2766	3205
1280	2815	3839	1604	2774	3208
1536	2815	3839	1812	2782	3211
1792	2815	3839	2022	2790	3214
2048	2815	3839	2246	2798	3217
2303	2815	3839	2461	2806	3220
2559	2815	3839	2655	2813	3224
2815	2815	3839	2861	2821	3226
3071	2815	3839	3070	2829	3228
3327	2815	3839	3280	2836	3232
3583	2815	3839	3486	2844	3235
3839	2815	3839	3688	2852	3238
4095	2815	3839	3892	2859	3241
0	3071	3839	605	2969	3203
256	3071	3839	813	2977	3206
512	3071	3839	1023	2985	3210
768	3071	3839	1242	2993	3213
1024	3071	3839	1451	3000	3217
1280	3071	3839	1647	3009	3220
1536	3071	3839	1855	3017	3223
1792	3071	3839	2064	3024	3226
2048	3071	3839	2297	3032	3229
2303	3071	3839	2503	3040	3233
2559	3071	3839	2700	3049	3236
2815	3071	3839	2907	3055	3239
3071	3071	3839	3114	3063	3241
3327	3071	3839	3325	3071	3244
3583	3071	3839	3527	3078	3247
3839	3071	3839	3732	3086	3251
4095	3071	3839	3932	3093	3254
0	3327	3839	648	3203	3216
256	3327	3839	857	3210	3220
512	3327	3839	1069	3219	3223
768	3327	3839	1291	3226	3226
1024	3327	3839	1492	3235	3229
1280	3327	3839	1693	3242	3232
1536	3327	3839	1900	3250	3235
1792	3327	3839	2112	3258	3239
2048	3327	3839	2348	3265	3243
2303	3327	3839	2544	3273	3245
2559	3327	3839	2745	3281	3248
2815	3327	3839	2952	3288	3251
3071	3327	3839	3159	3295	3254
3327	3327	3839	3369	3303	3256
3583	3327	3839	3571	3312	3260
3839	3327	3839	3777	3318	3263
4095	3327	3839	3974	3325	3265
0	3583	3839	693	3437	3228
256	3583	3839	902	3445	3232
512	3583	3839	1115	3452	3235
768	3583	3839	1337	3461	3238
1024	3583	3839	1534	3469	3241
1280	3583	3839	1736	3477	3244
1536	3583	3839	1946	3484	3247
1792	3583	3839	2163	3493	3251
2048	3583	3839	2396	3501	3255
2303	3583	3839	2584	3508	3258
2559	3583	3839	2790	3516	3261
2815	3583	3839	2997	3523	3264
3071	3583	3839	3205	3531	3266
3327	3583	3839	3412	3539	3270
3583	3583	3839	3616	3546	3272
3839	3583	3839	3821	3553	3274
4095	3583	3839	4015	3559	3277
0	3839	3839	737	3672	3240
256	3839	3839	947	3680	3243
512	3839	3839	1161	3688	3246
768	3839	3839	1382	3695	3249
1024	3839	3839	1574	3704	3253
1280	3839	3839	1781	3712	3255
1536	3839	3839	1990	3720	3259
1792	3839	3839	2213	3727	3262
2048	3839	3839	2436	3735	3266
2303	3839	3839	2626	3742	3269
2559	3839	3839	2834	3750	3273
2815	3839	3839	3040	3758	3276
3071	3839	3839	3248	3765	3279
3327	3839	3839	3455	3772	3282
3583	3839	3839	3657	3779	3285
3839	3839	3839	3864	3786	3287
4095	3839	3839	4054	3792	3288
0	4095	3839	781	3904	3252
256	4095	3839	991	3911	3255
512	4095	3839	1208	3919	3258
768	4095	3839	1421	3926	3261
1024	4095	3839	1617	3933	3265
1280	4095	3839	1824	3941	3269
1536	4095	3839	2033	3949	3272
1792	4095	3839	2260	3956	3275
2048	4095	3839	2475	3963	3278
2303	4095	3839	2668	3971	3282
2559	4095	3839	2875	3978	3285
2815	4095	3839	3083	3984	3285
3071	4095	3839	3293	3992	3289
3327	4095	3839	3497	3999	3292
3583	4095	3839	3701	4006	3296
3839	4095	3839	3904	4012	3300
4095	4095	3839	4093	4017	3303
0	0	4095	31	101	3242
256	0	4095	252	109	3244
512	0	4095	479	117	3247
768	0	4095	697	127	3251
1024	0	4095	906	135	3254
1280	0	4095	1119	144	3257
1536	0	4095	1342	153	3260
1792	0	4095	1537	161	3263
2048	0	4095	1739	170	3265
2303	0	4095	1946	178	3269
2559	0	4095	2164	187	3272
2815	0	4095	2395	196	3276
3071	0	4095	2583	205	3279
3327	0	4095	2790	212	3282
3583	0	4095	2997	221	3285
3839	0	4095	3205	230	3287
4095	0	4095	3413	238	3291
0	256	4095	78	352	3255
256	256	4095	300	361	3256
512	256	4095	528	370	3260
768	256	4095	740	378	3262
1024	256	4095	951	387	3265
1280	256	4095	1166	395	3269
1536	256	4095	1385	404	3271
1792	256	4095	1577	412	3274
2048	256	4095	1783	420	3277
2303	256	4095	1990	429	3280
2559	256	4095	2214	437	3284
2815	256	4095	2434	446	3288
3071	256	4095	2627	455	3291
3327	256	4095	2835	463	3294
3583	256	4095	3041	471	3297
3839	256	4095	3250	480	3300
4095	256	4095	3457	488	3303
0	512	4095	125	602	3267
256	512	4095	347	610	3269
512	512	4095	577	619	3271
768	512	4095	786	627	3273
1024	512	4095	996	634	3278
1280	512	4095	1214	642	3281
1536	512	4095	1426	650	3284
1792	512	4095	1620	658	3288
2048	512	4095	1827	666	3291
2303	512	4095	2037	675	3294
2559	512	4095	2265	683	3297
2815	512	4095	2476	691	3299
3071	512	4095	2672	699	3302
3327	512	4095	2880	707	3306
3583	512	4095	3085	716	3310
3839	512	4095	3296	722	3313
4095	512	4095	3500	730	3317
0	768	4095	172	839	3277
256	768	4095	396	848	3282
512	768	4095	620	855	3284
768	768	4095	829	863	3286
1024	768	4095	1042	872	3289
1280	768	4095	1262	879	3293
1536	768	4095	1467	888	3298
1792	768	4095	1664	896	3300
2048	768	4095	1872	905	3302
2303	768	4095	2082	912	3305
2559	768	4095	2316	920	3308
2815	768	4095	2517	929	3312
3071	768	4095	2716	936	3317
3327	768	4095	2923	944	3321
3583	768	4095	3130	953	3325
3839	768	4095	3340	961	3329
4095	768	4095	3543	968	3331
0	1024	4095	220	1079	3291
256	1024	4095	445	1087	3293
512	1024	4095	665	1095	3296
768	1024	4095	873	1102	3299
1024	1024	4095	1086	1112	3302
1280	1024	4095	1310	1120	3306
1536	1024	4095	1508	1128	3309
1792	1024	4095	1709	1137	3312
2048	1024	4095	1917	1145	3316
2303	1024	4095	2130	1154	3319
2559	1024	4095	2366	1160	3323
2815	1024	4095	2558	1170	3327
3071	1024	4095	2760	1178	3332
3327	1024	4095	2968	1186	3336
3583	1024	4095	3175	1195	3339
3839	1024	4095	3385	1203	3343
4095	1024	4095	3585	1212	3346
0	1280	4095	266	1323	3302
256	1280	4095	494	1332	3306
512	1280	4095	710	1341	3309
768	1280	4095	920	1350	3313
1024	1280	4095	1133	1357	3318
1280	1280	4095	1356	1365	3322
1536	1280	4095	1550	1374	3324
1792	1280	4095	1753	1381	3328
2048	1280	4095	1962	1389	3332
2303	1280	4095	2179	1396	3335
2559	1280	4095	2409	1404	3338
2815	1280	4095	2598	1411	3344
3071	1280	4095	2805	1419	3347
3327	1280	4095	3012	1427	3351
3583	1280	4095	3221	1434	3354
3839	1280	4095	3428	1442	3357
4095	1280	4095	3631	1450	3361
0	1536	4095	314	1553	3317
256	1536	4095	542	1560	3320
512	1536	4095	756	1568	3324
768	1536	4095	965	1576	3328
1024	1536	4095	1181	1584	3332
1280	1536	4095	1398	1591	3336
1536	1536	4095	1592	1599	3340
1792	1536	4095	1799	1607	3343
2048	1536	4095	2008	1615	3346
2303	1536	4095	2233	1623	3350
2559	1536	4095	2450	1631	3355
2815	1536	4095	2643	1639	3358
3071	1536	4095	2850	1647	3361
3327	1536	4095	3057	1654	3366
3583	1536	4095	3266	1662	3369
3839	1536	4095	3472	1670	3373
4095	1536	4095	3675	1677	3377
0	1792	4095	363	1785	3332
256	1792	4095	590	1794	3335
512	1792	4095	799	1801	3339
768	1792	4095	1010	1810	3343
1024	1792	4095	1228	1818	3347
1280	1792	4095	1439	1826	3350
1536	1792	4095	1635	1833	3355
1792	1792	4095	1843	1842	3358
2048	1792	4095	2053	1851	3360
2303	1792	4095	2281	1858	3365
2559	1792	4095	2491	1866	3368
2815	1792	4095	2687	1874	3372
3071	1792	4095	2894	1881	3376
3327	1792	4095	3100	1888	3379
3583	1792	4095	3311	1897	3383
3839	1792	4095	3514	1905	3387
4095	1792	4095	3719	1912	3390
0	2048	4095	412	2021	3346
256	2048	4095	634	2030	3350
512	2048	4095	844	2038	3354
768	2048	4095	1054	2046	3358
1024	2048	4095	1276	2053	3362
1280	2048	4095	1480	2062	3365
1536	2048	4095	1680	2070	3369
1792	2048	4095	1887	2077	3373
2048	2048	4095	2097	2085	3376
2303	2048	4095	2332	2095	3379
2559	2048	4095	2531	2103	3383
2815	2048	4095	2731	2111	3386
3071	2048	4095	2938	2120	3390
3327	2048	4095	3145	2129	3393
3583	2048	4095	3355	2137	3397
3839	2048	4095	3558	2147	3401
4095	2048	4095	3762	2155	3404
0	2303	4095	461	2273	3361
256	2303	4095	680	2281	3365
512	2303	4095	889	2290	3369
768	2303	4095	1101	2299	3372
1024	2303	4095	1324	2307	3376
1280	2303	4095	1523	2316	3380
1536	2303	4095	1724	2325	3383
1792	2303	4095	1932	2334	3388
2048	2303	4095	2147	2342	3391
2303	2303	4095	2383	2351	3394
2559	2303	4095	2572	2360	3397
2815	2303	4095	2775	2367	3401
3071	2303	4095	2983	2374	3404
3327	2303	4095	3191	2382	3408
3583	2303	4095	3401	2389	3412
3839	2303	4095	3602	2396	3415
4095	2303	4095	3809	2404	3419
0	2559	4095	510	2509	3376
256	2559	4095	724	2517	3379
512	2559	4095	934	2525	3383
768	2559	4095	1149	2533	3387
1024	2559	4095	1370	2540	3391
1280	2559	4095	1564	2547	3394
1536	2559	4095	1769	2555	3399
1792	2559	4095	1977	2563	3403
2048	2559	4095	2198	2571	3406
2303	2559	4095	2422	2578	3410
2559	2559	4095	2612	2585	3413
2815	2559	4095	2821	2593	3415
3071	2559	4095	3027	2600	3419
3327	2559	4095	3236	2608	3423
3583	2559	4095	3443	2616	3426
3839	2559	4095	3645	2624	3430
4095	2559	4095	3852	2631	3433
0	2815	4095	558	2740	3390
256	2815	4095	769	2749	3394
512	2815	4095	979	2757	3397
768	2815	4095	1196	2764	3401
1024	2815	4095	1410	2772	3405
1280	2815	4095	1605	2780	3410
1536	2815	4095	1812	2788	3413
1792	2815	4095	2022	2796	3417
2048	2815	4095	2247	2804	3421
2303	2815	4095	2463	2812	3424
2559	2815	4095	2657	2819	3428
2815	2815	4095	2863	2826	3430
3071	2815	4095	3071	2834	3434
3327	2815	4095	3281	2842	3437
3583	2815	4095	3487	2849	3441
3839	2815	4095	3689	2857	3445
4095	2815	4095	3893	2865	3448
0	3071	4095	605	2975	3405
256	3071	4095	813	2983	3408
512	3071	4095	1024	2991	3412
768	3071	4095	1242	2998	3415
1024	3071	4095	1452	3005	3420
1280	3071	4095	1648	3014	3424
1536	3071	4095	1856	3023	3427
1792	3071	4095	2066	3029	3431
2048	3071	4095	2298	3037	3435
2303	3071	4095	2504	3045	3439
2559	3071	4095	2701	3054	3442
2815	3071	4095	2908	3060	3446
3071	3071	4095	3115	3068	3449
3327	3071	4095	3326	3076	3452
3583	3071	4095	3529	3083	3455
3839	3071	4095	3734	3091	3459
4095	3071	4095	3933	3099	3462
0	3327	4095	649	3209	3419
256	3327	4095	858	3216	3423
512	3327	4095	1070	3224	3426
768	3327	4095	1291	3231	3431
1024	3327	4095	1493	3240	3434
1280	3327	4095	1694	3247	3438
1536	3327	4095	1901	3255	3441
1792	3327	4095	2113	3263	3445
2048	3327	4095	2348	3270	3449
2303	3327	4095	2544	3278	3453
2559	3327	4095	2745	3286	3456
2815	3327	4095	2953	3294	3460
3071	3327	4095	3161	3301	3464
3327	3327	4095	3370	3309	3467
3583	3327	4095	3573	3317	3469
3839	3327	4095	3778	3323	3473
4095	3327	4095	3975	3330	3477
0	3583	4095	694	3442	3433
256	3583	4095	903	3451	3437
512	3583	4095	1116	3457	3441
768	3583	4095	1338	3466	3445
1024	3583	4095	1535	3474	3448
1280	3583	4095	1738	3482	3451
1536	3583	4095	1947	3490	3455
1792	3583	4095	2164	3498	3459
2048	3583	4095	2396	3506	3463
2303	3583	4095	2585	3513	3468
2559	3583	4095	2790	3520	3471
2815	3583	4095	2997	3528	3475
3071	3583	4095	3206	3536	3478
3327	3583	4095	3414	3543	3482
3583	3583	4095	3617	3551	3484
3839	3583	4095	3822	3558	3488
4095	3583	4095	4015	3564	3491
0	3839	4095	738	3677	3446
256	3839	4095	948	3685	3451
512	3839	4095	1163	3693	3455
768	3839	4095	1383	3701	3459
1024	3839	4095	1576	3709	3462
1280	3839	4095	1782	3717	3466
1536	3839	4095	1991	3725	3469
1792	3839	4095	2214	3732	3472
2048	3839	4095	2436	3740	3477
2303	3839	4095	2627	3747	3481
2559	3839	4095	2834	3754	3485
2815	3839	4095	3041	3762	3488
3071	3839	4095	3250	3770	3492
3327	3839	4095	3458	3778	3496
3583	3839	4095	3660	3784	3500
3839	3839	4095	3866	3791	3502
4095	3839	4095	4055	3798	3504
0	4095	4095	782	3909	3461
256	4095	4095	992	3916	3465
512	4095	4095	1210	3924	3468
768	4095	4095	1423	3932	3472
1024	4095	4095	1618	3938	3476
1280	4095	4095	1825	3946	3480
1536	4095	4095	2035	3954	3484
1792	4095	4095	2261	3961	3488
2048	4095	4095	2475	3968	3491
2303	4095	4095	2670	3976	3494
2559	4095	4095	2877	3983	3498
2815	4095	4095	3084	3990	3502
3071	4095	4095	3295	3997	3505
3327	4095	4095	3499	4004	3509
3583	4095	4095	3703	4011	3514
3839	4095	4095	3906	4017	3517
4095	4095	4095	4095	4023	3519
