0	0	0	0	0	0
256	0	0	207	8	3
512	0	0	410	16	6
768	0	0	612	24	9
1024	0	0	810	33	12
1280	0	0	1009	41	16
1536	0	0	1207	49	19
1792	0	0	1406	57	22
2048	0	0	1606	65	24
2303	0	0	1803	73	27
2559	0	0	2001	81	30
2815	0	0	2221	89	33
3071	0	0	2424	98	36
3327	0	0	2614	106	40
3583	0	0	2812	114	43
3839	0	0	3011	123	46
4095	0	0	3206	131	49
0	256	0	47	231	14
256	256	0	254	239	17
512	256	0	456	247	20
768	256	0	657	255	23
1024	256	0	855	263	26
1280	256	0	1053	270	29
1536	256	0	1252	279	32
1792	256	0	1453	287	35
2048	256	0	1652	296	39
2303	256	0	1849	305	42
2559	256	0	2046	313	45
2815	256	0	2273	322	47
3071	256	0	2467	331	50
3327	256	0	2659	339	53
3583	256	0	2857	348	56
3839	256	0	3057	356	59
4095	256	0	3250	364	63
0	512	0	95	466	27
256	512	0	302	473	30
512	512	0	504	481	33
768	512	0	705	490	36
1024	512	0	902	498	40
1280	512	0	1101	507	43
1536	512	0	1301	517	46
1792	512	0	1501	524	49
2048	512	0	1700	533	52
2303	512	0	1896	541	55
2559	512	0	2100	549	58
2815	512	0	2326	557	62
3071	512	0	2511	566	65
3327	512	0	2707	574	68
3583	512	0	2905	582	70
3839	512	0	3103	590	73
4095	512	0	3296	596	76
0	768	0	143	692	42
256	768	0	349	699	44
512	768	0	551	707	47
768	768	0	751	716	50
1024	768	0	948	724	53
1280	768	0	1148	732	56
1536	768	0	1347	741	60
1792	768	0	1549	749	63
2048	768	0	1746	757	66
2303	768	0	1941	764	69
2559	768	0	2151	772	72
2815	768	0	2369	780	75
3071	768	0	2554	788	78
3327	768	0	2753	796	82
3583	768	0	2950	803	85
3839	768	0	3147	811	88
4095	768	0	3341	819	90
0	1024	0	191	914	55
256	1024	0	396	922	58
512	1024	0	597	930	62
768	1024	0	797	938	65
1024	1024	0	994	946	67
1280	1024	0	1194	954	70
1536	1024	0	1393	962	73
1792	1024	0	1595	971	76
2048	1024	0	1792	979	79
2303	1024	0	1988	986	83
2559	1024	0	2205	994	86
2815	1024	0	2412	1002	89
3071	1024	0	2600	1010	92
3327	1024	0	2800	1019	95
3583	1024	0	2998	1026	98
3839	1024	0	3193	1034	102
4095	1024	0	3389	1042	105
0	1280	0	239	1141	69
256	1280	0	443	1150	72
512	1280	0	644	1158	75
768	1280	0	843	1166	78
1024	1280	0	1040	1174	81
1280	1280	0	1240	1182	85
1536	1280	0	1440	1191	87
1792	1280	0	1640	1199	90
2048	1280	0	1837	1208	93
2303	1280	0	2035	1217	96
2559	1280	0	2259	1225	99
2815	1280	0	2455	1233	103
3071	1280	0	2647	1242	106
3327	1280	0	2845	1251	109
3583	1280	0	3044	1259	112
3839	1280	0	3238	1267	115
4095	1280	0	3436	1275	119
0	1536	0	286	1368	82
256	1536	0	490	1374	86
512	1536	0	690	1382	89
768	1536	0	888	1390	92
1024	1536	0	1086	1397	95
1280	1536	0	1285	1405	98
1536	1536	0	1486	1413	101
1792	1536	0	1686	1421	105
2048	1536	0	1883	1430	108
2303	1536	0	2085	1437	110
2559	1536	0	2310	1445	113
2815	1536	0	2498	1453	116
3071	1536	0	2693	1461	119
3327	1536	0	2891	1469	123
3583	1536	0	3090	1477	126
3839	1536	0	3283	1484	129
4095	1536	0	3482	1491	133
0	1792	0	333	1584	96
256	1792	0	537	1591	99
512	1792	0	737	1600	102
768	1792	0	934	1607	105
1024	1792	0	1132	1615	109
1280	1792	0	1332	1623	112
1536	1792	0	1533	1631	115
1792	1792	0	1733	1640	118
2048	1792	0	1929	1648	122
2303	1792	0	2136	1655	125
2559	1792	0	2357	1664	128
2815	1792	0	2541	1672	131
3071	1792	0	2739	1679	134
3327	1792	0	2937	1688	137
3583	1792	0	3135	1697	140
3839	1792	0	3327	1704	143
4095	1792	0	3529	1711	147
0	2048	0	380	1804	109
256	2048	0	583	1812	113
512	2048	0	782	1820	116
768	2048	0	980	1828	119
1024	2048	0	1179	1836	122
1280	2048	0	1380	1845	126
1536	2048	0	1580	1853	129
1792	2048	0	1778	1861	132
2048	2048	0	1974	1868	135
2303	2048	0	2189	1876	139
2559	2048	0	2400	1885	142
2815	2048	0	2585	1893	146
3071	2048	0	2786	1901	149
3327	2048	0	2984	1910	152
3583	2048	0	3181	1919	154
3839	2048	0	3374	1927	158
4095	2048	0	3577	1934	161
0	2303	0	426	2026	124
256	2303	0	629	2035	126
512	2303	0	827	2043	130
768	2303	0	1026	2052	133
1024	2303	0	1225	2061	136
1280	2303	0	1425	2070	139
1536	2303	0	1625	2079	143
1792	2303	0	1825	2089	146
2048	2303	0	2021	2097	149
2303	2303	0	2242	2106	153
2559	2303	0	2444	2116	156
2815	2303	0	2633	2126	160
3071	2303	0	2833	2136	163
3327	2303	0	3031	2146	166
3583	2303	0	3226	2154	169
3839	2303	0	3422	2163	172
4095	2303	0	3624	2172	174
0	2559	0	475	2278	138
256	2559	0	677	2286	141
512	2559	0	875	2296	144
768	2559	0	1075	2304	147
1024	2559	0	1274	2312	150
1280	2559	0	1474	2321	153
1536	2559	0	1674	2331	157
1792	2559	0	1872	2339	160
2048	2559	0	2071	2346	164
2303	2559	0	2296	2353	167
2559	2559	0	2488	2361	170
2815	2559	0	2681	2369	174
3071	2559	0	2880	2377	177
3327	2559	0	3079	2385	180
3583	2559	0	3272	2393	183
3839	2559	0	3470	2400	186
4095	2559	0	3671	2407	189
0	2815	0	521	2491	151
256	2815	0	722	2500	155
512	2815	0	920	2507	158
768	2815	0	1119	2514	161
1024	2815	0	1318	2522	165
1280	2815	0	1520	2529	168
1536	2815	0	1719	2537	170
1792	2815	0	1917	2545	174
2048	2815	0	2123	2553	177
2303	2815	0	2345	2560	180
2559	2815	0	2529	2567	184
2815	2815	0	2725	2575	188
3071	2815	0	2924	2584	191
3327	2815	0	3121	2592	194
3583	2815	0	3316	2600	197
3839	2815	0	3516	2608	200
4095	2815	0	3716	2616	203
0	3071	0	566	2709	165
256	3071	0	768	2718	168
512	3071	0	965	2726	172
768	3071	0	1165	2734	175
1024	3071	0	1364	2742	179
1280	3071	0	1566	2750	182
1536	3071	0	1764	2758	185
1792	3071	0	1962	2767	189
2048	3071	0	2175	2776	193
2303	3071	0	2388	2783	195
2559	3071	0	2572	2790	198
2815	3071	0	2772	2798	201
3071	3071	0	2970	2806	205
3327	3071	0	3165	2814	208
3583	3071	0	3360	2822	211
3839	3071	0	3562	2831	214
4095	3071	0	3762	2838	216
0	3327	0	612	2932	179
256	3327	0	813	2940	182
512	3327	0	1010	2948	185
768	3327	0	1210	2955	189
1024	3327	0	1410	2964	192
1280	3327	0	1612	2972	196
1536	3327	0	1810	2981	199
1792	3327	0	2008	2988	203
2048	3327	0	2227	2996	206
2303	3327	0	2431	3005	210
2559	3327	0	2620	3012	213
2815	3327	0	2818	3021	216
3071	3327	0	3017	3028	218
3327	3327	0	3211	3036	221
3583	3327	0	3407	3044	224
3839	3327	0	3608	3052	228
4095	3327	0	3808	3061	231
0	3583	0	659	3152	193
256	3583	0	859	3160	196
512	3583	0	1057	3167	199
768	3583	0	1257	3174	202
1024	3583	0	1458	3182	206
1280	3583	0	1659	3190	209
1536	3583	0	1857	3198	213
1792	3583	0	2055	3206	216
2048	3583	0	2282	3214	220
2303	3583	0	2475	3222	223
2559	3583	0	2667	3229	227
2815	3583	0	2866	3238	230
3071	3583	0	3065	3245	233
3327	3583	0	3258	3253	236
3583	3583	0	3456	3261	238
3839	3583	0	3657	3268	241
4095	3583	0	3856	3276	243
0	3839	0	706	3368	207
256	3839	0	905	3377	211
512	3839	0	1104	3385	213
768	3839	0	1303	3393	216
1024	3839	0	1507	3401	220
1280	3839	0	1706	3409	223
1536	3839	0	1904	3417	227
1792	3839	0	2108	3426	230
2048	3839	0	2333	3434	233
2303	3839	0	2518	3442	237
2559	3839	0	2714	3450	240
2815	3839	0	2912	3459	243
3071	3839	0	3110	3467	247
3327	3839	0	3302	3474	250
3583	3839	0	3502	3483	253
3839	3839	0	3703	3491	255
4095	3839	0	3900	3498	256
0	4095	0	751	3595	221
256	4095	0	948	3603	224
512	4095	0	1148	3611	227
768	4095	0	1348	3619	231
1024	4095	0	1552	3628	235
1280	4095	0	1749	3635	237
1536	4095	0	1948	3643	240
1792	4095	0	2159	3651	244
2048	4095	0	2377	3659	247
2303	4095	0	2560	3667	250
2559	4095	0	2760	3676	254
2815	4095	0	2958	3683	256
3071	4095	0	3155	3691	259
3327	4095	0	3346	3698	262
3583	4095	0	3549	3707	265
3839	4095	0	3748	3715	268
4095	4095	0	3945	3722	268
0	0	256	9	0	205
256	0	256	216	6	208
512	0	256	419	14	211
768	0	256	622	23	215
1024	0	256	820	31	218
1280	0	256	1020	39	221
1536	0	256	1219	47	225
1792	0	256	1419	56	228
2048	0	256	1620	64	231
2303	0	256	1815	72	235
2559	0	256	2013	80	238
2815	0	256	2233	89	241
3071	0	256	2435	97	244
3327	0	256	2623	105	247
3583	0	256	2822	114	251
3839	0	256	3020	122	253
4095	0	256	3215	129	256
0	256	256	57	231	221
256	256	256	263	239	223
512	256	256	467	247	225
768	256	256	668	256	228
1024	256	256	867	263	231
1280	256	256	1065	272	235
1536	256	256	1266	280	238
1792	256	256	1465	289	241
2048	256	256	1664	297	244
2303	256	256	1859	305	246
2559	256	256	2058	313	250
2815	256	256	2283	322	253
3071	256	256	2476	330	256
3327	256	256	2668	338	258
3583	256	256	2867	347	262
3839	256	256	3065	355	265
4095	256	256	3259	364	268
0	512	256	106	467	233
256	512	256	311	475	236
512	512	256	515	484	239
768	512	256	716	493	242
1024	512	256	914	501	246
1280	512	256	1113	510	248
1536	512	256	1313	519	251
1792	512	256	1513	527	254
2048	512	256	1712	534	256
2303	512	256	1906	542	259
2559	512	256	2112	549	263
2815	512	256	2336	558	266
3071	512	256	2522	567	270
3327	512	256	2718	575	273
3583	512	256	2916	583	277
3839	512	256	3113	590	279
4095	512	256	3307	598	282
0	768	256	154	696	246
256	768	256	359	704	249
512	768	256	563	713	253
768	768	256	763	720	256
1024	768	256	961	728	258
1280	768	256	1161	737	262
1536	768	256	1361	745	265
1792	768	256	1561	752	267
2048	768	256	1759	760	271
2303	768	256	1954	767	274
2559	768	256	2166	774	277
2815	768	256	2379	782	280
3071	768	256	2564	790	284
3327	768	256	2766	800	287
3583	768	256	2963	807	290
3839	768	256	3158	814	294
4095	768	256	3353	822	297
0	1024	256	202	919	260
256	1024	256	406	927	263
512	1024	256	610	935	266
768	1024	256	809	943	270
1024	1024	256	1008	951	273
1280	1024	256	1207	959	276
1536	1024	256	1407	967	279
1792	1024	256	1607	975	282
2048	1024	256	1803	982	285
2303	1024	256	2001	991	289
2559	1024	256	2219	998	291
2815	1024	256	2423	1006	294
3071	1024	256	2611	1014	298
3327	1024	256	2811	1023	301
3583	1024	256	3009	1030	304
3839	1024	256	3204	1039	307
4095	1024	256	3400	1046	310
0	1280	256	250	1146	273
256	1280	256	454	1155	277
512	1280	256	657	1164	280
768	1280	256	855	1172	283
1024	1280	256	1053	1180	286
1280	1280	256	1253	1188	290
1536	1280	256	1454	1197	293
1792	1280	256	1653	1205	296
2048	1280	256	1849	1212	299
2303	1280	256	2047	1221	303
2559	1280	256	2272	1229	306
2815	1280	256	2467	1238	309
3071	1280	256	2658	1245	312
3327	1280	256	2857	1254	315
3583	1280	256	3056	1262	318
3839	1280	256	3250	1271	321
4095	1280	256	3447	1279	324
0	1536	256	297	1374	288
256	1536	256	501	1381	291
512	1536	256	703	1389	294
768	1536	256	900	1396	297
1024	1536	256	1099	1403	300
1280	1536	256	1298	1411	304
1536	1536	256	1500	1419	307
1792	1536	256	1698	1427	310
2048	1536	256	1896	1433	313
2303	1536	256	2099	1441	317
2559	1536	256	2323	1450	320
2815	1536	256	2511	1457	323
3071	1536	256	2705	1465	327
3327	1536	256	2904	1473	330
3583	1536	256	3102	1482	333
3839	1536	256	3295	1489	335
4095	1536	256	3494	1496	338
0	1792	256	344	1591	302
256	1792	256	547	1598	305
512	1792	256	749	1606	309
768	1792	256	945	1613	311
1024	1792	256	1145	1621	314
1280	1792	256	1344	1629	318
1536	1792	256	1546	1636	321
1792	1792	256	1744	1645	325
2048	1792	256	1941	1652	328
2303	1792	256	2150	1660	331
2559	1792	256	2368	1669	334
2815	1792	256	2553	1677	338
3071	1792	256	2751	1685	341
3327	1792	256	2950	1694	344
3583	1792	256	3147	1702	348
3839	1792	256	3340	1709	350
4095	1792	256	3541	1717	353
0	2048	256	390	1809	315
256	2048	256	593	1817	319
512	2048	256	793	1825	322
768	2048	256	991	1833	326
1024	2048	256	1192	1842	329
1280	2048	256	1391	1850	333
1536	2048	256	1593	1858	335
1792	2048	256	1791	1866	339
2048	2048	256	1987	1873	342
2303	2048	256	2203	1881	345
2559	2048	256	2411	1890	349
2815	2048	256	2599	1899	352
3071	2048	256	2798	1907	355
3327	2048	256	2997	1917	359
3583	2048	256	3192	1925	362
3839	2048	256	3387	1933	365
4095	2048	256	3588	1939	367
0	2303	256	436	2031	329
256	2303	256	639	2040	333
512	2303	256	838	2048	336
768	2303	256	1037	2057	340
1024	2303	256	1237	2066	343
1280	2303	256	1437	2075	346
1536	2303	256	1638	2084	350
1792	2303	256	1836	2095	354
2048	2303	256	2034	2103	356
2303	2303	256	2255	2112	359
2559	2303	256	2455	2122	363
2815	2303	256	2645	2132	366
3071	2303	256	2844	2141	369
3327	2303	256	3043	2151	373
3583	2303	256	3237	2159	376
3839	2303	256	3434	2168	378
4095	2303	256	3635	2176	381
0	2559	256	485	2282	343
256	2559	256	687	2291	346
512	2559	256	886	2300	350
768	2559	256	1085	2309	353
1024	2559	256	1285	2318	357
1280	2559	256	1486	2327	360
1536	2559	256	1687	2337	364
1792	2559	256	1884	2345	368
2048	2559	256	2086	2352	371
2303	2559	256	2309	2359	375
2559	2559	256	2499	2366	377
2815	2559	256	2693	2374	380
3071	2559	256	2891	2382	383
3327	2559	256	3090	2390	386
3583	2559	256	3283	2397	390
3839	2559	256	3482	2404	392
4095	2559	256	3682	2411	395
0	2815	256	531	2497	357
256	2815	256	732	2505	361
512	2815	256	931	2513	364
768	2815	256	1130	2521	368
1024	2815	256	1331	2528	371
1280	2815	256	1532	2536	374
1536	2815	256	1731	2543	378
1792	2815	256	1928	2550	381
2048	2815	256	2137	2558	385
2303	2815	256	2357	2566	388
2559	2815	256	2540	2572	392
2815	2815	256	2738	2580	395
3071	2815	256	2935	2589	398
3327	2815	256	3133	2597	400
3583	2815	256	3327	2606	404
3839	2815	256	3528	2615	407
4095	2815	256	3727	2622	409
0	3071	256	577	2715	371
256	3071	256	777	2724	375
512	3071	256	977	2732	378
768	3071	256	1177	2739	382
1024	3071	256	1377	2748	385
1280	3071	256	1578	2756	388
1536	3071	256	1778	2764	392
1792	3071	256	1975	2773	396
2048	3071	256	2190	2781	399
2303	3071	256	2400	2789	403
2559	3071	256	2584	2796	406
2815	3071	256	2784	2804	409
3071	3071	256	2982	2812	412
3327	3071	256	3179	2820	415
3583	3071	256	3373	2829	418
3839	3071	256	3576	2838	421
4095	3071	256	3774	2845	422
0	3327	256	623	2937	386
256	3327	256	823	2945	389
512	3327	256	1022	2953	392
768	3327	256	1222	2961	395
1024	3327	256	1423	2969	399
1280	3327	256	1623	2977	402
1536	3327	256	1822	2985	406
1792	3327	256	2020	2994	409
2048	3327	256	2241	3003	413
2303	3327	256	2443	3011	416
2559	3327	256	2631	3018	419
2815	3327	256	2830	3026	423
3071	3327	256	3028	3034	426
3327	3327	256	3224	3042	429
3583	3327	256	3419	3049	432
3839	3327	256	3621	3058	435
4095	3327	256	3820	3066	438
0	3583	256	670	3157	400
256	3583	256	869	3164	403
512	3583	256	1068	3172	406
768	3583	256	1268	3180	409
1024	3583	256	1470	3188	413
1280	3583	256	1670	3195	417
1536	3583	256	1869	3203	419
1792	3583	256	2068	3211	423
2048	3583	256	2295	3220	426
2303	3583	256	2487	3227	430
2559	3583	256	2679	3234	433
2815	3583	256	2878	3242	436
3071	3583	256	3075	3249	439
3327	3583	256	3269	3256	442
3583	3583	256	3468	3265	445
3839	3583	256	3669	3273	448
4095	3583	256	3867	3281	450
0	3839	256	717	3374	413
256	3839	256	915	3382	416
512	3839	256	1115	3390	420
768	3839	256	1315	3399	423
1024	3839	256	1517	3407	427
1280	3839	256	1716	3415	430
1536	3839	256	1915	3423	434
1792	3839	256	2120	3430	437
2048	3839	256	2346	3439	440
2303	3839	256	2530	3447	443
2559	3839	256	2725	3455	446
2815	3839	256	2924	3463	449
3071	3839	256	3121	3471	452
3327	3839	256	3314	3479	455
3583	3839	256	3514	3487	458
3839	3839	256	3715	3496	461
4095	3839	256	3912	3504	463
0	4095	256	761	3601	426
256	4095	256	958	3608	429
512	4095	256	1158	3616	433
768	4095	256	1359	3623	436
1024	4095	256	1562	3632	440
1280	4095	256	1761	3640	443
1536	4095	256	1959	3648	447
1792	4095	256	2172	3656	451
2048	4095	256	2388	3664	454
2303	4095	256	2572	3673	458
2559	4095	256	2770	3680	461
2815	4095	256	2969	3688	463
3071	4095	256	3165	3696	466
3327	4095	256	3359	3704	468
3583	4095	256	3560	3712	471
3839	4095	256	3761	3719	474
4095	4095	256	3957	3727	475
0	0	512	20	0	413
256	0	512	225	5	416
512	0	512	429	14	419
768	0	512	632	22	422
1024	0	512	832	30	426
1280	0	512	1030	39	429
1536	0	512	1230	47	431
1792	0	512	1430	55	435
2048	0	512	1631	63	438
2303	0	512	1828	71	442
2559	0	512	2026	79	444
2815	0	512	2248	87	448
3071	0	512	2447	96	451
3327	0	512	2637	104	454
3583	0	512	2836	113	458
3839	0	512	3035	121	461
4095	0	512	3229	130	464
0	256	512	67	232	427
256	256	512	272	240	429
512	256	512	477	249	432
768	256	512	679	256	436
1024	256	512	878	264	440
1280	256	512	1077	272	443
1536	256	512	1278	281	446
1792	256	512	1479	289	449
2048	256	512	1677	298	451
2303	256	512	1873	306	454
2559	256	512	2072	314	457
2815	256	512	2299	323	461
3071	256	512	2489	332	464
3327	256	512	2683	340	467
3583	256	512	2881	349	470
3839	256	512	3080	357	473
4095	256	512	3273	366	476
0	512	512	115	468	440
256	512	512	321	477	443
512	512	512	525	485	446
768	512	512	728	494	450
1024	512	512	926	503	453
1280	512	512	1126	512	457
1536	512	512	1324	520	460
1792	512	512	1526	529	464
2048	512	512	1725	537	466
2303	512	512	1921	545	469
2559	512	512	2127	552	472
2815	512	512	2350	561	474
3071	512	512	2534	569	478
3327	512	512	2731	577	481
3583	512	512	2929	585	484
3839	512	512	3127	592	487
4095	512	512	3320	600	490
0	768	512	163	698	454
256	768	512	370	706	457
512	768	512	573	715	460
768	768	512	774	723	463
1024	768	512	973	731	467
1280	768	512	1173	740	471
1536	768	512	1372	747	474
1792	768	512	1574	755	477
2048	768	512	1772	764	480
2303	768	512	1968	770	483
2559	768	512	2180	778	486
2815	768	512	2393	786	489
3071	768	512	2578	793	494
3327	768	512	2779	802	497
3583	768	512	2976	809	499
3839	768	512	3172	817	502
4095	768	512	3366	825	504
0	1024	512	211	922	469
256	1024	512	417	930	471
512	1024	512	620	938	475
768	1024	512	820	946	478
1024	1024	512	1018	955	481
1280	1024	512	1219	963	485
1536	1024	512	1419	971	488
1792	1024	512	1620	979	491
2048	1024	512	1817	986	494
2303	1024	512	2013	993	498
2559	1024	512	2233	1001	500
2815	1024	512	2437	1010	504
3071	1024	512	2625	1018	507
3327	1024	512	2823	1025	510
3583	1024	512	3022	1034	514
3839	1024	512	3218	1042	516
4095	1024	512	3413	1050	518
0	1280	512	258	1150	483
256	1280	512	464	1158	486
512	1280	512	666	1167	489
768	1280	512	866	1176	493
1024	1280	512	1064	1183	495
1280	1280	512	1266	1192	499
1536	1280	512	1466	1200	502
1792	1280	512	1666	1208	505
2048	1280	512	1862	1216	508
2303	1280	512	2060	1225	511
2559	1280	512	2286	1233	514
2815	1280	512	2480	1242	518
3071	1280	512	2671	1250	521
3327	1280	512	2870	1258	524
3583	1280	512	3068	1266	527
3839	1280	512	3263	1275	531
4095	1280	512	3460	1282	534
0	1536	512	306	1377	497
256	1536	512	512	1385	500
512	1536	512	714	1393	504
768	1536	512	912	1400	507
1024	1536	512	1111	1408	510
1280	1536	512	1311	1416	514
1536	1536	512	1512	1423	517
1792	1536	512	1711	1431	518
2048	1536	512	1908	1438	521
2303	1536	512	2112	1446	525
2559	1536	512	2337	1455	528
2815	1536	512	2522	1462	532
3071	1536	512	2717	1470	535
3327	1536	512	2916	1478	538
3583	1536	512	3115	1486	542
3839	1536	512	3307	1493	544
4095	1536	512	3507	1499	546
0	1792	512	353	1595	511
256	1792	512	558	1602	514
512	1792	512	760	1611	518
768	1792	512	958	1619	521
1024	1792	512	1157	1626	524
1280	1792	512	1357	1634	527
1536	1792	512	1558	1641	530
1792	1792	512	1757	1650	533
2048	1792	512	1953	1657	536
2303	1792	512	2164	1665	539
2559	1792	512	2381	1674	542
2815	1792	512	2565	1682	546
3071	1792	512	2764	1688	549
3327	1792	512	2962	1697	552
3583	1792	512	3159	1705	555
3839	1792	512	3351	1712	557
4095	1792	512	3554	1720	560
0	2048	512	399	1814	524
256	2048	512	604	1823	528
512	2048	512	805	1831	531
768	2048	512	1003	1839	534
1024	2048	512	1203	1847	537
1280	2048	512	1404	1855	541
1536	2048	512	1604	1863	544
1792	2048	512	1802	1871	547
2048	2048	512	1999	1878	550
2303	2048	512	2216	1886	554
2559	2048	512	2424	1894	557
2815	2048	512	2611	1903	560
3071	2048	512	2810	1910	562
3327	2048	512	3008	1919	565
3583	2048	512	3204	1928	568
3839	2048	512	3399	1936	571
4095	2048	512	3601	1943	573
0	2303	512	447	2038	538
256	2303	512	650	2046	541
512	2303	512	848	2053	544
768	2303	512	1049	2062	547
1024	2303	512	1250	2072	550
1280	2303	512	1451	2082	554
1536	2303	512	1651	2089	557
1792	2303	512	1848	2098	560
2048	2303	512	2045	2107	563
2303	2303	512	2269	2116	566
2559	2303	512	2466	2126	570
2815	2303	512	2657	2135	573
3071	2303	512	2855	2143	576
3327	2303	512	3054	2153	579
3583	2303	512	3248	2163	581
3839	2303	512	3446	2171	583
4095	2303	512	3646	2180	585
0	2559	512	495	2287	551
256	2559	512	698	2296	553
512	2559	512	896	2303	556
768	2559	512	1097	2312	560
1024	2559	512	1297	2322	564
1280	2559	512	1500	2332	567
1536	2559	512	1699	2341	570
1792	2559	512	1896	2348	573
2048	2559	512	2098	2355	577
2303	2559	512	2321	2362	580
2559	2559	512	2510	2371	584
2815	2559	512	2704	2378	586
3071	2559	512	2901	2385	589
3327	2559	512	3101	2393	592
3583	2559	512	3293	2400	595
3839	2559	512	3493	2408	598
4095	2559	512	3693	2415	600
0	2815	512	541	2502	565
256	2815	512	743	2509	568
512	2815	512	942	2517	572
768	2815	512	1142	2525	575
1024	2815	512	1342	2532	577
1280	2815	512	1545	2540	580
1536	2815	512	1743	2547	583
1792	2815	512	1940	2554	586
2048	2815	512	2148	2562	590
2303	2815	512	2368	2570	593
2559	2815	512	2552	2577	597
2815	2815	512	2749	2584	599
3071	2815	512	2947	2592	602
3327	2815	512	3144	2601	606
3583	2815	512	3338	2609	608
3839	2815	512	3539	2617	611
4095	2815	512	3738	2624	613
0	3071	512	587	2719	578
256	3071	512	788	2726	581
512	3071	512	988	2736	584
768	3071	512	1189	2744	588
1024	3071	512	1389	2752	591
1280	3071	512	1591	2760	594
1536	3071	512	1789	2768	597
1792	3071	512	1986	2776	600
2048	3071	512	2201	2784	603
2303	3071	512	2410	2792	606
2559	3071	512	2596	2798	609
2815	3071	512	2794	2806	612
3071	3071	512	2994	2815	615
3327	3071	512	3190	2823	619
3583	3071	512	3385	2831	621
3839	3071	512	3586	2840	624
4095	3071	512	3785	2847	626
0	3327	512	633	2941	590
256	3327	512	833	2948	594
512	3327	512	1032	2957	596
768	3327	512	1234	2965	600
1024	3327	512	1434	2973	603
1280	3327	512	1636	2981	607
1536	3327	512	1833	2988	610
1792	3327	512	2032	2997	613
2048	3327	512	2253	3005	617
2303	3327	512	2453	3013	619
2559	3327	512	2642	3020	622
2815	3327	512	2841	3028	625
3071	3327	512	3039	3036	628
3327	3327	512	3233	3044	631
3583	3327	512	3430	3052	634
3839	3327	512	3631	3061	637
4095	3327	512	3831	3069	639
0	3583	512	680	3161	603
256	3583	512	880	3168	606
512	3583	512	1078	3175	609
768	3583	512	1280	3183	613
1024	3583	512	1481	3190	616
1280	3583	512	1682	3198	619
1536	3583	512	1879	3206	623
1792	3583	512	2081	3214	626
2048	3583	512	2305	3222	629
2303	3583	512	2496	3229	632
2559	3583	512	2689	3236	635
2815	3583	512	2887	3244	639
3071	3583	512	3086	3251	641
3327	3583	512	3278	3258	643
3583	3583	512	3478	3266	646
3839	3583	512	3678	3275	648
4095	3583	512	3876	3282	650
0	3839	512	727	3376	615
256	3839	512	926	3384	618
512	3839	512	1125	3392	622
768	3839	512	1326	3401	625
1024	3839	512	1528	3408	628
1280	3839	512	1728	3416	632
1536	3839	512	1925	3424	635
1792	3839	512	2132	3432	638
2048	3839	512	2355	3441	642
2303	3839	512	2539	3449	645
2559	3839	512	2735	3456	648
2815	3839	512	2932	3464	651
3071	3839	512	3130	3472	654
3327	3839	512	3323	3481	657
3583	3839	512	3524	3488	659
3839	3839	512	3724	3496	660
4095	3839	512	3921	3504	662
0	4095	512	770	3601	628
256	4095	512	969	3609	631
512	4095	512	1169	3617	633
768	4095	512	1370	3625	637
1024	4095	512	1572	3634	640
1280	4095	512	1772	3642	644
1536	4095	512	1969	3650	647
1792	4095	512	2183	3658	651
2048	4095	512	2396	3666	654
2303	4095	512	2581	3674	658
2559	4095	512	2781	3680	660
2815	4095	512	2978	3688	663
3071	4095	512	3175	3696	666
3327	4095	512	3368	3704	669
3583	4095	512	3570	3712	671
3839	4095	512	3769	3719	673
4095	4095	512	3966	3727	674
0	0	768	29	0	617
256	0	768	235	3	618
512	0	768	439	12	622
768	0	768	643	20	625
1024	0	768	842	28	628
1280	0	768	1041	37	631
1536	0	768	1240	45	635
1792	0	768	1441	54	638
2048	0	768	1642	62	641
2303	0	768	1839	70	644
2559	0	768	2037	78	646
2815	0	768	2260	87	649
3071	0	768	2458	96	651
3327	0	768	2647	104	654
3583	0	768	2847	112	657
3839	0	768	3045	120	660
4095	0	768	3240	128	663
0	256	768	76	231	629
256	256	768	282	239	631
512	256	768	487	248	634
768	256	768	690	256	638
1024	256	768	889	264	641
1280	256	768	1089	273	645
1536	256	768	1288	281	648
1792	256	768	1489	290	651
2048	256	768	1688	298	653
2303	256	768	1884	306	655
2559	256	768	2085	315	659
2815	256	768	2310	322	662
3071	256	768	2499	331	665
3327	256	768	2692	339	667
3583	256	768	2891	348	670
3839	256	768	3090	356	672
4095	256	768	3283	365	675
0	512	768	124	469	642
256	512	768	331	478	645
512	512	768	535	486	647
768	512	768	738	495	651
1024	512	768	936	504	654
1280	512	768	1136	513	658
1536	512	768	1335	521	661
1792	512	768	1537	530	664
2048	512	768	1736	537	666
2303	512	768	1931	545	669
2559	512	768	2139	552	672
2815	512	768	2359	560	675
3071	512	768	2543	569	678
3327	512	768	2740	577	681
3583	512	768	2938	585	684
3839	512	768	3135	593	687
4095	512	768	3328	601	689
0	768	768	172	699	655
256	768	768	379	707	658
512	768	768	583	716	662
768	768	768	783	724	665
1024	768	768	983	731	668
1280	768	768	1182	739	670
1536	768	768	1382	747	673
1792	768	768	1582	754	676
2048	768	768	1782	763	679
2303	768	768	1977	770	682
2559	768	768	2192	778	685
2815	768	768	2402	786	688
3071	768	768	2588	794	691
3327	768	768	2787	802	694
3583	768	768	2985	810	697
3839	768	768	3180	818	700
4095	768	768	3375	826	702
0	1024	768	221	921	668
256	1024	768	426	930	671
512	1024	768	630	938	675
768	1024	768	829	946	678
1024	1024	768	1028	954	681
1280	1024	768	1228	962	684
1536	1024	768	1429	970	687
1792	1024	768	1629	978	690
2048	1024	768	1827	986	692
2303	1024	768	2023	995	695
2559	1024	768	2245	1003	698
2815	1024	768	2445	1011	701
3071	1024	768	2633	1018	704
3327	1024	768	2831	1025	707
3583	1024	768	3031	1034	710
3839	1024	768	3225	1041	713
4095	1024	768	3421	1049	716
0	1280	768	268	1150	681
256	1280	768	474	1158	685
512	1280	768	677	1167	688
768	1280	768	875	1175	691
1024	1280	768	1074	1183	694
1280	1280	768	1274	1192	697
1536	1280	768	1476	1200	700
1792	1280	768	1675	1209	703
2048	1280	768	1873	1217	706
2303	1280	768	2071	1226	709
2559	1280	768	2298	1235	712
2815	1280	768	2488	1242	715
3071	1280	768	2680	1250	717
3327	1280	768	2878	1258	720
3583	1280	768	3077	1266	723
3839	1280	768	3271	1276	726
4095	1280	768	3469	1282	729
0	1536	768	316	1378	695
256	1536	768	521	1386	698
512	1536	768	723	1393	701
768	1536	768	921	1401	704
1024	1536	768	1121	1408	707
1280	1536	768	1320	1416	710
1536	1536	768	1522	1424	713
1792	1536	768	1721	1432	716
2048	1536	768	1918	1439	719
2303	1536	768	2123	1447	722
2559	1536	768	2348	1456	726
2815	1536	768	2531	1463	729
3071	1536	768	2727	1471	732
3327	1536	768	2924	1478	734
3583	1536	768	3122	1486	737
3839	1536	768	3314	1492	739
4095	1536	768	3515	1501	743
0	1792	768	363	1595	708
256	1792	768	567	1603	711
512	1792	768	768	1611	714
768	1792	768	967	1619	717
1024	1792	768	1167	1626	720
1280	1792	768	1366	1633	724
1536	1792	768	1569	1642	727
1792	1792	768	1767	1650	730
2048	1792	768	1964	1657	732
2303	1792	768	2174	1665	736
2559	1792	768	2388	1673	739
2815	1792	768	2572	1681	742
3071	1792	768	2772	1689	745
3327	1792	768	2969	1697	748
3583	1792	768	3166	1705	750
3839	1792	768	3359	1712	753
4095	1792	768	3561	1720	754
0	2048	768	410	1813	721
256	2048	768	613	1822	724
512	2048	768	814	1830	728
768	2048	768	1013	1838	730
1024	2048	768	1213	1846	733
1280	2048	768	1413	1854	736
1536	2048	768	1615	1863	740
1792	2048	768	1811	1870	743
2048	2048	768	2009	1878	746
2303	2048	768	2226	1885	748
2559	2048	768	2430	1893	751
2815	2048	768	2619	1902	755
3071	2048	768	2817	1910	757
3327	2048	768	3015	1918	761
3583	2048	768	3210	1926	763
3839	2048	768	3406	1933	766
4095	2048	768	3606	1940	768
0	2303	768	457	2037	733
256	2303	768	659	2045	737
512	2303	768	860	2053	740
768	2303	768	1059	2062	744
1024	2303	768	1260	2072	748
1280	2303	768	1461	2081	750
1536	2303	768	1661	2089	752
1792	2303	768	1857	2098	755
2048	2303	768	2055	2106	758
2303	2303	768	2278	2115	762
2559	2303	768	2474	2125	765
2815	2303	768	2665	2134	768
3071	2303	768	2863	2143	770
3327	2303	768	3061	2150	772
3583	2303	768	3256	2160	775
3839	2303	768	3452	2169	777
4095	2303	768	3653	2177	779
0	2559	768	506	2286	746
256	2559	768	708	2296	750
512	2559	768	907	2304	753
768	2559	768	1107	2313	757
1024	2559	768	1308	2323	761
1280	2559	768	1509	2332	763
1536	2559	768	1709	2341	766
1792	2559	768	1905	2349	769
2048	2559	768	2110	2356	771
2303	2559	768	2331	2363	774
2559	2559	768	2519	2370	777
2815	2559	768	2713	2377	780
3071	2559	768	2911	2384	782
3327	2559	768	3108	2391	786
3583	2559	768	3302	2399	789
3839	2559	768	3501	2407	792
4095	2559	768	3702	2415	794
0	2815	768	551	2501	760
256	2815	768	753	2509	763
512	2815	768	953	2518	766
768	2815	768	1153	2525	769
1024	2815	768	1353	2532	773
1280	2815	768	1554	2540	775
1536	2815	768	1753	2546	778
1792	2815	768	1949	2553	782
2048	2815	768	2160	2561	785
2303	2815	768	2375	2568	788
2559	2815	768	2558	2574	790
2815	2815	768	2757	2583	793
3071	2815	768	2956	2592	797
3327	2815	768	3152	2600	800
3583	2815	768	3345	2608	804
3839	2815	768	3546	2615	806
4095	2815	768	3746	2623	807
0	3071	768	596	2717	771
256	3071	768	797	2726	776
512	3071	768	998	2735	779
768	3071	768	1198	2743	783
1024	3071	768	1400	2751	786
1280	3071	768	1601	2759	789
1536	3071	768	1798	2767	792
1792	3071	768	1994	2774	795
2048	3071	768	2210	2781	798
2303	3071	768	2416	2789	801
2559	3071	768	2603	2797	804
2815	3071	768	2804	2806	808
3071	3071	768	3001	2814	811
3327	3071	768	3198	2822	814
3583	3071	768	3392	2831	817
3839	3071	768	3593	2838	818
4095	3071	768	3791	2846	821
0	3327	768	643	2939	783
256	3327	768	843	2947	788
512	3327	768	1044	2956	792
768	3327	768	1245	2965	796
1024	3327	768	1446	2973	799
1280	3327	768	1646	2981	802
1536	3327	768	1845	2989	806
1792	3327	768	2041	2996	808
2048	3327	768	2264	3004	812
2303	3327	768	2461	3012	815
2559	3327	768	2650	3019	818
2815	3327	768	2851	3029	822
3071	3327	768	3048	3036	824
3327	3327	768	3242	3044	827
3583	3327	768	3438	3051	830
3839	3327	768	3640	3059	832
4095	3327	768	3839	3069	834
0	3583	768	691	3160	799
256	3583	768	891	3168	803
512	3583	768	1091	3176	806
768	3583	768	1291	3183	808
1024	3583	768	1492	3190	810
1280	3583	768	1692	3198	814
1536	3583	768	1891	3206	818
1792	3583	768	2092	3214	821
2048	3583	768	2316	3221	824
2303	3583	768	2505	3228	827
2559	3583	768	2698	3235	830
2815	3583	768	2897	3243	833
3071	3583	768	3095	3251	837
3327	3583	768	3287	3258	839
3583	3583	768	3485	3265	842
3839	3583	768	3686	3273	844
4095	3583	768	3883	3281	846
0	3839	768	738	3376	810
256	3839	768	936	3384	814
512	3839	768	1137	3392	817
768	3839	768	1336	3400	820
1024	3839	768	1539	3407	824
1280	3839	768	1738	3416	827
1536	3839	768	1935	3423	829
1792	3839	768	2143	3431	832
2048	3839	768	2363	3439	836
2303	3839	768	2548	3447	839
2559	3839	768	2744	3455	842
2815	3839	768	2942	3463	846
3071	3839	768	3139	3472	849
3327	3839	768	3331	3479	852
3583	3839	768	3532	3487	854
3839	3839	768	3733	3496	856
4095	3839	768	3928	3503	857
0	4095	768	780	3599	823
256	4095	768	980	3609	826
512	4095	768	1180	3616	829
768	4095	768	1381	3624	833
1024	4095	768	1584	3632	836
1280	4095	768	1782	3641	840
1536	4095	768	1979	3648	843
1792	4095	768	2193	3656	846
2048	4095	768	2405	3665	850
2303	4095	768	2591	3673	853
2559	4095	768	2790	3680	855
2815	4095	768	2988	3688	858
3071	4095	768	3184	3696	861
3327	4095	768	3378	3704	864
3583	4095	768	3580	3712	866
3839	4095	768	3779	3719	868
4095	4095	768	3974	3727	869
0	0	1024	39	0	813
256	0	1024	245	2	813
512	0	1024	450	10	817
768	0	1024	651	19	820
1024	0	1024	851	27	823
1280	0	1024	1050	36	826
1536	0	1024	1250	44	829
1792	0	1024	1451	52	832
2048	0	1024	1652	60	835
2303	0	1024	1848	68	837
2559	0	1024	2046	77	840
2815	0	1024	2272	85	844
3071	0	1024	2467	94	847
3327	0	1024	2658	102	850
3583	0	1024	2856	111	852
3839	0	1024	3055	119	856
4095	0	1024	3248	128	858
0	256	1024	86	230	824
256	256	1024	291	239	826
512	256	1024	498	248	830
768	256	1024	699	255	834
1024	256	1024	899	263	837
1280	256	1024	1098	271	840
1536	256	1024	1298	280	843
1792	256	1024	1499	288	846
2048	256	1024	1698	297	848
2303	256	1024	1893	305	851
2559	256	1024	2095	313	853
2815	256	1024	2321	322	856
3071	256	1024	2508	331	860
3327	256	1024	2703	339	862
3583	256	1024	2900	348	865
3839	256	1024	3099	356	868
4095	256	1024	3292	365	872
0	512	1024	135	467	837
256	512	1024	340	476	840
512	512	1024	546	485	843
768	512	1024	747	494	846
1024	512	1024	946	503	850
1280	512	1024	1145	512	853
1536	512	1024	1346	520	857
1792	512	1024	1547	529	860
2048	512	1024	1746	537	862
2303	512	1024	1941	545	864
2559	512	1024	2150	553	867
2815	512	1024	2368	561	871
3071	512	1024	2553	569	874
3327	512	1024	2750	577	876
3583	512	1024	2947	585	879
3839	512	1024	3145	592	882
4095	512	1024	3338	600	885
0	768	1024	183	698	850
256	768	1024	388	706	853
512	768	1024	593	715	857
768	768	1024	793	723	860
1024	768	1024	992	731	863
1280	768	1024	1192	739	866
1536	768	1024	1392	747	869
1792	768	1024	1592	754	872
2048	768	1024	1791	763	875
2303	768	1024	1988	771	879
2559	768	1024	2204	779	881
2815	768	1024	2412	786	883
3071	768	1024	2598	794	887
3327	768	1024	2797	801	889
3583	768	1024	2994	809	892
3839	768	1024	3190	817	896
4095	768	1024	3384	825	898
0	1024	1024	230	922	863
256	1024	1024	435	930	866
512	1024	1024	639	939	870
768	1024	1024	839	947	873
1024	1024	1024	1038	955	876
1280	1024	1024	1239	963	879
1536	1024	1024	1439	971	882
1792	1024	1024	1640	979	885
2048	1024	1024	1837	986	889
2303	1024	1024	2034	995	892
2559	1024	1024	2256	1002	895
2815	1024	1024	2455	1010	898
3071	1024	1024	2643	1017	901
3327	1024	1024	2842	1026	903
3583	1024	1024	3040	1034	905
3839	1024	1024	3235	1042	908
4095	1024	1024	3431	1050	911
0	1280	1024	277	1150	877
256	1280	1024	484	1159	880
512	1280	1024	686	1168	883
768	1280	1024	886	1176	886
1024	1280	1024	1084	1183	889
1280	1280	1024	1284	1191	892
1536	1280	1024	1486	1200	896
1792	1280	1024	1686	1209	899
2048	1280	1024	1883	1217	902
2303	1280	1024	2083	1226	905
2559	1280	1024	2308	1235	908
2815	1280	1024	2499	1243	911
3071	1280	1024	2691	1251	914
3327	1280	1024	2890	1260	917
3583	1280	1024	3087	1267	920
3839	1280	1024	3281	1277	923
4095	1280	1024	3479	1283	926
0	1536	1024	325	1377	891
256	1536	1024	532	1385	894
512	1536	1024	733	1393	897
768	1536	1024	931	1400	900
1024	1536	1024	1130	1408	902
1280	1536	1024	1331	1416	906
1536	1536	1024	1532	1424	909
1792	1536	1024	1732	1433	912
2048	1536	1024	1929	1441	915
2303	1536	1024	2136	1448	918
2559	1536	1024	2357	1457	922
2815	1536	1024	2542	1465	925
3071	1536	1024	2738	1473	928
3327	1536	1024	2936	1480	931
3583	1536	1024	3132	1487	933
3839	1536	1024	3325	1494	936
4095	1536	1024	3525	1501	939
0	1792	1024	372	1595	903
256	1792	1024	578	1603	907
512	1792	1024	778	1611	910
768	1792	1024	977	1619	913
1024	1792	1024	1177	1627	916
1280	1792	1024	1377	1634	920
1536	1792	1024	1578	1642	923
1792	1792	1024	1778	1651	925
2048	1792	1024	1974	1659	928
2303	1792	1024	2187	1667	931
2559	1792	1024	2398	1675	935
2815	1792	1024	2584	1682	938
3071	1792	1024	2783	1690	941
3327	1792	1024	2981	1698	944
3583	1792	1024	3176	1706	946
3839	1792	1024	3371	1714	949
4095	1792	1024	3572	1721	952
0	2048	1024	419	1814	916
256	2048	1024	623	1823	920
512	2048	1024	823	1831	923
768	2048	1024	1023	1839	926
1024	2048	1024	1223	1848	930
1280	2048	1024	1424	1856	933
1536	2048	1024	1625	1864	936
1792	2048	1024	1823	1872	939
2048	2048	1024	2019	1879	942
2303	2048	1024	2239	1887	944
2559	2048	1024	2440	1895	947
2815	2048	1024	2629	1903	951
3071	2048	1024	2828	1912	954
3327	2048	1024	3027	1920	957
3583	2048	1024	3221	1928	960
3839	2048	1024	3417	1936	962
4095	2048	1024	3619	1943	964
0	2303	1024	466	2038	929
256	2303	1024	670	2047	933
512	2303	1024	870	2056	936
768	2303	1024	1070	2063	940
1024	2303	1024	1271	2074	944
1280	2303	1024	1472	2083	946
1536	2303	1024	1672	2090	950
1792	2303	1024	1869	2099	953
2048	2303	1024	2067	2108	955
2303	2303	1024	2291	2116	958
2559	2303	1024	2484	2125	961
2815	2303	1024	2677	2135	964
3071	2303	1024	2875	2144	968
3327	2303	1024	3074	2153	970
3583	2303	1024	3267	2162	973
3839	2303	1024	3465	2171	975
4095	2303	1024	3665	2180	978
0	2559	1024	515	2288	941
256	2559	1024	718	2297	946
512	2559	1024	917	2304	949
768	2559	1024	1117	2313	952
1024	2559	1024	1318	2323	957
1280	2559	1024	1520	2332	960
1536	2559	1024	1719	2341	962
1792	2559	1024	1917	2350	966
2048	2559	1024	2121	2357	969
2303	2559	1024	2345	2364	972
2559	2559	1024	2528	2371	975
2815	2559	1024	2725	2380	979
3071	2559	1024	2923	2387	981
3327	2559	1024	3120	2394	984
3583	2559	1024	3313	2402	986
3839	2559	1024	3513	2410	989
4095	2559	1024	3713	2417	991
0	2815	1024	561	2502	956
256	2815	1024	764	2510	958
512	2815	1024	962	2518	962
768	2815	1024	1163	2525	965
1024	2815	1024	1363	2533	969
1280	2815	1024	1565	2540	972
1536	2815	1024	1763	2548	975
1792	2815	1024	1961	2555	979
2048	2815	1024	2172	2563	982
2303	2815	1024	2386	2570	985
2559	2815	1024	2571	2579	988
2815	2815	1024	2770	2587	993
3071	2815	1024	2967	2594	995
3327	2815	1024	3164	2601	998
3583	2815	1024	3356	2609	1000
3839	2815	1024	3558	2617	1003
4095	2815	1024	3757	2624	1005
0	3071	1024	607	2719	970
256	3071	1024	808	2727	973
512	3071	1024	1007	2736	976
768	3071	1024	1209	2744	980
1024	3071	1024	1410	2753	982
1280	3071	1024	1611	2761	985
1536	3071	1024	1808	2769	989
1792	3071	1024	2006	2777	992
2048	3071	1024	2222	2784	995
2303	3071	1024	2427	2791	999
2559	3071	1024	2615	2799	1003
2815	3071	1024	2815	2807	1006
3071	3071	1024	3013	2815	1009
3327	3071	1024	3208	2823	1011
3583	3071	1024	3403	2831	1014
3839	3071	1024	3605	2840	1016
4095	3071	1024	3803	2848	1018
0	3327	1024	654	2941	983
256	3327	1024	854	2950	986
512	3327	1024	1054	2958	990
768	3327	1024	1256	2966	993
1024	3327	1024	1456	2974	997
1280	3327	1024	1657	2982	1000
1536	3327	1024	1854	2989	1003
1792	3327	1024	2052	2997	1005
2048	3327	1024	2275	3004	1008
2303	3327	1024	2471	3013	1011
2559	3327	1024	2662	3021	1015
2815	3327	1024	2860	3029	1018
3071	3327	1024	3059	3037	1021
3327	3327	1024	3253	3046	1025
3583	3327	1024	3451	3054	1026
3839	3327	1024	3651	3061	1029
4095	3327	1024	3849	3069	1031
0	3583	1024	701	3162	996
256	3583	1024	901	3170	1000
512	3583	1024	1101	3177	1003
768	3583	1024	1301	3184	1006
1024	3583	1024	1503	3191	1009
1280	3583	1024	1703	3199	1012
1536	3583	1024	1901	3207	1016
1792	3583	1024	2104	3215	1019
2048	3583	1024	2327	3222	1022
2303	3583	1024	2516	3230	1024
2559	3583	1024	2711	3238	1028
2815	3583	1024	2908	3246	1031
3071	3583	1024	3106	3253	1034
3327	3583	1024	3299	3261	1037
3583	3583	1024	3498	3268	1041
3839	3583	1024	3698	3276	1041
4095	3583	1024	3896	3285	1043
0	3839	1024	748	3377	1009
256	3839	1024	947	3385	1012
512	3839	1024	1147	3393	1016
768	3839	1024	1348	3401	1019
1024	3839	1024	1550	3409	1022
1280	3839	1024	1749	3418	1025
1536	3839	1024	1946	3426	1029
1792	3839	1024	2156	3433	1031
2048	3839	1024	2373	3441	1035
2303	3839	1024	2558	3450	1038
2559	3839	1024	2757	3458	1042
2815	3839	1024	2954	3466	1045
3071	3839	1024	3151	3474	1047
3327	3839	1024	3342	3480	1048
3583	3839	1024	3544	3488	1052
3839	3839	1024	3743	3497	1053
4095	3839	1024	3940	3505	1054
0	4095	1024	790	3601	1021
256	4095	1024	991	3610	1024
512	4095	1024	1191	3618	1028
768	4095	1024	1393	3626	1031
1024	4095	1024	1594	3635	1034
1280	4095	1024	1792	3643	1037
1536	4095	1024	1989	3650	1040
1792	4095	1024	2206	3659	1043
2048	4095	1024	2416	3667	1047
2303	4095	1024	2601	3675	1050
2559	4095	1024	2802	3682	1052
2815	4095	1024	2999	3690	1055
3071	4095	1024	3195	3697	1059
3327	4095	1024	3389	3705	1063
3583	4095	1024	3591	3713	1064
3839	4095	1024	3789	3720	1065
4095	4095	1024	3985	3728	1067
0	0	1280	48	0	1008
256	0	1280	255	0	1010
512	0	1280	459	8	1014
768	0	1280	662	17	1016
1024	0	1280	860	25	1020
1280	0	1280	1060	34	1023
1536	0	1280	1261	42	1026
1792	0	1280	1462	51	1028
2048	0	1280	1661	59	1032
2303	0	1280	1859	67	1035
2559	0	1280	2058	76	1039
2815	0	1280	2283	84	1042
3071	0	1280	2478	93	1046
3327	0	1280	2669	102	1047
3583	0	1280	2868	109	1050
3839	0	1280	3066	118	1053
4095	0	1280	3260	126	1055
0	256	1280	96	229	1022
256	256	1280	302	238	1023
512	256	1280	507	246	1026
768	256	1280	710	255	1029
1024	256	1280	908	262	1032
1280	256	1280	1108	271	1037
1536	256	1280	1307	279	1040
1792	256	1280	1509	288	1043
2048	256	1280	1707	296	1045
2303	256	1280	1904	305	1048
2559	256	1280	2110	313	1051
2815	256	1280	2333	320	1054
3071	256	1280	2520	330	1058
3327	256	1280	2715	338	1061
3583	256	1280	2913	346	1064
3839	256	1280	3111	355	1068
4095	256	1280	3304	363	1070
0	512	1280	144	467	1035
256	512	1280	350	476	1038
512	512	1280	555	485	1041
768	512	1280	757	493	1044
1024	512	1280	955	502	1046
1280	512	1280	1156	511	1050
1536	512	1280	1356	520	1054
1792	512	1280	1558	528	1057
2048	512	1280	1756	536	1059
2303	512	1280	1951	544	1065
2559	512	1280	2162	552	1068
2815	512	1280	2378	560	1070
3071	512	1280	2564	569	1075
3327	512	1280	2762	576	1077
3583	512	1280	2960	585	1080
3839	512	1280	3157	593	1082
4095	512	1280	3350	601	1084
0	768	1280	192	699	1049
256	768	1280	399	707	1052
512	768	1280	603	716	1055
768	768	1280	804	723	1059
1024	768	1280	1002	731	1061
1280	768	1280	1203	739	1064
1536	768	1280	1403	747	1067
1792	768	1280	1605	755	1071
2048	768	1280	1803	764	1075
2303	768	1280	2000	771	1078
2559	768	1280	2217	779	1081
2815	768	1280	2423	787	1084
3071	768	1280	2611	796	1088
3327	768	1280	2809	803	1090
3583	768	1280	3007	811	1093
3839	768	1280	3201	819	1096
4095	768	1280	3397	826	1099
0	1024	1280	240	922	1061
256	1024	1280	446	930	1065
512	1024	1280	650	939	1069
768	1024	1280	850	948	1073
1024	1024	1280	1049	955	1076
1280	1024	1280	1249	963	1078
1536	1024	1280	1450	971	1081
1792	1024	1280	1651	980	1085
2048	1024	1280	1848	988	1088
2303	1024	1280	2045	996	1091
2559	1024	1280	2269	1003	1094
2815	1024	1280	2465	1011	1097
3071	1024	1280	2656	1019	1100
3327	1024	1280	2854	1027	1104
3583	1024	1280	3052	1035	1107
3839	1024	1280	3246	1042	1110
4095	1024	1280	3443	1049	1112
0	1280	1280	287	1150	1075
256	1280	1280	493	1159	1079
512	1280	1280	696	1168	1082
768	1280	1280	896	1176	1085
1024	1280	1280	1094	1184	1088
1280	1280	1280	1295	1193	1092
1536	1280	1280	1498	1202	1096
1792	1280	1280	1697	1210	1099
2048	1280	1280	1894	1219	1101
2303	1280	1280	2095	1227	1105
2559	1280	1280	2321	1236	1108
2815	1280	1280	2509	1243	1112
3071	1280	1280	2704	1252	1115
3327	1280	1280	2901	1260	1118
3583	1280	1280	3099	1267	1120
3839	1280	1280	3291	1276	1123
4095	1280	1280	3491	1283	1126
0	1536	1280	334	1378	1090
256	1536	1280	541	1386	1093
512	1536	1280	743	1394	1096
768	1536	1280	941	1401	1099
1024	1536	1280	1141	1409	1103
1280	1536	1280	1342	1418	1107
1536	1536	1280	1544	1425	1109
1792	1536	1280	1742	1433	1113
2048	1536	1280	1941	1441	1117
2303	1536	1280	2148	1449	1120
2559	1536	1280	2367	1456	1122
2815	1536	1280	2552	1465	1126
3071	1536	1280	2750	1473	1129
3327	1536	1280	2946	1480	1132
3583	1536	1280	3143	1487	1134
3839	1536	1280	3335	1495	1137
4095	1536	1280	3536	1501	1139
0	1792	1280	383	1596	1102
256	1792	1280	587	1604	1106
512	1792	1280	789	1612	1110
768	1792	1280	987	1618	1112
1024	1792	1280	1188	1627	1117
1280	1792	1280	1388	1635	1120
1536	1792	1280	1589	1642	1123
1792	1792	1280	1789	1652	1127
2048	1792	1280	1986	1660	1130
2303	1792	1280	2199	1668	1133
2559	1792	1280	2409	1676	1137
2815	1792	1280	2595	1684	1140
3071	1792	1280	2795	1692	1143
3327	1792	1280	2991	1699	1145
3583	1792	1280	3187	1707	1148
3839	1792	1280	3382	1715	1151
4095	1792	1280	3584	1722	1154
0	2048	1280	429	1815	1116
256	2048	1280	633	1823	1120
512	2048	1280	834	1831	1124
768	2048	1280	1032	1839	1127
1024	2048	1280	1235	1849	1131
1280	2048	1280	1435	1856	1134
1536	2048	1280	1635	1864	1138
1792	2048	1280	1833	1873	1141
2048	2048	1280	2031	1880	1144
2303	2048	1280	2251	1889	1147
2559	2048	1280	2452	1897	1150
2815	2048	1280	2640	1905	1154
3071	2048	1280	2840	1913	1157
3327	2048	1280	3037	1921	1160
3583	2048	1280	3233	1930	1163
3839	2048	1280	3429	1937	1166
4095	2048	1280	3631	1945	1168
0	2303	1280	476	2039	1131
256	2303	1280	680	2048	1135
512	2303	1280	880	2056	1138
768	2303	1280	1079	2064	1140
1024	2303	1280	1280	2075	1144
1280	2303	1280	1483	2083	1148
1536	2303	1280	1683	2093	1152
1792	2303	1280	1880	2102	1155
2048	2303	1280	2080	2110	1158
2303	2303	1280	2303	2118	1161
2559	2303	1280	2495	2127	1164
2815	2303	1280	2687	2137	1168
3071	2303	1280	2887	2146	1171
3327	2303	1280	3084	2154	1174
3583	2303	1280	3278	2163	1177
3839	2303	1280	3476	2172	1180
4095	2303	1280	3677	2181	1182
0	2559	1280	525	2288	1144
256	2559	1280	728	2297	1148
512	2559	1280	928	2306	1152
768	2559	1280	1127	2315	1155
1024	2559	1280	1328	2324	1159
1280	2559	1280	1531	2334	1162
1536	2559	1280	1731	2343	1165
1792	2559	1280	1927	2352	1168
2048	2559	1280	2134	2359	1172
2303	2559	1280	2355	2365	1175
2559	2559	1280	2539	2372	1178
2815	2559	1280	2735	2380	1182
3071	2559	1280	2934	2388	1185
3327	2559	1280	3130	2394	1188
3583	2559	1280	3324	2402	1191
3839	2559	1280	3523	2409	1194
4095	2559	1280	3723	2416	1195
0	2815	1280	571	2504	1158
256	2815	1280	773	2512	1162
512	2815	1280	973	2520	1166
768	2815	1280	1172	2527	1169
1024	2815	1280	1373	2534	1172
1280	2815	1280	1575	2541	1176
1536	2815	1280	1774	2549	1180
1792	2815	1280	1970	2556	1183
2048	2815	1280	2184	2563	1185
2303	2815	1280	2395	2571	1189
2559	2815	1280	2581	2579	1192
2815	2815	1280	2780	2587	1196
3071	2815	1280	2978	2594	1198
3327	2815	1280	3173	2602	1202
3583	2815	1280	3367	2611	1205
3839	2815	1280	3569	2619	1208
4095	2815	1280	3767	2626	1210
0	3071	1280	617	2721	1173
256	3071	1280	818	2730	1177
512	3071	1280	1018	2737	1180
768	3071	1280	1218	2745	1183
1024	3071	1280	1420	2753	1186
1280	3071	1280	1621	2762	1190
1536	3071	1280	1819	2769	1194
1792	3071	1280	2016	2777	1197
2048	3071	1280	2235	2785	1200
2303	3071	1280	2438	2793	1204
2559	3071	1280	2626	2801	1206
2815	3071	1280	2823	2808	1209
3071	3071	1280	3023	2816	1213
3327	3071	1280	3217	2824	1215
3583	3071	1280	3413	2832	1219
3839	3071	1280	3615	2841	1221
4095	3071	1280	3814	2849	1224
0	3327	1280	664	2942	1187
256	3327	1280	864	2951	1190
512	3327	1280	1064	2959	1194
768	3327	1280	1265	2967	1197
1024	3327	1280	1467	2975	1201
1280	3327	1280	1667	2983	1204
1536	3327	1280	1865	2991	1208
1792	3327	1280	2062	2999	1211
2048	3327	1280	2288	3007	1214
2303	3327	1280	2481	3015	1217
2559	3327	1280	2673	3023	1220
2815	3327	1280	2870	3030	1223
3071	3327	1280	3069	3039	1227
3327	3327	1280	3263	3046	1229
3583	3327	1280	3461	3054	1232
3839	3327	1280	3661	3062	1235
4095	3327	1280	3859	3070	1237
0	3583	1280	711	3162	1201
256	3583	1280	910	3170	1203
512	3583	1280	1111	3178	1207
768	3583	1280	1311	3185	1210
1024	3583	1280	1514	3193	1214
1280	3583	1280	1714	3201	1218
1536	3583	1280	1912	3209	1221
1792	3583	1280	2116	3217	1225
2048	3583	1280	2340	3224	1228
2303	3583	1280	2525	3231	1231
2559	3583	1280	2720	3239	1234
2815	3583	1280	2918	3246	1238
3071	3583	1280	3116	3254	1242
3327	3583	1280	3309	3261	1244
3583	3583	1280	3508	3269	1247
3839	3583	1280	3709	3277	1249
4095	3583	1280	3905	3285	1250
0	3839	1280	758	3378	1213
256	3839	1280	956	3386	1217
512	3839	1280	1157	3394	1220
768	3839	1280	1357	3402	1223
1024	3839	1280	1560	3410	1227
1280	3839	1280	1759	3419	1230
1536	3839	1280	1957	3427	1234
1792	3839	1280	2167	3435	1237
2048	3839	1280	2384	3443	1241
2303	3839	1280	2568	3451	1244
2559	3839	1280	2766	3459	1247
2815	3839	1280	2965	3467	1251
3071	3839	1280	3160	3475	1254
3327	3839	1280	3353	3482	1256
3583	3839	1280	3554	3490	1260
3839	3839	1280	3754	3498	1262
4095	3839	1280	3949	3506	1263
0	4095	1280	801	3604	1227
256	4095	1280	1000	3612	1230
512	4095	1280	1201	3619	1233
768	4095	1280	1401	3627	1236
1024	4095	1280	1604	3635	1241
1280	4095	1280	1802	3644	1244
1536	4095	1280	2001	3652	1246
1792	4095	1280	2217	3660	1249
2048	4095	1280	2425	3668	1253
2303	4095	1280	2612	3676	1256
2559	4095	1280	2811	3683	1259
2815	4095	1280	3010	3691	1263
3071	4095	1280	3205	3699	1266
3327	4095	1280	3400	3707	1269
3583	4095	1280	3602	3715	1271
3839	4095	1280	3800	3722	1274
4095	4095	1280	3995	3730	1275
0	0	1536	59	0	1215
256	0	1536	263	0	1217
512	0	1536	470	7	1220
768	0	1536	672	16	1223
1024	0	1536	872	24	1226
1280	0	1536	1071	33	1229
1536	0	1536	1273	41	1232
1792	0	1536	1473	49	1236
2048	0	1536	1674	57	1240
2303	0	1536	1870	66	1243
2559	0	1536	2070	75	1246
2815	0	1536	2297	83	1250
3071	0	1536	2488	92	1253
3327	0	1536	2681	100	1256
3583	0	1536	2879	109	1259
3839	0	1536	3078	117	1262
4095	0	1536	3271	126	1264
0	256	1536	106	229	1230
256	256	1536	311	237	1231
512	256	1536	518	246	1234
768	256	1536	719	253	1237
1024	256	1536	919	261	1240
1280	256	1536	1118	269	1243
1536	256	1536	1318	278	1247
1792	256	1536	1521	287	1250
2048	256	1536	1720	295	1252
2303	256	1536	1916	304	1255
2559	256	1536	2122	312	1259
2815	256	1536	2346	321	1262
3071	256	1536	2530	329	1265
3327	256	1536	2726	338	1268
3583	256	1536	2923	347	1272
3839	256	1536	3122	355	1274
4095	256	1536	3314	364	1278
0	512	1536	154	467	1242
256	512	1536	360	476	1245
512	512	1536	566	484	1248
768	512	1536	767	493	1251
1024	512	1536	967	502	1254
1280	512	1536	1166	511	1258
1536	512	1536	1367	520	1260
1792	512	1536	1569	528	1264
2048	512	1536	1767	536	1267
2303	512	1536	1963	544	1269
2559	512	1536	2175	552	1272
2815	512	1536	2389	560	1275
3071	512	1536	2573	568	1279
3327	512	1536	2774	577	1282
3583	512	1536	2971	584	1285
3839	512	1536	3167	592	1288
4095	512	1536	3360	600	1289
0	768	1536	202	698	1255
256	768	1536	408	707	1258
512	768	1536	613	715	1261
768	768	1536	813	723	1264
1024	768	1536	1012	731	1268
1280	768	1536	1212	739	1271
1536	768	1536	1413	747	1275
1792	768	1536	1614	756	1278
2048	768	1536	1813	764	1280
2303	768	1536	2010	771	1282
2559	768	1536	2227	778	1285
2815	768	1536	2432	786	1288
3071	768	1536	2620	795	1291
3327	768	1536	2820	803	1297
3583	768	1536	3017	810	1299
3839	768	1536	3212	818	1302
4095	768	1536	3407	826	1304
0	1024	1536	250	923	1268
256	1024	1536	455	931	1272
512	1024	1536	659	939	1275
768	1024	1536	859	947	1278
1024	1024	1536	1058	955	1280
1280	1024	1536	1258	963	1283
1536	1024	1536	1460	972	1287
1792	1024	1536	1660	979	1291
2048	1024	1536	1858	987	1294
2303	1024	1536	2056	995	1297
2559	1024	1536	2280	1003	1301
2815	1024	1536	2477	1012	1303
3071	1024	1536	2667	1020	1307
3327	1024	1536	2865	1027	1311
3583	1024	1536	3062	1035	1314
3839	1024	1536	3257	1043	1316
4095	1024	1536	3454	1050	1317
0	1280	1536	297	1151	1281
256	1280	1536	503	1159	1284
512	1280	1536	706	1168	1287
768	1280	1536	904	1175	1290
1024	1280	1536	1104	1183	1294
1280	1280	1536	1303	1192	1298
1536	1280	1536	1507	1201	1301
1792	1280	1536	1706	1210	1305
2048	1280	1536	1904	1218	1308
2303	1280	1536	2107	1226	1311
2559	1280	1536	2331	1234	1314
2815	1280	1536	2519	1243	1316
3071	1280	1536	2713	1251	1319
3327	1280	1536	2911	1260	1322
3583	1280	1536	3108	1268	1324
3839	1280	1536	3302	1275	1326
4095	1280	1536	3501	1283	1329
0	1536	1536	344	1377	1295
256	1536	1536	550	1386	1297
512	1536	1536	752	1394	1300
768	1536	1536	950	1401	1303
1024	1536	1536	1150	1409	1306
1280	1536	1536	1351	1417	1310
1536	1536	1536	1554	1426	1315
1792	1536	1536	1754	1434	1319
2048	1536	1536	1950	1442	1322
2303	1536	1536	2160	1450	1324
2559	1536	1536	2376	1457	1327
2815	1536	1536	2561	1464	1329
3071	1536	1536	2758	1472	1332
3327	1536	1536	2956	1480	1335
3583	1536	1536	3152	1488	1338
3839	1536	1536	3345	1494	1340
4095	1536	1536	3546	1501	1342
0	1792	1536	391	1596	1309
256	1792	1536	596	1604	1313
512	1792	1536	798	1612	1314
768	1792	1536	996	1619	1318
1024	1792	1536	1198	1629	1322
1280	1792	1536	1399	1637	1325
1536	1792	1536	1600	1645	1326
1792	1792	1536	1799	1653	1331
2048	1792	1536	1996	1661	1333
2303	1792	1536	2211	1669	1336
2559	1792	1536	2418	1677	1339
2815	1792	1536	2605	1683	1341
3071	1792	1536	2804	1691	1345
3327	1792	1536	3002	1699	1347
3583	1792	1536	3196	1706	1350
3839	1792	1536	3392	1714	1353
4095	1792	1536	3594	1722	1356
0	2048	1536	438	1816	1322
256	2048	1536	643	1824	1325
512	2048	1536	843	1832	1329
768	2048	1536	1043	1840	1332
1024	2048	1536	1245	1851	1336
1280	2048	1536	1446	1858	1338
1536	2048	1536	1645	1866	1342
1792	2048	1536	1844	1873	1344
2048	2048	1536	2040	1881	1346
2303	2048	1536	2263	1889	1349
2559	2048	1536	2461	1897	1352
2815	2048	1536	2651	1905	1355
3071	2048	1536	2849	1913	1357
3327	2048	1536	3048	1921	1360
3583	2048	1536	3242	1929	1363
3839	2048	1536	3440	1938	1366
4095	2048	1536	3640	1946	1368
0	2303	1536	486	2041	1334
256	2303	1536	689	2049	1338
512	2303	1536	890	2058	1341
768	2303	1536	1089	2066	1344
1024	2303	1536	1290	2076	1346
1280	2303	1536	1493	2084	1350
1536	2303	1536	1693	2093	1354
1792	2303	1536	1890	2102	1357
2048	2303	1536	2091	2110	1359
2303	2303	1536	2315	2119	1361
2559	2303	1536	2505	2128	1363
2815	2303	1536	2698	2136	1366
3071	2303	1536	2896	2145	1370
3327	2303	1536	3095	2155	1372
3583	2303	1536	3288	2164	1375
3839	2303	1536	3487	2173	1377
4095	2303	1536	3687	2181	1379
0	2559	1536	535	2289	1345
256	2559	1536	737	2298	1349
512	2559	1536	938	2307	1353
768	2559	1536	1137	2316	1356
1024	2559	1536	1337	2324	1358
1280	2559	1536	1541	2335	1363
1536	2559	1536	1741	2344	1366
1792	2559	1536	1938	2353	1369
2048	2559	1536	2145	2360	1371
2303	2559	1536	2365	2367	1374
2559	2559	1536	2548	2373	1377
2815	2559	1536	2746	2381	1379
3071	2559	1536	2943	2388	1382
3327	2559	1536	3140	2395	1384
3583	2559	1536	3332	2403	1388
3839	2559	1536	3534	2410	1390
4095	2559	1536	3733	2417	1392
0	2815	1536	580	2504	1357
256	2815	1536	782	2512	1362
512	2815	1536	983	2521	1366
768	2815	1536	1183	2528	1368
1024	2815	1536	1383	2535	1370
1280	2815	1536	1586	2543	1374
1536	2815	1536	1784	2551	1378
1792	2815	1536	1981	2557	1380
2048	2815	1536	2194	2564	1383
2303	2815	1536	2405	2572	1386
2559	2815	1536	2590	2580	1389
2815	2815	1536	2790	2587	1392
3071	2815	1536	2987	2594	1394
3327	2815	1536	3183	2602	1398
3583	2815	1536	3377	2611	1400
3839	2815	1536	3579	2619	1403
4095	2815	1536	3778	2626	1404
0	3071	1536	627	2721	1372
256	3071	1536	829	2730	1376
512	3071	1536	1028	2739	1378
768	3071	1536	1229	2746	1380
1024	3071	1536	1430	2755	1383
1280	3071	1536	1632	2763	1387
1536	3071	1536	1829	2771	1390
1792	3071	1536	2026	2778	1393
2048	3071	1536	2247	2787	1396
2303	3071	1536	2448	2794	1399
2559	3071	1536	2636	2801	1402
2815	3071	1536	2834	2808	1404
3071	3071	1536	3032	2815	1407
3327	3071	1536	3228	2824	1410
3583	3071	1536	3424	2832	1413
3839	3071	1536	3626	2840	1415
4095	3071	1536	3824	2849	1418
0	3327	1536	674	2944	1384
256	3327	1536	875	2952	1387
512	3327	1536	1074	2960	1390
768	3327	1536	1276	2968	1394
1024	3327	1536	1477	2976	1396
1280	3327	1536	1678	2984	1399
1536	3327	1536	1875	2992	1402
1792	3327	1536	2075	3000	1405
2048	3327	1536	2300	3008	1408
2303	3327	1536	2491	3015	1411
2559	3327	1536	2683	3023	1414
2815	3327	1536	2881	3031	1417
3071	3327	1536	3079	3039	1419
3327	3327	1536	3273	3047	1422
3583	3327	1536	3471	3055	1425
3839	3327	1536	3672	3063	1427
4095	3327	1536	3869	3072	1430
0	3583	1536	720	3163	1395
256	3583	1536	920	3170	1398
512	3583	1536	1120	3178	1401
768	3583	1536	1321	3186	1405
1024	3583	1536	1524	3193	1408
1280	3583	1536	1724	3202	1411
1536	3583	1536	1922	3210	1415
1792	3583	1536	2128	3217	1417
2048	3583	1536	2351	3225	1420
2303	3583	1536	2535	3232	1423
2559	3583	1536	2730	3240	1426
2815	3583	1536	2929	3247	1429
3071	3583	1536	3126	3255	1432
3327	3583	1536	3319	3262	1434
3583	3583	1536	3518	3270	1437
3839	3583	1536	3719	3278	1439
4095	3583	1536	3915	3285	1441
0	3839	1536	767	3378	1407
256	3839	1536	966	3386	1410
512	3839	1536	1166	3394	1413
768	3839	1536	1368	3403	1416
1024	3839	1536	1570	3411	1419
1280	3839	1536	1770	3419	1423
1536	3839	1536	1967	3428	1426
1792	3839	1536	2179	3436	1429
2048	3839	1536	2393	3444	1432
2303	3839	1536	2578	3452	1435
2559	3839	1536	2776	3460	1437
2815	3839	1536	2975	3468	1441
3071	3839	1536	3171	3476	1444
3327	3839	1536	3364	3482	1446
3583	3839	1536	3566	3490	1448
3839	3839	1536	3764	3498	1450
4095	3839	1536	3960	3506	1451
0	4095	1536	810	3604	1417
256	4095	1536	1010	3612	1420
512	4095	1536	1211	3620	1424
768	4095	1536	1412	3628	1427
1024	4095	1536	1613	3636	1431
1280	4095	1536	1813	3645	1435
1536	4095	1536	2011	3653	1437
1792	4095	1536	2230	3661	1440
2048	4095	1536	2435	3669	1443
2303	4095	1536	2622	3676	1446
2559	4095	1536	2822	3684	1450
2815	4095	1536	3021	3692	1453
3071	4095	1536	3216	3700	1456
3327	4095	1536	3411	3707	1457
3583	4095	1536	3613	3715	1459
3839	4095	1536	3811	3723	1461
4095	4095	1536	4006	3730	1462
0	0	1792	68	0	1409
256	0	1792	273	0	1411
512	0	1792	479	5	1414
768	0	1792	683	14	1417
1024	0	1792	882	22	1419
1280	0	1792	1082	31	1422
1536	0	1792	1281	39	1425
1792	0	1792	1484	48	1427
2048	0	1792	1684	57	1430
2303	0	1792	1881	65	1433
2559	0	1792	2081	74	1436
2815	0	1792	2307	82	1439
3071	0	1792	2497	91	1442
3327	0	1792	2691	99	1445
3583	0	1792	2890	107	1448
3839	0	1792	3089	115	1450
4095	0	1792	3282	124	1453
0	256	1792	115	227	1421
256	256	1792	321	236	1423
512	256	1792	528	244	1426
768	256	1792	730	253	1429
1024	256	1792	928	260	1431
1280	256	1792	1129	269	1434
1536	256	1792	1328	277	1437
1792	256	1792	1531	286	1440
2048	256	1792	1728	294	1441
2303	256	1792	1925	303	1444
2559	256	1792	2132	310	1446
2815	256	1792	2355	319	1450
3071	256	1792	2539	328	1452
3327	256	1792	2736	336	1456
3583	256	1792	2935	345	1459
3839	256	1792	3132	353	1461
4095	256	1792	3325	361	1463
0	512	1792	164	467	1432
256	512	1792	370	476	1435
512	512	1792	575	484	1437
768	512	1792	777	493	1441
1024	512	1792	976	502	1443
1280	512	1792	1177	510	1446
1536	512	1792	1377	519	1449
1792	512	1792	1578	526	1452
2048	512	1792	1775	534	1454
2303	512	1792	1971	542	1455
2559	512	1792	2186	550	1460
2815	512	1792	2398	559	1463
3071	512	1792	2583	567	1465
3327	512	1792	2782	575	1468
3583	512	1792	2981	583	1470
3839	512	1792	3176	591	1473
4095	512	1792	3371	599	1475
0	768	1792	211	698	1444
256	768	1792	418	706	1446
512	768	1792	622	714	1449
768	768	1792	823	722	1452
1024	768	1792	1022	730	1455
1280	768	1792	1222	738	1458
1536	768	1792	1422	746	1461
1792	768	1792	1624	754	1463
2048	768	1792	1821	762	1465
2303	768	1792	2019	769	1468
2559	768	1792	2239	777	1471
2815	768	1792	2441	785	1475
3071	768	1792	2630	794	1478
3327	768	1792	2829	802	1483
3583	768	1792	3027	809	1484
3839	768	1792	3221	817	1487
4095	768	1792	3418	825	1489
0	1024	1792	258	922	1456
256	1024	1792	465	930	1459
512	1024	1792	669	938	1462
768	1024	1792	869	946	1464
1024	1024	1792	1067	954	1467
1280	1024	1792	1269	962	1470
1536	1024	1792	1470	971	1473
1792	1024	1792	1671	979	1476
2048	1024	1792	1868	987	1479
2303	1024	1792	2067	995	1483
2559	1024	1792	2292	1003	1485
2815	1024	1792	2485	1011	1488
3071	1024	1792	2677	1019	1491
3327	1024	1792	2875	1027	1495
3583	1024	1792	3074	1034	1497
3839	1024	1792	3267	1042	1499
4095	1024	1792	3464	1049	1502
0	1280	1792	306	1150	1468
256	1280	1792	513	1159	1471
512	1280	1792	715	1167	1474
768	1280	1792	915	1175	1477
1024	1280	1792	1114	1184	1480
1280	1280	1792	1314	1192	1482
1536	1280	1792	1517	1201	1485
1792	1280	1792	1717	1210	1489
2048	1280	1792	1914	1218	1492
2303	1280	1792	2119	1227	1495
2559	1280	1792	2343	1234	1498
2815	1280	1792	2528	1242	1501
3071	1280	1792	2723	1250	1504
3327	1280	1792	2921	1259	1507
3583	1280	1792	3118	1266	1509
3839	1280	1792	3311	1274	1512
4095	1280	1792	3511	1281	1514
0	1536	1792	354	1378	1480
256	1536	1792	560	1386	1483
512	1536	1792	762	1394	1486
768	1536	1792	961	1402	1489
1024	1536	1792	1161	1410	1492
1280	1536	1792	1361	1417	1495
1536	1536	1792	1563	1426	1498
1792	1536	1792	1763	1433	1501
2048	1536	1792	1960	1441	1503
2303	1536	1792	2171	1449	1507
2559	1536	1792	2387	1456	1509
2815	1536	1792	2570	1464	1512
3071	1536	1792	2770	1472	1515
3327	1536	1792	2967	1479	1518
3583	1536	1792	3163	1487	1520
3839	1536	1792	3357	1495	1522
4095	1536	1792	3558	1501	1524
0	1792	1792	401	1596	1492
256	1792	1792	606	1604	1496
512	1792	1792	807	1613	1500
768	1792	1792	1008	1620	1503
1024	1792	1792	1208	1629	1506
1280	1792	1792	1409	1636	1508
1536	1792	1792	1609	1644	1511
1792	1792	1792	1808	1652	1515
2048	1792	1792	2007	1660	1518
2303	1792	1792	2222	1668	1520
2559	1792	1792	2429	1676	1523
2815	1792	1792	2615	1684	1525
3071	1792	1792	2815	1692	1528
3327	1792	1792	3012	1699	1530
3583	1792	1792	3208	1707	1533
3839	1792	1792	3403	1716	1536
4095	1792	1792	3604	1722	1537
0	2048	1792	448	1815	1505
256	2048	1792	653	1824	1509
512	2048	1792	853	1833	1513
768	2048	1792	1054	1842	1516
1024	2048	1792	1256	1851	1519
1280	2048	1792	1455	1858	1520
1536	2048	1792	1656	1865	1524
1792	2048	1792	1854	1874	1527
2048	2048	1792	2052	1882	1530
2303	2048	1792	2274	1890	1533
2559	2048	1792	2471	1897	1535
2815	2048	1792	2661	1906	1539
3071	2048	1792	2860	1914	1541
3327	2048	1792	3058	1922	1543
3583	2048	1792	3253	1929	1546
3839	2048	1792	3450	1937	1549
4095	2048	1792	3651	1944	1550
0	2303	1792	495	2040	1516
256	2303	1792	699	2048	1520
512	2303	1792	899	2056	1524
768	2303	1792	1099	2065	1528
1024	2303	1792	1299	2074	1530
1280	2303	1792	1502	2083	1533
1536	2303	1792	1701	2091	1535
1792	2303	1792	1899	2101	1541
2048	2303	1792	2103	2111	1542
2303	2303	1792	2325	2118	1545
2559	2303	1792	2514	2127	1548
2815	2303	1792	2708	2136	1551
3071	2303	1792	2907	2144	1554
3327	2303	1792	3104	2153	1556
3583	2303	1792	3298	2163	1559
3839	2303	1792	3497	2172	1561
4095	2303	1792	3697	2181	1564
0	2559	1792	544	2289	1531
256	2559	1792	747	2298	1533
512	2559	1792	947	2306	1536
768	2559	1792	1148	2315	1538
1024	2559	1792	1348	2325	1542
1280	2559	1792	1552	2335	1545
1536	2559	1792	1750	2344	1548
1792	2559	1792	1947	2352	1550
2048	2559	1792	2155	2359	1554
2303	2559	1792	2373	2365	1557
2559	2559	1792	2558	2373	1562
2815	2559	1792	2755	2380	1563
3071	2559	1792	2953	2387	1566
3327	2559	1792	3149	2394	1570
3583	2559	1792	3342	2402	1574
3839	2559	1792	3544	2410	1576
4095	2559	1792	3744	2418	1579
0	2815	1792	590	2505	1542
256	2815	1792	792	2513	1546
512	2815	1792	992	2521	1548
768	2815	1792	1193	2529	1552
1024	2815	1792	1393	2537	1556
1280	2815	1792	1595	2543	1558
1536	2815	1792	1793	2550	1561
1792	2815	1792	1991	2557	1564
2048	2815	1792	2206	2564	1567
2303	2815	1792	2414	2571	1570
2559	2815	1792	2601	2580	1575
2815	2815	1792	2799	2585	1576
3071	2815	1792	2997	2594	1581
3327	2815	1792	3193	2603	1584
3583	2815	1792	3389	2611	1587
3839	2815	1792	3589	2619	1589
4095	2815	1792	3789	2627	1591
0	3071	1792	636	2722	1555
256	3071	1792	838	2730	1559
512	3071	1792	1037	2739	1563
768	3071	1792	1239	2747	1565
1024	3071	1792	1440	2755	1568
1280	3071	1792	1641	2763	1572
1536	3071	1792	1840	2771	1576
1792	3071	1792	2036	2778	1578
2048	3071	1792	2259	2786	1581
2303	3071	1792	2458	2794	1585
2559	3071	1792	2647	2802	1587
2815	3071	1792	2845	2809	1590
3071	3071	1792	3045	2817	1594
3327	3071	1792	3239	2826	1597
3583	3071	1792	3435	2833	1600
3839	3071	1792	3636	2841	1602
4095	3071	1792	3835	2848	1605
0	3327	1792	684	2944	1568
256	3327	1792	884	2952	1571
512	3327	1792	1084	2960	1574
768	3327	1792	1284	2968	1578
1024	3327	1792	1486	2976	1580
1280	3327	1792	1687	2984	1584
1536	3327	1792	1885	2992	1588
1792	3327	1792	2086	3000	1593
2048	3327	1792	2311	3009	1595
2303	3327	1792	2501	3016	1598
2559	3327	1792	2694	3024	1602
2815	3327	1792	2892	3032	1604
3071	3327	1792	3090	3038	1606
3327	3327	1792	3283	3046	1610
3583	3327	1792	3482	3054	1613
3839	3327	1792	3681	3063	1615
4095	3327	1792	3879	3071	1617
0	3583	1792	731	3163	1580
256	3583	1792	930	3171	1585
512	3583	1792	1131	3179	1588
768	3583	1792	1331	3186	1590
1024	3583	1792	1534	3194	1594
1280	3583	1792	1733	3202	1597
1536	3583	1792	1932	3210	1601
1792	3583	1792	2139	3218	1604
2048	3583	1792	2361	3225	1608
2303	3583	1792	2544	3232	1610
2559	3583	1792	2741	3239	1614
2815	3583	1792	2939	3247	1617
3071	3583	1792	3136	3254	1620
3327	3583	1792	3327	3261	1621
3583	3583	1792	3529	3270	1625
3839	3583	1792	3729	3278	1627
4095	3583	1792	3926	3285	1629
0	3839	1792	777	3379	1594
256	3839	1792	977	3388	1595
512	3839	1792	1178	3396	1599
768	3839	1792	1378	3404	1603
1024	3839	1792	1581	3412	1606
1280	3839	1792	1780	3419	1609
1536	3839	1792	1977	3427	1613
1792	3839	1792	2190	3435	1616
2048	3839	1792	2403	3443	1619
2303	3839	1792	2587	3452	1623
2559	3839	1792	2787	3459	1626
2815	3839	1792	2985	3468	1630
3071	3839	1792	3181	3476	1633
3327	3839	1792	3374	3483	1636
3583	3839	1792	3576	3491	1638
3839	3839	1792	3774	3499	1641
4095	3839	1792	3970	3507	1641
0	4095	1792	820	3604	1605
256	4095	1792	1019	3611	1608
512	4095	1792	1222	3620	1612
768	4095	1792	1423	3628	1614
1024	4095	1792	1624	3636	1618
1280	4095	1792	1823	3644	1623
1536	4095	1792	2022	3652	1626
1792	4095	1792	2241	3660	1628
2048	4095	1792	2445	3668	1631
2303	4095	1792	2632	3676	1634
2559	4095	1792	2832	3684	1639
2815	4095	1792	3031	3693	1643
3071	4095	1792	3226	3701	1646
3327	4095	1792	3421	3708	1648
3583	4095	1792	3622	3715	1650
3839	4095	1792	3822	3723	1652
4095	4095	1792	4016	3730	1654
0	0	2048	78	0	1596
256	0	2048	282	0	1598
512	0	2048	489	4	1600
768	0	2048	692	13	1603
1024	0	2048	892	21	1606
1280	0	2048	1091	30	1609
1536	0	2048	1291	37	1612
1792	0	2048	1493	46	1615
2048	0	2048	1694	55	1617
2303	0	2048	1890	63	1620
2559	0	2048	2093	72	1624
2815	0	2048	2317	80	1627
3071	0	2048	2507	89	1631
3327	0	2048	2701	97	1633
3583	0	2048	2900	106	1636
3839	0	2048	3098	115	1639
4095	0	2048	3291	123	1641
0	256	2048	125	226	1608
256	256	2048	330	235	1610
512	256	2048	538	242	1613
768	256	2048	739	251	1616
1024	256	2048	939	258	1619
1280	256	2048	1138	267	1622
1536	256	2048	1339	276	1624
1792	256	2048	1540	284	1627
2048	256	2048	1738	292	1629
2303	256	2048	1934	301	1632
2559	256	2048	2143	309	1636
2815	256	2048	2363	318	1640
3071	256	2048	2549	327	1643
3327	256	2048	2746	336	1646
3583	256	2048	2945	344	1649
3839	256	2048	3141	352	1651
4095	256	2048	3333	361	1653
0	512	2048	174	465	1621
256	512	2048	379	474	1623
512	512	2048	585	482	1625
768	512	2048	786	491	1629
1024	512	2048	986	500	1631
1280	512	2048	1186	508	1634
1536	512	2048	1387	517	1637
1792	512	2048	1588	526	1640
2048	512	2048	1785	533	1642
2303	512	2048	1981	541	1645
2559	512	2048	2197	550	1650
2815	512	2048	2407	558	1653
3071	512	2048	2593	566	1656
3327	512	2048	2793	574	1659
3583	512	2048	2990	581	1662
3839	512	2048	3187	589	1665
4095	512	2048	3381	597	1668
0	768	2048	222	697	1633
256	768	2048	427	705	1635
512	768	2048	632	713	1638
768	768	2048	832	721	1642
1024	768	2048	1032	729	1645
1280	768	2048	1232	737	1647
1536	768	2048	1433	745	1649
1792	768	2048	1633	753	1653
2048	768	2048	1831	761	1655
2303	768	2048	2029	769	1659
2559	768	2048	2250	776	1662
2815	768	2048	2451	784	1666
3071	768	2048	2640	792	1669
3327	768	2048	2840	801	1673
3583	768	2048	3037	808	1677
3839	768	2048	3232	816	1679
4095	768	2048	3428	824	1682
0	1024	2048	268	921	1645
256	1024	2048	475	930	1649
512	1024	2048	679	938	1652
768	1024	2048	878	946	1655
1024	1024	2048	1078	954	1658
1280	1024	2048	1278	962	1661
1536	1024	2048	1480	970	1664
1792	1024	2048	1680	978	1668
2048	1024	2048	1879	986	1672
2303	1024	2048	2079	994	1674
2559	1024	2048	2303	1002	1677
2815	1024	2048	2495	1010	1680
3071	1024	2048	2687	1019	1684
3327	1024	2048	2886	1027	1687
3583	1024	2048	3084	1034	1690
3839	1024	2048	3277	1042	1692
4095	1024	2048	3475	1049	1695
0	1280	2048	316	1150	1658
256	1280	2048	523	1159	1661
512	1280	2048	726	1166	1665
768	1280	2048	925	1175	1668
1024	1280	2048	1125	1183	1671
1280	1280	2048	1324	1191	1674
1536	1280	2048	1528	1201	1678
1792	1280	2048	1727	1209	1681
2048	1280	2048	1925	1218	1685
2303	1280	2048	2131	1226	1689
2559	1280	2048	2353	1234	1691
2815	1280	2048	2538	1242	1694
3071	1280	2048	2733	1251	1697
3327	1280	2048	2932	1259	1700
3583	1280	2048	3128	1266	1702
3839	1280	2048	3322	1274	1705
4095	1280	2048	3521	1281	1708
0	1536	2048	364	1377	1671
256	1536	2048	569	1385	1674
512	1536	2048	772	1394	1678
768	1536	2048	971	1402	1681
1024	1536	2048	1171	1409	1684
1280	1536	2048	1371	1417	1687
1536	1536	2048	1574	1425	1691
1792	1536	2048	1772	1433	1694
2048	1536	2048	1970	1441	1698
2303	1536	2048	2183	1449	1701
2559	1536	2048	2396	1456	1704
2815	1536	2048	2580	1464	1707
3071	1536	2048	2779	1472	1710
3327	1536	2048	2977	1479	1712
3583	1536	2048	3172	1486	1714
3839	1536	2048	3367	1493	1717
4095	1536	2048	3567	1500	1719
0	1792	2048	411	1595	1684
256	1792	2048	615	1603	1689
512	1792	2048	817	1612	1691
768	1792	2048	1017	1620	1695
1024	1792	2048	1218	1628	1698
1280	1792	2048	1418	1636	1701
1536	1792	2048	1620	1644	1704
1792	1792	2048	1817	1652	1708
2048	1792	2048	2015	1660	1710
2303	1792	2048	2234	1668	1714
2559	1792	2048	2438	1675	1717
2815	1792	2048	2626	1683	1720
3071	1792	2048	2824	1690	1723
3327	1792	2048	3023	1699	1726
3583	1792	2048	3218	1707	1729
3839	1792	2048	3413	1715	1732
4095	1792	2048	3614	1721	1734
0	2048	2048	458	1815	1698
256	2048	2048	662	1825	1702
512	2048	2048	864	1834	1707
768	2048	2048	1064	1843	1710
1024	2048	2048	1265	1850	1712
1280	2048	2048	1465	1858	1715
1536	2048	2048	1666	1866	1718
1792	2048	2048	1863	1873	1720
2048	2048	2048	2060	1880	1723
2303	2048	2048	2286	1889	1727
2559	2048	2048	2480	1897	1730
2815	2048	2048	2672	1905	1733
3071	2048	2048	2870	1913	1737
3327	2048	2048	3069	1921	1740
3583	2048	2048	3263	1930	1744
3839	2048	2048	3460	1938	1746
4095	2048	2048	3660	1945	1748
0	2303	2048	505	2040	1710
256	2303	2048	708	2048	1714
512	2303	2048	909	2057	1719
768	2303	2048	1109	2066	1723
1024	2303	2048	1310	2073	1725
1280	2303	2048	1512	2082	1729
1536	2303	2048	1712	2091	1731
1792	2303	2048	1909	2100	1735
2048	2303	2048	2114	2109	1737
2303	2303	2048	2337	2118	1741
2559	2303	2048	2523	2127	1743
2815	2303	2048	2719	2136	1747
3071	2303	2048	2916	2145	1750
3327	2303	2048	3115	2154	1754
3583	2303	2048	3308	2164	1757
3839	2303	2048	3508	2173	1760
4095	2303	2048	3707	2181	1761
0	2559	2048	554	2289	1724
256	2559	2048	757	2297	1727
512	2559	2048	957	2305	1731
768	2559	2048	1157	2314	1735
1024	2559	2048	1358	2323	1738
1280	2559	2048	1561	2334	1742
1536	2559	2048	1760	2342	1745
1792	2559	2048	1956	2351	1748
2048	2559	2048	2167	2359	1752
2303	2559	2048	2383	2366	1754
2559	2559	2048	2568	2374	1757
2815	2559	2048	2766	2381	1760
3071	2559	2048	2963	2388	1762
3327	2559	2048	3160	2396	1766
3583	2559	2048	3353	2403	1768
3839	2559	2048	3554	2410	1771
4095	2559	2048	3753	2416	1773
0	2815	2048	600	2505	1737
256	2815	2048	801	2512	1741
512	2815	2048	1002	2520	1744
768	2815	2048	1202	2528	1747
1024	2815	2048	1403	2535	1750
1280	2815	2048	1603	2542	1754
1536	2815	2048	1803	2550	1758
1792	2815	2048	2001	2558	1760
2048	2815	2048	2217	2565	1764
2303	2815	2048	2424	2572	1768
2559	2815	2048	2611	2580	1771
2815	2815	2048	2811	2588	1774
3071	2815	2048	3008	2594	1777
3327	2815	2048	3204	2603	1780
3583	2815	2048	3398	2610	1782
3839	2815	2048	3600	2618	1784
4095	2815	2048	3798	2626	1787
0	3071	2048	646	2722	1750
256	3071	2048	847	2730	1754
512	3071	2048	1047	2739	1758
768	3071	2048	1248	2746	1761
1024	3071	2048	1449	2754	1764
1280	3071	2048	1649	2762	1766
1536	3071	2048	1848	2770	1771
1792	3071	2048	2044	2777	1774
2048	3071	2048	2268	2786	1778
2303	3071	2048	2467	2793	1780
2559	3071	2048	2657	2802	1784
2815	3071	2048	2856	2810	1787
3071	3071	2048	3055	2818	1790
3327	3071	2048	3249	2825	1792
3583	3071	2048	3445	2833	1795
3839	3071	2048	3646	2841	1798
4095	3071	2048	3844	2850	1801
0	3327	2048	693	2944	1764
256	3327	2048	893	2952	1769
512	3327	2048	1094	2961	1771
768	3327	2048	1293	2968	1774
1024	3327	2048	1496	2976	1777
1280	3327	2048	1697	2983	1779
1536	3327	2048	1894	2991	1782
1792	3327	2048	2097	2999	1786
2048	3327	2048	2321	3008	1788
2303	3327	2048	2510	3016	1792
2559	3327	2048	2703	3024	1796
2815	3327	2048	2902	3032	1800
3071	3327	2048	3100	3039	1803
3327	3327	2048	3294	3048	1806
3583	3327	2048	3492	3056	1809
3839	3327	2048	3693	3064	1812
4095	3327	2048	3889	3071	1813
0	3583	2048	740	3164	1778
256	3583	2048	940	3171	1781
512	3583	2048	1141	3179	1785
768	3583	2048	1342	3186	1788
1024	3583	2048	1544	3194	1791
1280	3583	2048	1743	3202	1792
1536	3583	2048	1941	3210	1796
1792	3583	2048	2150	3218	1800
2048	3583	2048	2370	3226	1803
2303	3583	2048	2554	3233	1806
2559	3583	2048	2750	3240	1808
2815	3583	2048	2949	3248	1812
3071	3583	2048	3145	3255	1815
3327	3583	2048	3338	3262	1818
3583	3583	2048	3539	3271	1821
3839	3583	2048	3739	3279	1824
4095	3583	2048	3935	3285	1826
0	3839	2048	786	3379	1790
256	3839	2048	987	3387	1792
512	3839	2048	1187	3395	1797
768	3839	2048	1389	3403	1800
1024	3839	2048	1590	3411	1802
1280	3839	2048	1789	3419	1805
1536	3839	2048	1986	3427	1808
1792	3839	2048	2202	3435	1810
2048	3839	2048	2412	3444	1814
2303	3839	2048	2597	3452	1818
2559	3839	2048	2796	3459	1820
2815	3839	2048	2994	3468	1824
3071	3839	2048	3190	3475	1827
3327	3839	2048	3384	3483	1830
3583	3839	2048	3586	3491	1834
3839	3839	2048	3785	3500	1836
4095	3839	2048	3980	3507	1838
0	4095	2048	830	3605	1802
256	4095	2048	1030	3613	1804
512	4095	2048	1231	3620	1807
768	4095	2048	1433	3628	1810
1024	4095	2048	1633	3636	1813
1280	4095	2048	1832	3644	1817
1536	4095	2048	2030	3652	1821
1792	4095	2048	2251	3660	1823
2048	4095	2048	2453	3668	1826
2303	4095	2048	2642	3675	1830
2559	4095	2048	2840	3683	1833
2815	4095	2048	3040	3692	1837
3071	4095	2048	3234	3700	1840
3327	4095	2048	3431	3707	1842
3583	4095	2048	3632	3715	1844
3839	4095	2048	3831	3723	1846
4095	4095	2048	4025	3730	1848
0	0	2303	87	0	1790
256	0	2303	291	0	1792
512	0	2303	498	2	1795
768	0	2303	701	11	1797
1024	0	2303	901	19	1801
1280	0	2303	1101	28	1804
1536	0	2303	1301	37	1807
1792	0	2303	1504	45	1810
2048	0	2303	1703	54	1812
2303	0	2303	1900	62	1814
2559	0	2303	2104	71	1817
2815	0	2303	2329	79	1821
3071	0	2303	2516	88	1825
3327	0	2303	2711	96	1828
3583	0	2303	2909	104	1831
3839	0	2303	3108	113	1833
4095	0	2303	3300	121	1836
0	256	2303	135	225	1804
256	256	2303	341	233	1805
512	256	2303	546	242	1808
768	256	2303	749	250	1809
1024	256	2303	948	258	1813
1280	256	2303	1149	266	1817
1536	256	2303	1348	275	1818
1792	256	2303	1551	284	1823
2048	256	2303	1749	292	1825
2303	256	2303	1945	299	1828
2559	256	2303	2155	308	1832
2815	256	2303	2374	317	1834
3071	256	2303	2559	326	1838
3327	256	2303	2757	334	1840
3583	256	2303	2954	342	1843
3839	256	2303	3151	351	1846
4095	256	2303	3343	359	1849
0	512	2303	183	465	1815
256	512	2303	390	474	1818
512	512	2303	594	482	1820
768	512	2303	796	490	1822
1024	512	2303	995	499	1826
1280	512	2303	1196	508	1828
1536	512	2303	1396	515	1832
1792	512	2303	1598	524	1836
2048	512	2303	1794	532	1837
2303	512	2303	1993	541	1842
2559	512	2303	2209	549	1845
2815	512	2303	2418	557	1848
3071	512	2303	2604	566	1852
3327	512	2303	2804	573	1854
3583	512	2303	3001	581	1857
3839	512	2303	3197	589	1860
4095	512	2303	3391	597	1862
0	768	2303	231	697	1827
256	768	2303	437	705	1830
512	768	2303	641	712	1833
768	768	2303	842	720	1835
1024	768	2303	1041	728	1838
1280	768	2303	1242	735	1840
1536	768	2303	1442	744	1844
1792	768	2303	1644	752	1848
2048	768	2303	1840	760	1851
2303	768	2303	2039	768	1855
2559	768	2303	2260	775	1858
2815	768	2303	2460	784	1861
3071	768	2303	2650	792	1865
3327	768	2303	2848	800	1867
3583	768	2303	3047	808	1873
3839	768	2303	3242	816	1875
4095	768	2303	3438	823	1876
0	1024	2303	277	920	1839
256	1024	2303	485	929	1843
512	1024	2303	688	937	1846
768	1024	2303	888	945	1850
1024	1024	2303	1088	953	1852
1280	1024	2303	1287	961	1854
1536	1024	2303	1490	969	1858
1792	1024	2303	1690	978	1862
2048	1024	2303	1888	986	1866
2303	1024	2303	2089	994	1869
2559	1024	2303	2312	1001	1872
2815	1024	2303	2504	1010	1875
3071	1024	2303	2697	1018	1879
3327	1024	2303	2895	1027	1882
3583	1024	2303	3094	1034	1885
3839	1024	2303	3287	1041	1888
4095	1024	2303	3485	1048	1890
0	1280	2303	325	1148	1852
256	1280	2303	532	1158	1856
512	1280	2303	735	1167	1860
768	1280	2303	935	1176	1864
1024	1280	2303	1135	1184	1867
1280	1280	2303	1335	1192	1869
1536	1280	2303	1537	1201	1872
1792	1280	2303	1737	1209	1875
2048	1280	2303	1934	1218	1879
2303	1280	2303	2141	1226	1882
2559	1280	2303	2363	1233	1885
2815	1280	2303	2547	1242	1888
3071	1280	2303	2744	1250	1892
3327	1280	2303	2941	1258	1894
3583	1280	2303	3138	1266	1897
3839	1280	2303	3330	1274	1901
4095	1280	2303	3532	1281	1903
0	1536	2303	372	1377	1865
256	1536	2303	579	1385	1869
512	1536	2303	781	1394	1873
768	1536	2303	981	1402	1875
1024	1536	2303	1181	1409	1879
1280	1536	2303	1382	1417	1882
1536	1536	2303	1583	1424	1886
1792	1536	2303	1783	1432	1889
2048	1536	2303	1979	1440	1893
2303	1536	2303	2193	1448	1895
2559	1536	2303	2405	1456	1898
2815	1536	2303	2589	1463	1901
3071	1536	2303	2790	1471	1904
3327	1536	2303	2987	1479	1907
3583	1536	2303	3183	1486	1910
3839	1536	2303	3376	1494	1913
4095	1536	2303	3578	1501	1916
0	1792	2303	419	1594	1878
256	1792	2303	625	1603	1882
512	1792	2303	826	1611	1885
768	1792	2303	1026	1618	1889
1024	1792	2303	1226	1627	1893
1280	1792	2303	1428	1635	1896
1536	1792	2303	1629	1643	1899
1792	1792	2303	1827	1651	1903
2048	1792	2303	2024	1659	1905
2303	1792	2303	2244	1667	1909
2559	1792	2303	2447	1675	1912
2815	1792	2303	2635	1683	1915
3071	1792	2303	2834	1691	1917
3327	1792	2303	3032	1699	1920
3583	1792	2303	3227	1707	1924
3839	1792	2303	3423	1715	1927
4095	1792	2303	3624	1722	1929
0	2048	2303	467	1814	1892
256	2048	2303	671	1823	1895
512	2048	2303	872	1832	1900
768	2048	2303	1073	1841	1904
1024	2048	2303	1273	1849	1906
1280	2048	2303	1476	1857	1910
1536	2048	2303	1676	1865	1913
1792	2048	2303	1873	1873	1916
2048	2048	2303	2070	1880	1919
2303	2048	2303	2296	1889	1922
2559	2048	2303	2489	1897	1925
2815	2048	2303	2681	1905	1928
3071	2048	2303	2879	1912	1931
3327	2048	2303	3077	1920	1934
3583	2048	2303	3272	1929	1937
3839	2048	2303	3469	1936	1940
4095	2048	2303	3670	1943	1941
0	2303	2303	515	2039	1905
256	2303	2303	718	2047	1908
512	2303	2303	918	2057	1912
768	2303	2303	1120	2065	1916
1024	2303	2303	1319	2073	1919
1280	2303	2303	1523	2082	1923
1536	2303	2303	1722	2092	1926
1792	2303	2303	1919	2100	1929
2048	2303	2303	2123	2108	1932
2303	2303	2303	2347	2118	1935
2559	2303	2303	2532	2127	1938
2815	2303	2303	2727	2136	1941
3071	2303	2303	2926	2143	1944
3327	2303	2303	3123	2152	1948
3583	2303	2303	3317	2162	1950
3839	2303	2303	3516	2170	1953
4095	2303	2303	3717	2179	1955
0	2559	2303	563	2288	1919
256	2559	2303	767	2297	1922
512	2559	2303	966	2306	1926
768	2559	2303	1167	2315	1930
1024	2559	2303	1367	2324	1932
1280	2559	2303	1571	2334	1936
1536	2559	2303	1769	2342	1939
1792	2559	2303	1966	2351	1942
2048	2559	2303	2177	2358	1945
2303	2559	2303	2392	2365	1948
2559	2559	2303	2577	2373	1951
2815	2559	2303	2775	2380	1954
3071	2559	2303	2974	2388	1957
3327	2559	2303	3169	2395	1960
3583	2559	2303	3363	2402	1963
3839	2559	2303	3564	2409	1966
4095	2559	2303	3764	2417	1969
0	2815	2303	609	2506	1933
256	2815	2303	811	2513	1936
512	2815	2303	1011	2521	1939
768	2815	2303	1212	2528	1942
1024	2815	2303	1412	2534	1946
1280	2815	2303	1614	2542	1949
1536	2815	2303	1812	2550	1951
1792	2815	2303	2011	2558	1955
2048	2815	2303	2228	2565	1958
2303	2815	2303	2433	2572	1961
2559	2815	2303	2621	2579	1964
2815	2815	2303	2818	2586	1967
3071	2815	2303	3017	2594	1970
3327	2815	2303	3212	2602	1973
3583	2815	2303	3407	2610	1975
3839	2815	2303	3608	2617	1979
4095	2815	2303	3809	2626	1982
0	3071	2303	655	2722	1946
256	3071	2303	856	2729	1949
512	3071	2303	1057	2738	1953
768	3071	2303	1258	2746	1956
1024	3071	2303	1458	2754	1958
1280	3071	2303	1660	2762	1962
1536	3071	2303	1857	2770	1965
1792	3071	2303	2055	2777	1968
2048	3071	2303	2279	2785	1972
2303	3071	2303	2475	2794	1974
2559	3071	2303	2667	2802	1978
2815	3071	2303	2864	2810	1980
3071	3071	2303	3063	2816	1983
3327	3071	2303	3257	2824	1985
3583	3071	2303	3454	2832	1989
3839	3071	2303	3655	2840	1991
4095	3071	2303	3854	2848	1992
0	3327	2303	702	2944	1959
256	3327	2303	903	2952	1962
512	3327	2303	1103	2961	1966
768	3327	2303	1304	2968	1969
1024	3327	2303	1505	2976	1972
1280	3327	2303	1706	2984	1975
1536	3327	2303	1903	2992	1978
1792	3327	2303	2106	2999	1980
2048	3327	2303	2330	3007	1983
2303	3327	2303	2518	3015	1987
2559	3327	2303	2712	3023	1991
2815	3327	2303	2910	3031	1994
3071	3327	2303	3109	3038	1996
3327	3327	2303	3302	3046	1999
3583	3327	2303	3502	3055	2002
3839	3327	2303	3702	3063	2004
4095	3327	2303	3899	3070	2007
0	3583	2303	749	3164	1971
256	3583	2303	949	3172	1975
512	3583	2303	1150	3180	1979
768	3583	2303	1351	3187	1982
1024	3583	2303	1552	3194	1985
1280	3583	2303	1753	3202	1988
1536	3583	2303	1949	3210	1991
1792	3583	2303	2159	3217	1993
2048	3583	2303	2376	3224	1996
2303	3583	2303	2560	3231	1999
2559	3583	2303	2759	3239	2003
2815	3583	2303	2957	3246	2006
3071	3583	2303	3154	3254	2009
3327	3583	2303	3347	3262	2012
3583	3583	2303	3550	3270	2014
3839	3583	2303	3749	3278	2018
4095	3583	2303	3945	3285	2019
0	3839	2303	795	3380	1985
256	3839	2303	995	3388	1988
512	3839	2303	1196	3396	1991
768	3839	2303	1398	3404	1994
1024	3839	2303	1599	3412	1996
1280	3839	2303	1797	3419	1999
1536	3839	2303	1995	3427	2002
1792	3839	2303	2210	3435	2005
2048	3839	2303	2420	3442	2008
2303	3839	2303	2605	3451	2012
2559	3839	2303	2806	3459	2015
2815	3839	2303	3003	3467	2018
3071	3839	2303	3199	3475	2021
3327	3839	2303	3393	3483	2025
3583	3839	2303	3595	3491	2027
3839	3839	2303	3794	3499	2030
4095	3839	2303	3989	3506	2032
0	4095	2303	839	3606	1997
256	4095	2303	1038	3613	2000
512	4095	2303	1241	3621	2004
768	4095	2303	1443	3629	2007
1024	4095	2303	1644	3637	2009
1280	4095	2303	1841	3645	2012
1536	4095	2303	2040	3653	2015
1792	4095	2303	2261	3660	2018
2048	4095	2303	2462	3668	2022
2303	4095	2303	2651	3677	2026
2559	4095	2303	2850	3684	2028
2815	4095	2303	3048	3692	2031
3071	4095	2303	3244	3700	2034
3327	4095	2303	3439	3708	2037
3583	4095	2303	3641	3715	2039
3839	4095	2303	3839	3723	2042
4095	4095	2303	4035	3730	2045
0	0	2559	96	0	1986
256	0	2559	301	0	1989
512	0	2559	507	1	1991
768	0	2559	711	10	1993
1024	0	2559	910	18	1997
1280	0	2559	1111	27	2002
1536	0	2559	1312	35	2005
1792	0	2559	1514	43	2008
2048	0	2559	1714	52	2011
2303	0	2559	1910	61	2014
2559	0	2559	2116	69	2018
2815	0	2559	2340	78	2021
3071	0	2559	2526	86	2024
3327	0	2559	2720	95	2027
3583	0	2559	2919	103	2029
3839	0	2559	3117	112	2032
4095	0	2559	3311	121	2035
0	256	2559	143	223	2000
256	256	2559	348	231	2002
512	256	2559	553	239	2004
768	256	2559	756	247	2007
1024	256	2559	956	256	2010
1280	256	2559	1156	264	2014
1536	256	2559	1357	272	2014
1792	256	2559	1558	281	2018
2048	256	2559	1758	290	2021
2303	256	2559	1953	299	2024
2559	256	2559	2165	307	2027
2815	256	2559	2381	316	2030
3071	256	2559	2566	325	2033
3327	256	2559	2764	333	2036
3583	256	2559	2963	342	2041
3839	256	2559	3161	351	2046
4095	256	2559	3355	359	2047
0	512	2559	192	462	2010
256	512	2559	397	470	2011
512	512	2559	602	479	2014
768	512	2559	803	488	2017
1024	512	2559	1004	497	2020
1280	512	2559	1204	505	2025
1536	512	2559	1405	514	2027
1792	512	2559	1606	522	2030
2048	512	2559	1803	531	2033
2303	512	2559	2001	540	2037
2559	512	2559	2220	549	2041
2815	512	2559	2426	557	2044
3071	512	2559	2613	565	2047
3327	512	2559	2812	572	2050
3583	512	2559	3011	580	2054
3839	512	2559	3206	588	2058
4095	512	2559	3402	596	2060
0	768	2559	240	694	2023
256	768	2559	445	702	2026
512	768	2559	650	711	2028
768	768	2559	850	719	2032
1024	768	2559	1051	727	2035
1280	768	2559	1251	735	2038
1536	768	2559	1452	743	2042
1792	768	2559	1651	751	2043
2048	768	2559	1849	759	2046
2303	768	2559	2046	766	2048
2559	768	2559	2270	773	2054
2815	768	2559	2467	782	2057
3071	768	2559	2658	790	2060
3327	768	2559	2855	797	2061
3583	768	2559	3055	805	2069
3839	768	2559	3249	814	2072
4095	768	2559	3447	821	2074
0	1024	2559	286	919	2036
256	1024	2559	493	928	2039
512	1024	2559	697	936	2043
768	1024	2559	897	945	2046
1024	1024	2559	1098	953	2049
1280	1024	2559	1297	961	2051
1536	1024	2559	1499	967	2054
1792	1024	2559	1699	976	2057
2048	1024	2559	1896	984	2062
2303	1024	2559	2097	991	2065
2559	1024	2559	2322	1000	2068
2815	1024	2559	2511	1008	2072
3071	1024	2559	2705	1016	2075
3327	1024	2559	2903	1024	2078
3583	1024	2559	3103	1033	2084
3839	1024	2559	3295	1040	2086
4095	1024	2559	3494	1047	2089
0	1280	2559	334	1147	2049
256	1280	2559	540	1157	2053
512	1280	2559	744	1165	2056
768	1280	2559	944	1174	2060
1024	1280	2559	1145	1183	2065
1280	1280	2559	1345	1191	2068
1536	1280	2559	1546	1198	2069
1792	1280	2559	1745	1207	2073
2048	1280	2559	1943	1216	2077
2303	1280	2559	2150	1224	2081
2559	1280	2559	2371	1233	2085
2815	1280	2559	2555	1242	2088
3071	1280	2559	2753	1250	2092
3327	1280	2559	2950	1258	2094
3583	1280	2559	3148	1267	2098
3839	1280	2559	3341	1275	2102
4095	1280	2559	3541	1281	2104
0	1536	2559	382	1376	2062
256	1536	2559	587	1384	2067
512	1536	2559	790	1393	2071
768	1536	2559	990	1401	2073
1024	1536	2559	1191	1409	2077
1280	1536	2559	1391	1416	2081
1536	1536	2559	1592	1424	2084
1792	1536	2559	1792	1432	2089
2048	1536	2559	1989	1441	2093
2303	1536	2559	2203	1448	2096
2559	1536	2559	2413	1456	2099
2815	1536	2559	2599	1464	2103
3071	1536	2559	2799	1472	2107
3327	1536	2559	2997	1479	2111
3583	1536	2559	3193	1487	2114
3839	1536	2559	3387	1494	2116
4095	1536	2559	3588	1501	2119
0	1792	2559	429	1594	2078
256	1792	2559	634	1603	2081
512	1792	2559	835	1611	2083
768	1792	2559	1034	1619	2087
1024	1792	2559	1236	1627	2091
1280	1792	2559	1437	1635	2096
1536	1792	2559	1639	1643	2099
1792	1792	2559	1836	1652	2103
2048	1792	2559	2034	1660	2106
2303	1792	2559	2255	1667	2110
2559	1792	2559	2455	1675	2113
2815	1792	2559	2645	1682	2117
3071	1792	2559	2843	1691	2120
3327	1792	2559	3042	1698	2123
3583	1792	2559	3236	1706	2127
3839	1792	2559	3433	1714	2131
4095	1792	2559	3634	1721	2134
0	2048	2559	477	1815	2092
256	2048	2559	679	1822	2096
512	2048	2559	880	1830	2100
768	2048	2559	1081	1840	2105
1024	2048	2559	1281	1848	2107
1280	2048	2559	1484	1857	2111
1536	2048	2559	1685	1865	2115
1792	2048	2559	1882	1872	2118
2048	2048	2559	2081	1879	2120
2303	2048	2559	2306	1888	2124
2559	2048	2559	2497	1896	2128
2815	2048	2559	2690	1904	2131
3071	2048	2559	2888	1912	2133
3327	2048	2559	3086	1919	2137
3583	2048	2559	3280	1928	2141
3839	2048	2559	3479	1935	2144
4095	2048	2559	3679	1943	2147
0	2303	2559	525	2041	2108
256	2303	2559	727	2047	2111
512	2303	2559	928	2057	2115
768	2303	2559	1128	2065	2119
1024	2303	2559	1329	2071	2122
1280	2303	2559	1532	2081	2126
1536	2303	2559	1732	2091	2130
1792	2303	2559	1928	2099	2131
2048	2303	2559	2134	2107	2135
2303	2303	2559	2355	2117	2138
2559	2303	2559	2541	2126	2141
2815	2303	2559	2736	2134	2145
3071	2303	2559	2934	2143	2149
3327	2303	2559	3131	2152	2152
3583	2303	2559	3325	2161	2154
3839	2303	2559	3526	2170	2158
4095	2303	2559	3726	2179	2161
0	2559	2559	573	2288	2122
256	2559	2559	774	2296	2125
512	2559	2559	975	2305	2129
768	2559	2559	1176	2314	2133
1024	2559	2559	1378	2324	2137
1280	2559	2559	1580	2333	2141
1536	2559	2559	1779	2342	2144
1792	2559	2559	1975	2350	2147
2048	2559	2559	2188	2358	2151
2303	2559	2559	2399	2365	2154
2559	2559	2559	2584	2373	2156
2815	2559	2559	2785	2381	2160
3071	2559	2559	2982	2389	2163
3327	2559	2559	3179	2395	2166
3583	2559	2559	3371	2402	2169
3839	2559	2559	3574	2410	2172
4095	2559	2559	3773	2416	2176
0	2815	2559	619	2506	2137
256	2815	2559	819	2513	2140
512	2815	2559	1020	2521	2144
768	2815	2559	1220	2528	2147
1024	2815	2559	1422	2535	2151
1280	2815	2559	1623	2543	2154
1536	2815	2559	1821	2550	2158
1792	2815	2559	2019	2558	2162
2048	2815	2559	2239	2565	2165
2303	2815	2559	2442	2573	2169
2559	2815	2559	2629	2580	2172
2815	2815	2559	2828	2587	2175
3071	2815	2559	3025	2593	2178
3327	2815	2559	3221	2601	2181
3583	2815	2559	3416	2609	2184
3839	2815	2559	3618	2617	2188
4095	2815	2559	3818	2626	2191
0	3071	2559	665	2722	2151
256	3071	2559	865	2730	2154
512	3071	2559	1066	2739	2158
768	3071	2559	1266	2746	2162
1024	3071	2559	1469	2755	2165
1280	3071	2559	1669	2763	2169
1536	3071	2559	1867	2770	2172
1792	3071	2559	2063	2777	2175
2048	3071	2559	2290	2785	2179
2303	3071	2559	2484	2793	2183
2559	3071	2559	2675	2801	2186
2815	3071	2559	2873	2809	2190
3071	3071	2559	3072	2816	2193
3327	3071	2559	3266	2824	2196
3583	3071	2559	3463	2832	2200
3839	3071	2559	3665	2841	2202
4095	3071	2559	3862	2848	2204
0	3327	2559	711	2945	2166
256	3327	2559	911	2953	2170
512	3327	2559	1112	2961	2174
768	3327	2559	1312	2969	2177
1024	3327	2559	1515	2976	2179
1280	3327	2559	1715	2984	2184
1536	3327	2559	1912	2991	2186
1792	3327	2559	2115	2998	2188
2048	3327	2559	2340	3006	2192
2303	3327	2559	2526	3015	2197
2559	3327	2559	2721	3023	2200
2815	3327	2559	2919	3031	2204
3071	3327	2559	3117	3039	2207
3327	3327	2559	3311	3047	2211
3583	3327	2559	3511	3056	2214
3839	3327	2559	3711	3064	2218
4095	3327	2559	3907	3071	2220
0	3583	2559	758	3164	2180
256	3583	2559	957	3172	2184
512	3583	2559	1159	3180	2188
768	3583	2559	1359	3187	2191
1024	3583	2559	1562	3194	2195
1280	3583	2559	1761	3202	2198
1536	3583	2559	1958	3209	2200
1792	3583	2559	2167	3216	2203
2048	3583	2559	2385	3224	2207
2303	3583	2559	2569	3232	2210
2559	3583	2559	2768	3240	2214
2815	3583	2559	2967	3248	2218
3071	3583	2559	3163	3256	2222
3327	3583	2559	3357	3263	2225
3583	3583	2559	3558	3271	2228
3839	3583	2559	3758	3279	2232
4095	3583	2559	3954	3285	2234
0	3839	2559	804	3380	2195
256	3839	2559	1004	3388	2198
512	3839	2559	1206	3396	2202
768	3839	2559	1407	3404	2206
1024	3839	2559	1609	3412	2209
1280	3839	2559	1805	3420	2212
1536	3839	2559	2003	3428	2215
1792	3839	2559	2220	3436	2218
2048	3839	2559	2428	3444	2221
2303	3839	2559	2614	3452	2225
2559	3839	2559	2814	3461	2228
2815	3839	2559	3013	3469	2233
3071	3839	2559	3208	3476	2235
3327	3839	2559	3403	3483	2238
3583	3839	2559	3604	3492	2242
3839	3839	2559	3804	3500	2246
4095	3839	2559	3999	3508	2248
0	4095	2559	848	3607	2208
256	4095	2559	1048	3615	2213
512	4095	2559	1250	3623	2216
768	4095	2559	1452	3631	2220
1024	4095	2559	1653	3639	2223
1280	4095	2559	1850	3646	2226
1536	4095	2559	2048	3654	2229
1792	4095	2559	2272	3662	2233
2048	4095	2559	2470	3668	2236
2303	4095	2559	2660	3676	2240
2559	4095	2559	2858	3684	2244
2815	4095	2559	3058	3693	2246
3071	4095	2559	3252	3700	2249
3327	4095	2559	3449	3708	2253
3583	4095	2559	3650	3716	2257
3839	4095	2559	3849	3724	2260
4095	4095	2559	4044	3731	2263
0	0	2815	106	1	2198
256	0	2815	310	1	2201
512	0	2815	517	1	2204
768	0	2815	719	9	2205
1024	0	2815	919	17	2209
1280	0	2815	1119	26	2214
1536	0	2815	1321	35	2216
1792	0	2815	1523	43	2220
2048	0	2815	1723	52	2223
2303	0	2815	1920	61	2227
2559	0	2815	2126	69	2231
2815	0	2815	2350	78	2234
3071	0	2815	2534	87	2238
3327	0	2815	2731	94	2242
3583	0	2815	2929	103	2245
3839	0	2815	3127	111	2248
4095	0	2815	3320	120	2252
0	256	2815	152	222	2210
256	256	2815	356	230	2213
512	256	2815	562	239	2216
768	256	2815	764	247	2220
1024	256	2815	964	256	2224
1280	256	2815	1164	264	2227
1536	256	2815	1365	272	2230
1792	256	2815	1567	281	2233
2048	256	2815	1767	290	2235
2303	256	2815	1964	298	2239
2559	256	2815	2176	307	2243
2815	256	2815	2391	315	2247
3071	256	2815	2575	324	2250
3327	256	2815	2775	333	2253
3583	256	2815	2972	341	2257
3839	256	2815	3170	350	2262
4095	256	2815	3364	359	2265
0	512	2815	200	462	2223
256	512	2815	405	470	2225
512	512	2815	611	479	2229
768	512	2815	812	488	2232
1024	512	2815	1012	497	2235
1280	512	2815	1214	505	2241
1536	512	2815	1415	514	2244
1792	512	2815	1616	522	2248
2048	512	2815	1813	530	2251
2303	512	2815	2011	540	2255
2559	512	2815	2229	548	2258
2815	512	2815	2434	556	2260
3071	512	2815	2621	564	2263
3327	512	2815	2820	572	2266
3583	512	2815	3018	580	2270
3839	512	2815	3215	589	2275
4095	512	2815	3410	597	2279
0	768	2815	248	693	2237
256	768	2815	454	701	2240
512	768	2815	658	710	2244
768	768	2815	860	718	2248
1024	768	2815	1060	727	2252
1280	768	2815	1262	735	2255
1536	768	2815	1463	744	2260
1792	768	2815	1663	751	2263
2048	768	2815	1859	759	2265
2303	768	2815	2057	767	2269
2559	768	2815	2282	775	2273
2815	768	2815	2477	783	2275
3071	768	2815	2667	791	2278
3327	768	2815	2866	799	2282
3583	768	2815	3065	808	2286
3839	768	2815	3260	816	2290
4095	768	2815	3456	823	2292
0	1024	2815	294	918	2251
256	1024	2815	502	927	2254
512	1024	2815	705	936	2259
768	1024	2815	906	944	2263
1024	1024	2815	1106	953	2267
1280	1024	2815	1308	962	2271
1536	1024	2815	1509	968	2274
1792	1024	2815	1708	976	2277
2048	1024	2815	1905	984	2280
2303	1024	2815	2108	992	2284
2559	1024	2815	2333	1001	2287
2815	1024	2815	2520	1009	2291
3071	1024	2815	2714	1017	2294
3327	1024	2815	2913	1024	2297
3583	1024	2815	3111	1032	2302
3839	1024	2815	3304	1040	2304
4095	1024	2815	3503	1047	2306
0	1280	2815	342	1147	2266
256	1280	2815	549	1156	2271
512	1280	2815	752	1166	2274
768	1280	2815	952	1174	2279
1024	1280	2815	1153	1183	2282
1280	1280	2815	1355	1192	2285
1536	1280	2815	1555	1199	2288
1792	1280	2815	1754	1208	2291
2048	1280	2815	1951	1216	2295
2303	1280	2815	2160	1223	2298
2559	1280	2815	2377	1232	2302
2815	1280	2815	2563	1241	2304
3071	1280	2815	2761	1249	2307
3327	1280	2815	2959	1258	2311
3583	1280	2815	3156	1266	2315
3839	1280	2815	3349	1274	2318
4095	1280	2815	3550	1280	2321
0	1536	2815	390	1376	2280
256	1536	2815	596	1385	2285
512	1536	2815	798	1394	2289
768	1536	2815	998	1402	2293
1024	1536	2815	1199	1410	2297
1280	1536	2815	1400	1418	2301
1536	1536	2815	1601	1424	2302
1792	1536	2815	1799	1432	2304
2048	1536	2815	1996	1440	2307
2303	1536	2815	2212	1447	2311
2559	1536	2815	2420	1455	2315
2815	1536	2815	2608	1464	2319
3071	1536	2815	2807	1471	2322
3327	1536	2815	3005	1479	2326
3583	1536	2815	3200	1487	2329
3839	1536	2815	3395	1494	2332
4095	1536	2815	3598	1501	2335
0	1792	2815	438	1596	2297
256	1792	2815	643	1604	2300
512	1792	2815	843	1611	2303
768	1792	2815	1044	1619	2307
1024	1792	2815	1245	1628	2311
1280	1792	2815	1447	1636	2315
1536	1792	2815	1647	1644	2317
1792	1792	2815	1845	1652	2321
2048	1792	2815	2042	1660	2324
2303	1792	2815	2265	1667	2326
2559	1792	2815	2463	1675	2330
2815	1792	2815	2654	1684	2334
3071	1792	2815	2853	1692	2337
3327	1792	2815	3051	1699	2340
3583	1792	2815	3245	1706	2343
3839	1792	2815	3441	1714	2346
4095	1792	2815	3644	1722	2350
0	2048	2815	485	1815	2310
256	2048	2815	690	1824	2314
512	2048	2815	890	1833	2318
768	2048	2815	1091	1841	2322
1024	2048	2815	1291	1849	2325
1280	2048	2815	1495	1858	2330
1536	2048	2815	1695	1867	2334
1792	2048	2815	1892	1874	2336
2048	2048	2815	2092	1882	2339
2303	2048	2815	2316	1889	2342
2559	2048	2815	2507	1898	2346
2815	2048	2815	2700	1906	2348
3071	2048	2815	2898	1913	2350
3327	2048	2815	3096	1920	2353
3583	2048	2815	3290	1928	2356
3839	2048	2815	3488	1936	2359
4095	2048	2815	3689	1943	2361
0	2303	2815	533	2040	2324
256	2303	2815	736	2048	2328
512	2303	2815	936	2057	2333
768	2303	2815	1137	2065	2336
1024	2303	2815	1338	2074	2340
1280	2303	2815	1543	2084	2343
1536	2303	2815	1740	2092	2345
1792	2303	2815	1937	2100	2347
2048	2303	2815	2145	2109	2350
2303	2303	2815	2365	2118	2353
2559	2303	2815	2549	2127	2356
2815	2303	2815	2745	2134	2360
3071	2303	2815	2943	2143	2363
3327	2303	2815	3141	2153	2365
3583	2303	2815	3333	2161	2366
3839	2303	2815	3535	2170	2369
4095	2303	2815	3734	2178	2372
0	2559	2815	581	2289	2340
256	2559	2815	783	2296	2341
512	2559	2815	983	2305	2345
768	2559	2815	1185	2315	2348
1024	2559	2815	1386	2324	2351
1280	2559	2815	1589	2334	2355
1536	2559	2815	1787	2342	2358
1792	2559	2815	1984	2350	2359
2048	2559	2815	2197	2358	2362
2303	2559	2815	2408	2365	2366
2559	2559	2815	2592	2372	2368
2815	2559	2815	2793	2381	2373
3071	2559	2815	2991	2388	2375
3327	2559	2815	3187	2395	2378
3583	2559	2815	3380	2402	2381
3839	2559	2815	3582	2409	2384
4095	2559	2815	3782	2416	2385
0	2815	2815	627	2506	2351
256	2815	2815	828	2513	2354
512	2815	2815	1028	2521	2357
768	2815	2815	1229	2528	2360
1024	2815	2815	1431	2535	2363
1280	2815	2815	1632	2543	2366
1536	2815	2815	1829	2549	2368
1792	2815	2815	2028	2557	2372
2048	2815	2815	2248	2565	2375
2303	2815	2815	2449	2572	2378
2559	2815	2815	2637	2579	2380
2815	2815	2815	2837	2588	2385
3071	2815	2815	3036	2595	2387
3327	2815	2815	3230	2603	2390
3583	2815	2815	3427	2611	2393
3839	2815	2815	3628	2619	2397
4095	2815	2815	3827	2627	2399
0	3071	2815	673	2721	2363
256	3071	2815	874	2730	2367
512	3071	2815	1074	2738	2370
768	3071	2815	1276	2746	2373
1024	3071	2815	1477	2754	2376
1280	3071	2815	1678	2762	2380
1536	3071	2815	1875	2770	2382
1792	3071	2815	2074	2777	2383
2048	3071	2815	2299	2785	2386
2303	3071	2815	2492	2793	2390
2559	3071	2815	2684	2801	2393
2815	3071	2815	2882	2809	2396
3071	3071	2815	3082	2817	2399
3327	3071	2815	3275	2825	2402
3583	3071	2815	3474	2833	2405
3839	3071	2815	3674	2841	2409
4095	3071	2815	3872	2848	2409
0	3327	2815	720	2944	2376
256	3327	2815	920	2952	2379
512	3327	2815	1120	2960	2382
768	3327	2815	1321	2968	2385
1024	3327	2815	1524	2976	2388
1280	3327	2815	1724	2985	2391
1536	3327	2815	1920	2992	2394
1792	3327	2815	2126	2999	2396
2048	3327	2815	2349	3007	2399
2303	3327	2815	2534	3015	2402
2559	3327	2815	2731	3023	2405
2815	3327	2815	2928	3030	2408
3071	3327	2815	3127	3039	2411
3327	3327	2815	3320	3047	2414
3583	3327	2815	3520	3055	2417
3839	3327	2815	3720	3063	2420
4095	3327	2815	3917	3070	2422
0	3583	2815	767	3165	2388
256	3583	2815	967	3173	2391
512	3583	2815	1167	3180	2394
768	3583	2815	1369	3187	2397
1024	3583	2815	1571	3195	2400
1280	3583	2815	1771	3203	2403
1536	3583	2815	1966	3210	2405
1792	3583	2815	2179	3217	2408
2048	3583	2815	2393	3224	2411
2303	3583	2815	2578	3232	2414
2559	3583	2815	2778	3240	2418
2815	3583	2815	2976	3248	2421
3071	3583	2815	3173	3256	2423
3327	3583	2815	3366	3263	2425
3583	3583	2815	3569	3271	2428
3839	3583	2815	3768	3279	2431
4095	3583	2815	3964	3286	2433
0	3839	2815	813	3381	2401
256	3839	2815	1014	3389	2404
512	3839	2815	1215	3397	2407
768	3839	2815	1417	3405	2410
1024	3839	2815	1618	3412	2413
1280	3839	2815	1816	3420	2415
1536	3839	2815	2012	3427	2417
1792	3839	2815	2232	3436	2420
2048	3839	2815	2437	3444	2424
2303	3839	2815	2624	3452	2426
2559	3839	2815	2824	3460	2429
2815	3839	2815	3023	3469	2433
3071	3839	2815	3218	3476	2435
3327	3839	2815	3412	3484	2437
3583	3839	2815	3615	3492	2441
3839	3839	2815	3814	3501	2444
4095	3839	2815	4009	3508	2446
0	4095	2815	857	3607	2412
256	4095	2815	1058	3615	2416
512	4095	2815	1259	3622	2418
768	4095	2815	1462	3631	2422
1024	4095	2815	1663	3638	2424
1280	4095	2815	1860	3646	2426
1536	4095	2815	2057	3653	2429
1792	4095	2815	2283	3661	2432
2048	4095	2815	2478	3669	2435
2303	4095	2815	2669	3677	2438
2559	4095	2815	2869	3685	2442
2815	4095	2815	3068	3694	2445
3071	4095	2815	3262	3701	2447
3327	4095	2815	3459	3709	2450
3583	4095	2815	3660	3717	2453
3839	4095	2815	3858	3724	2455
4095	4095	2815	4054	3731	2458
0	0	3071	115	2	2404
256	0	3071	319	2	2406
512	0	3071	525	2	2409
768	0	3071	729	8	2408
1024	0	3071	928	17	2412
1280	0	3071	1129	24	2416
1536	0	3071	1329	33	2419
1792	0	3071	1532	42	2422
2048	0	3071	1732	50	2425
2303	0	3071	1929	59	2428
2559	0	3071	2137	67	2431
2815	0	3071	2358	76	2435
3071	0	3071	2543	85	2437
3327	0	3071	2740	93	2440
3583	0	3071	2939	102	2443
3839	0	3071	3136	110	2446
4095	0	3071	3329	119	2449
0	256	3071	161	221	2413
256	256	3071	366	229	2415
512	256	3071	571	237	2418
768	256	3071	773	246	2420
1024	256	3071	973	255	2424
1280	256	3071	1174	262	2427
1536	256	3071	1374	271	2431
1792	256	3071	1578	280	2433
2048	256	3071	1776	288	2436
2303	256	3071	1973	297	2439
2559	256	3071	2188	306	2442
2815	256	3071	2400	315	2445
3071	256	3071	2586	324	2447
3327	256	3071	2784	332	2450
3583	256	3071	2983	340	2453
3839	256	3071	3179	349	2457
4095	256	3071	3374	358	2460
0	512	3071	209	460	2424
256	512	3071	415	469	2426
512	512	3071	620	478	2429
768	512	3071	822	487	2432
1024	512	3071	1021	495	2435
1280	512	3071	1223	504	2439
1536	512	3071	1424	513	2442
1792	512	3071	1626	521	2445
2048	512	3071	1823	530	2448
2303	512	3071	2020	539	2451
2559	512	3071	2241	548	2454
2815	512	3071	2443	556	2457
3071	512	3071	2632	564	2459
3327	512	3071	2830	571	2462
3583	512	3071	3029	579	2465
3839	512	3071	3224	587	2469
4095	512	3071	3421	595	2472
0	768	3071	256	692	2436
256	768	3071	463	701	2439
512	768	3071	667	709	2443
768	768	3071	869	718	2446
1024	768	3071	1069	726	2449
1280	768	3071	1272	735	2452
1536	768	3071	1474	744	2456
1792	768	3071	1673	751	2458
2048	768	3071	1870	759	2460
2303	768	3071	2068	766	2463
2559	768	3071	2294	774	2466
2815	768	3071	2487	782	2469
3071	768	3071	2679	790	2471
3327	768	3071	2877	798	2474
3583	768	3071	3076	806	2478
3839	768	3071	3270	814	2481
4095	768	3071	3469	822	2484
0	1024	3071	304	918	2448
256	1024	3071	511	927	2451
512	1024	3071	715	935	2455
768	1024	3071	915	944	2458
1024	1024	3071	1116	952	2462
1280	1024	3071	1318	960	2466
1536	1024	3071	1520	968	2469
1792	1024	3071	1718	975	2470
2048	1024	3071	1916	983	2472
2303	1024	3071	2120	991	2476
2559	1024	3071	2346	1000	2479
2815	1024	3071	2529	1008	2482
3071	1024	3071	2725	1016	2484
3327	1024	3071	2924	1024	2487
3583	1024	3071	3122	1032	2490
3839	1024	3071	3314	1039	2492
4095	1024	3071	3514	1046	2496
0	1280	3071	352	1147	2460
256	1280	3071	558	1155	2463
512	1280	3071	762	1164	2467
768	1280	3071	961	1172	2470
1024	1280	3071	1163	1181	2474
1280	1280	3071	1363	1190	2477
1536	1280	3071	1566	1198	2479
1792	1280	3071	1763	1206	2482
2048	1280	3071	1961	1214	2485
2303	1280	3071	2172	1223	2488
2559	1280	3071	2388	1232	2490
2815	1280	3071	2572	1240	2493
3071	1280	3071	2771	1248	2496
3327	1280	3071	2969	1257	2499
3583	1280	3071	3166	1265	2503
3839	1280	3071	3359	1273	2504
4095	1280	3071	3561	1280	2507
0	1536	3071	400	1375	2472
256	1536	3071	605	1383	2476
512	1536	3071	808	1392	2479
768	1536	3071	1007	1400	2482
1024	1536	3071	1209	1408	2485
1280	1536	3071	1409	1415	2488
1536	1536	3071	1611	1423	2491
1792	1536	3071	1808	1431	2494
2048	1536	3071	2007	1439	2496
2303	1536	3071	2224	1447	2500
2559	1536	3071	2430	1455	2503
2815	1536	3071	2617	1463	2505
3071	1536	3071	2816	1471	2508
3327	1536	3071	3015	1478	2510
3583	1536	3071	3211	1486	2514
3839	1536	3071	3406	1493	2517
4095	1536	3071	3607	1500	2519
0	1792	3071	448	1594	2485
256	1792	3071	652	1602	2488
512	1792	3071	854	1611	2492
768	1792	3071	1053	1619	2495
1024	1792	3071	1255	1627	2498
1280	1792	3071	1456	1635	2500
1536	1792	3071	1657	1642	2503
1792	1792	3071	1854	1651	2506
2048	1792	3071	2053	1658	2509
2303	1792	3071	2276	1666	2512
2559	1792	3071	2473	1674	2515
2815	1792	3071	2664	1682	2518
3071	1792	3071	2863	1690	2521
3327	1792	3071	3061	1698	2524
3583	1792	3071	3255	1706	2527
3839	1792	3071	3452	1714	2530
4095	1792	3071	3654	1721	2533
0	2048	3071	496	1816	2497
256	2048	3071	699	1824	2502
512	2048	3071	900	1832	2505
768	2048	3071	1100	1840	2507
1024	2048	3071	1301	1849	2510
1280	2048	3071	1504	1856	2512
1536	2048	3071	1704	1864	2515
1792	2048	3071	1901	1872	2518
2048	2048	3071	2104	1880	2521
2303	2048	3071	2327	1888	2524
2559	2048	3071	2516	1896	2527
2815	2048	3071	2709	1904	2531
3071	2048	3071	2908	1912	2534
3327	2048	3071	3107	1920	2537
3583	2048	3071	3300	1927	2540
3839	2048	3071	3499	1936	2543
4095	2048	3071	3699	1943	2546
0	2303	3071	543	2039	2511
256	2303	3071	746	2048	2514
512	2303	3071	946	2056	2517
768	2303	3071	1147	2064	2520
1024	2303	3071	1348	2071	2523
1280	2303	3071	1549	2079	2524
1536	2303	3071	1749	2088	2527
1792	2303	3071	1946	2097	2529
2048	2303	3071	2155	2106	2532
2303	2303	3071	2372	2115	2536
2559	2303	3071	2558	2124	2538
2815	2303	3071	2755	2134	2542
3071	2303	3071	2954	2143	2546
3327	2303	3071	3151	2152	2547
3583	2303	3071	3343	2159	2550
3839	2303	3071	3545	2169	2553
4095	2303	3071	3745	2178	2556
0	2559	3071	592	2287	2522
256	2559	3071	793	2295	2526
512	2559	3071	994	2305	2529
768	2559	3071	1196	2314	2532
1024	2559	3071	1398	2323	2535
1280	2559	3071	1599	2332	2537
1536	2559	3071	1797	2341	2539
1792	2559	3071	1994	2349	2543
2048	2559	3071	2210	2358	2544
2303	2559	3071	2418	2366	2547
2559	2559	3071	2603	2372	2552
2815	2559	3071	2804	2381	2555
3071	2559	3071	3002	2388	2557
3327	2559	3071	3197	2395	2559
3583	2559	3071	3391	2402	2562
3839	2559	3071	3592	2408	2565
4095	2559	3071	3792	2416	2568
0	2815	3071	637	2504	2534
256	2815	3071	838	2512	2537
512	2815	3071	1039	2520	2540
768	2815	3071	1239	2527	2544
1024	2815	3071	1441	2534	2547
1280	2815	3071	1642	2542	2550
1536	2815	3071	1839	2549	2552
1792	2815	3071	2038	2557	2555
2048	2815	3071	2260	2564	2557
2303	2815	3071	2458	2571	2561
2559	2815	3071	2648	2579	2562
2815	2815	3071	2846	2586	2568
3071	2815	3071	3046	2593	2569
3327	2815	3071	3239	2600	2570
3583	2815	3071	3435	2608	2574
3839	2815	3071	3636	2617	2579
4095	2815	3071	3836	2626	2582
0	3071	3071	683	2721	2544
256	3071	3071	884	2729	2548
512	3071	3071	1084	2737	2550
768	3071	3071	1285	2745	2553
1024	3071	3071	1489	2754	2556
1280	3071	3071	1688	2762	2560
1536	3071	3071	1886	2769	2563
1792	3071	3071	2087	2778	2567
2048	3071	3071	2311	2784	2570
2303	3071	3071	2501	2792	2572
2559	3071	3071	2695	2800	2575
2815	3071	3071	2893	2809	2579
3071	3071	3071	3091	2815	2582
3327	3071	3071	3284	2822	2583
3583	3071	3071	3482	2830	2586
3839	3071	3071	3684	2839	2590
4095	3071	3071	3881	2848	2593
0	3327	3071	731	2944	2558
256	3327	3071	930	2952	2561
512	3327	3071	1132	2960	2564
768	3327	3071	1332	2968	2568
1024	3327	3071	1536	2975	2571
1280	3327	3071	1735	2983	2574
1536	3327	3071	1932	2991	2577
1792	3327	3071	2139	2999	2579
2048	3327	3071	2359	3005	2580
2303	3327	3071	2544	3013	2584
2559	3327	3071	2740	3022	2587
2815	3327	3071	2939	3030	2591
3071	3327	3071	3136	3038	2594
3327	3327	3071	3328	3046	2598
3583	3327	3071	3530	3054	2601
3839	3327	3071	3730	3062	2604
4095	3327	3071	3925	3069	2605
0	3583	3071	777	3164	2572
256	3583	3071	977	3172	2575
512	3583	3071	1179	3179	2577
768	3583	3071	1379	3186	2579
1024	3583	3071	1583	3194	2582
1280	3583	3071	1781	3202	2586
1536	3583	3071	1978	3210	2588
1792	3583	3071	2191	3216	2591
2048	3583	3071	2403	3224	2595
2303	3583	3071	2588	3232	2598
2559	3583	3071	2788	3239	2601
2815	3583	3071	2986	3247	2604
3071	3583	3071	3182	3255	2607
3327	3583	3071	3376	3262	2609
3583	3583	3071	3578	3271	2613
3839	3583	3071	3778	3277	2617
4095	3583	3071	3973	3285	2620
0	3839	3071	824	3379	2585
256	3839	3071	1023	3387	2587
512	3839	3071	1226	3395	2589
768	3839	3071	1426	3403	2593
1024	3839	3071	1628	3412	2596
1280	3839	3071	1826	3420	2599
1536	3839	3071	2023	3427	2601
1792	3839	3071	2243	3435	2604
2048	3839	3071	2447	3444	2608
2303	3839	3071	2635	3452	2610
2559	3839	3071	2833	3460	2614
2815	3839	3071	3033	3467	2618
3071	3839	3071	3227	3475	2620
3327	3839	3071	3423	3482	2622
3583	3839	3071	3624	3491	2626
3839	3839	3071	3824	3499	2629
4095	3839	3071	4018	3506	2632
0	4095	3071	868	3606	2594
256	4095	3071	1067	3614	2598
512	4095	3071	1269	3621	2602
768	4095	3071	1471	3630	2606
1024	4095	3071	1672	3637	2608
1280	4095	3071	1869	3645	2610
1536	4095	3071	2068	3653	2614
1792	4095	3071	2294	3661	2618
2048	4095	3071	2489	3668	2620
2303	4095	3071	2680	3676	2623
2559	4095	3071	2879	3684	2627
2815	4095	3071	3079	3692	2630
3071	4095	3071	3271	3699	2633
3327	4095	3071	3469	3707	2635
3583	4095	3071	3670	3715	2638
3839	4095	3071	3868	3722	2640
4095	4095	3071	4063	3730	2644
0	0	3327	125	1	2588
256	0	3327	328	1	2590
512	0	3327	536	1	2594
768	0	3327	739	5	2590
1024	0	3327	939	14	2594
1280	0	3327	1139	23	2598
1536	0	3327	1340	31	2602
1792	0	3327	1542	40	2605
2048	0	3327	1742	49	2609
2303	0	3327	1939	57	2612
2559	0	3327	2147	66	2615
2815	0	3327	2368	74	2619
3071	0	3327	2552	82	2622
3327	0	3327	2750	91	2625
3583	0	3327	2948	99	2628
3839	0	3327	3146	108	2632
4095	0	3327	3338	116	2636
0	256	3327	171	218	2596
256	256	3327	375	227	2598
512	256	3327	581	236	2601
768	256	3327	782	244	2605
1024	256	3327	982	253	2608
1280	256	3327	1183	260	2612
1536	256	3327	1385	269	2615
1792	256	3327	1587	278	2617
2048	256	3327	1787	287	2621
2303	256	3327	1983	294	2624
2559	256	3327	2198	303	2627
2815	256	3327	2409	312	2631
3071	256	3327	2595	321	2633
3327	256	3327	2795	329	2637
3583	256	3327	2993	338	2640
3839	256	3327	3190	347	2644
4095	256	3327	3384	355	2647
0	512	3327	219	458	2609
256	512	3327	424	467	2612
512	512	3327	630	476	2615
768	512	3327	831	485	2619
1024	512	3327	1031	494	2622
1280	512	3327	1232	501	2625
1536	512	3327	1434	510	2628
1792	512	3327	1635	519	2631
2048	512	3327	1833	528	2634
2303	512	3327	2031	536	2637
2559	512	3327	2252	546	2640
2815	512	3327	2453	554	2644
3071	512	3327	2642	562	2647
3327	512	3327	2841	570	2650
3583	512	3327	3040	578	2652
3839	512	3327	3235	586	2656
4095	512	3327	3431	594	2660
0	768	3327	266	691	2622
256	768	3327	473	699	2625
512	768	3327	678	707	2629
768	768	3327	878	716	2632
1024	768	3327	1079	724	2635
1280	768	3327	1280	733	2640
1536	768	3327	1483	741	2643
1792	768	3327	1682	749	2645
2048	768	3327	1880	757	2648
2303	768	3327	2079	765	2651
2559	768	3327	2304	773	2654
2815	768	3327	2496	781	2657
3071	768	3327	2688	789	2659
3327	768	3327	2887	797	2662
3583	768	3327	3084	804	2666
3839	768	3327	3279	813	2669
4095	768	3327	3478	820	2673
0	1024	3327	314	917	2635
256	1024	3327	521	925	2639
512	1024	3327	725	934	2642
768	1024	3327	924	941	2645
1024	1024	3327	1125	950	2648
1280	1024	3327	1326	959	2652
1536	1024	3327	1530	967	2656
1792	1024	3327	1729	974	2658
2048	1024	3327	1925	982	2660
2303	1024	3327	2131	990	2664
2559	1024	3327	2355	999	2668
2815	1024	3327	2539	1007	2670
3071	1024	3327	2735	1014	2673
3327	1024	3327	2934	1022	2677
3583	1024	3327	3131	1030	2679
3839	1024	3327	3324	1037	2681
4095	1024	3327	3524	1045	2685
0	1280	3327	362	1145	2648
256	1280	3327	569	1155	2651
512	1280	3327	771	1163	2654
768	1280	3327	971	1171	2657
1024	1280	3327	1171	1180	2660
1280	1280	3327	1373	1188	2664
1536	1280	3327	1575	1197	2667
1792	1280	3327	1774	1205	2670
2048	1280	3327	1971	1214	2673
2303	1280	3327	2184	1222	2677
2559	1280	3327	2396	1230	2680
2815	1280	3327	2582	1239	2683
3071	1280	3327	2781	1246	2686
3327	1280	3327	2979	1255	2689
3583	1280	3327	3175	1264	2693
3839	1280	3327	3370	1272	2696
4095	1280	3327	3571	1280	2698
0	1536	3327	409	1374	2661
256	1536	3327	615	1383	2664
512	1536	3327	817	1392	2668
768	1536	3327	1017	1400	2671
1024	1536	3327	1218	1407	2674
1280	1536	3327	1419	1414	2676
1536	1536	3327	1620	1421	2680
1792	1536	3327	1819	1430	2683
2048	1536	3327	2017	1438	2686
2303	1536	3327	2236	1446	2690
2559	1536	3327	2439	1454	2693
2815	1536	3327	2628	1462	2696
3071	1536	3327	2826	1470	2699
3327	1536	3327	3025	1478	2702
3583	1536	3327	3220	1486	2706
3839	1536	3327	3416	1494	2710
4095	1536	3327	3617	1501	2713
0	1792	3327	457	1593	2675
256	1792	3327	662	1601	2679
512	1792	3327	863	1610	2682
768	1792	3327	1064	1618	2685
1024	1792	3327	1264	1625	2688
1280	1792	3327	1466	1633	2691
1536	1792	3327	1667	1641	2694
1792	1792	3327	1865	1650	2696
2048	1792	3327	2063	1658	2700
2303	1792	3327	2288	1666	2703
2559	1792	3327	2482	1674	2706
2815	1792	3327	2674	1682	2709
3071	1792	3327	2872	1690	2713
3327	1792	3327	3071	1698	2716
3583	1792	3327	3265	1706	2719
3839	1792	3327	3463	1714	2723
4095	1792	3327	3662	1721	2725
0	2048	3327	505	1815	2688
256	2048	3327	710	1823	2691
512	2048	3327	909	1831	2694
768	2048	3327	1110	1839	2698
1024	2048	3327	1310	1847	2701
1280	2048	3327	1514	1855	2704
1536	2048	3327	1713	1863	2707
1792	2048	3327	1911	1871	2710
2048	2048	3327	2115	1880	2713
2303	2048	3327	2339	1888	2715
2559	2048	3327	2525	1896	2719
2815	2048	3327	2720	1904	2722
3071	2048	3327	2918	1912	2725
3327	2048	3327	3116	1919	2728
3583	2048	3327	3309	1926	2731
3839	2048	3327	3509	1934	2735
4095	2048	3327	3708	1942	2738
0	2303	3327	552	2038	2701
256	2303	3327	755	2047	2704
512	2303	3327	956	2055	2708
768	2303	3327	1157	2063	2710
1024	2303	3327	1358	2072	2714
1280	2303	3327	1560	2079	2716
1536	2303	3327	1759	2089	2720
1792	2303	3327	1956	2097	2722
2048	2303	3327	2166	2106	2725
2303	2303	3327	2383	2116	2729
2559	2303	3327	2568	2125	2732
2815	2303	3327	2767	2134	2735
3071	2303	3327	2964	2142	2738
3327	2303	3327	3161	2150	2740
3583	2303	3327	3353	2158	2744
3839	2303	3327	3556	2168	2747
4095	2303	3327	3755	2177	2750
0	2559	3327	601	2287	2713
256	2559	3327	803	2295	2716
512	2559	3327	1003	2303	2719
768	2559	3327	1205	2313	2723
1024	2559	3327	1406	2322	2727
1280	2559	3327	1608	2331	2729
1536	2559	3327	1806	2340	2732
1792	2559	3327	2003	2347	2735
2048	2559	3327	2220	2356	2738
2303	2559	3327	2427	2365	2741
2559	2559	3327	2613	2372	2745
2815	2559	3327	2814	2380	2748
3071	2559	3327	3011	2388	2751
3327	2559	3327	3207	2395	2754
3583	2559	3327	3401	2401	2755
3839	2559	3327	3602	2407	2759
4095	2559	3327	3801	2415	2762
0	2815	3327	647	2505	2726
256	2815	3327	848	2512	2729
512	2815	3327	1048	2520	2732
768	2815	3327	1250	2527	2735
1024	2815	3327	1451	2534	2739
1280	2815	3327	1653	2542	2742
1536	2815	3327	1850	2549	2745
1792	2815	3327	2049	2557	2748
2048	2815	3327	2272	2565	2751
2303	2815	3327	2469	2572	2754
2559	2815	3327	2658	2578	2757
2815	2815	3327	2856	2586	2761
3071	2815	3327	3055	2593	2764
3327	2815	3327	3249	2601	2766
3583	2815	3327	3445	2609	2770
3839	2815	3327	3647	2617	2773
4095	2815	3327	3845	2625	2776
0	3071	3327	693	2720	2739
256	3071	3327	894	2728	2742
512	3071	3327	1093	2736	2745
768	3071	3327	1295	2745	2749
1024	3071	3327	1498	2753	2751
1280	3071	3327	1698	2761	2755
1536	3071	3327	1896	2769	2758
1792	3071	3327	2098	2777	2762
2048	3071	3327	2322	2785	2765
2303	3071	3327	2511	2793	2768
2559	3071	3327	2704	2801	2771
2815	3071	3327	2903	2809	2773
3071	3071	3327	3100	2815	2777
3327	3071	3327	3293	2823	2780
3583	3071	3327	3491	2830	2782
3839	3071	3327	3692	2837	2786
4095	3071	3327	3889	2845	2788
0	3327	3327	740	2943	2752
256	3327	3327	940	2951	2755
512	3327	3327	1141	2959	2758
768	3327	3327	1342	2967	2762
1024	3327	3327	1544	2975	2765
1280	3327	3327	1744	2983	2768
1536	3327	3327	1941	2991	2772
1792	3327	3327	2150	2999	2774
2048	3327	3327	2370	3007	2777
2303	3327	3327	2554	3015	2780
2559	3327	3327	2750	3023	2784
2815	3327	3327	2949	3030	2787
3071	3327	3327	3146	3039	2789
3327	3327	3327	3339	3046	2792
3583	3327	3327	3541	3054	2795
3839	3327	3327	3740	3062	2797
4095	3327	3327	3936	3069	2800
0	3583	3327	786	3164	2765
256	3583	3327	987	3172	2769
512	3583	3327	1188	3179	2771
768	3583	3327	1389	3186	2774
1024	3583	3327	1591	3194	2778
1280	3583	3327	1790	3202	2781
1536	3583	3327	1987	3210	2784
1792	3583	3327	2202	3216	2788
2048	3583	3327	2413	3224	2791
2303	3583	3327	2598	3232	2793
2559	3583	3327	2799	3240	2796
2815	3583	3327	2997	3248	2800
3071	3583	3327	3193	3255	2804
3327	3583	3327	3386	3262	2807
3583	3583	3327	3588	3270	2810
3839	3583	3327	3787	3277	2813
4095	3583	3327	3983	3285	2815
0	3839	3327	833	3380	2778
256	3839	3327	1034	3388	2781
512	3839	3327	1234	3395	2784
768	3839	3327	1436	3402	2787
1024	3839	3327	1637	3411	2790
1280	3839	3327	1835	3419	2793
1536	3839	3327	2031	3426	2795
1792	3839	3327	2254	3434	2799
2048	3839	3327	2455	3443	2803
2303	3839	3327	2644	3451	2806
2559	3839	3327	2844	3459	2810
2815	3839	3327	3042	3467	2813
3071	3839	3327	3237	3475	2815
3327	3839	3327	3432	3483	2816
3583	3839	3327	3633	3490	2819
3839	3839	3327	3832	3498	2822
4095	3839	3327	4027	3506	2825
0	4095	3327	877	3605	2791
256	4095	3327	1078	3613	2794
512	4095	3327	1280	3621	2797
768	4095	3327	1482	3629	2801
1024	4095	3327	1682	3637	2803
1280	4095	3327	1879	3644	2805
1536	4095	3327	2078	3651	2809
1792	4095	3327	2304	3659	2812
2048	4095	3327	2497	3667	2815
2303	4095	3327	2689	3675	2817
2559	4095	3327	2888	3683	2821
2815	4095	3327	3087	3692	2824
3071	4095	3327	3281	3700	2827
3327	4095	3327	3478	3707	2830
3583	4095	3327	3679	3715	2833
3839	4095	3327	3877	3721	2835
4095	4095	3327	4071	3728	2837
0	0	3583	134	1	2783
256	0	3583	338	1	2787
512	0	3583	545	1	2790
768	0	3583	749	5	2792
1024	0	3583	948	12	2795
1280	0	3583	1149	21	2799
1536	0	3583	1349	29	2802
1792	0	3583	1552	38	2805
2048	0	3583	1752	47	2809
2303	0	3583	1949	55	2811
2559	0	3583	2159	64	2814
2815	0	3583	2376	72	2816
3071	0	3583	2561	81	2819
3327	0	3583	2759	90	2822
3583	0	3583	2958	98	2825
3839	0	3583	3154	107	2829
4095	0	3583	3349	115	2832
0	256	3583	180	217	2797
256	256	3583	385	225	2798
512	256	3583	591	234	2803
768	256	3583	793	242	2805
1024	256	3583	992	251	2809
1280	256	3583	1194	259	2811
1536	256	3583	1394	267	2815
1792	256	3583	1596	276	2814
2048	256	3583	1794	285	2816
2303	256	3583	1992	294	2819
2559	256	3583	2209	302	2823
2815	256	3583	2417	311	2825
3071	256	3583	2603	319	2828
3327	256	3583	2803	328	2830
3583	256	3583	3002	337	2834
3839	256	3583	3198	346	2838
4095	256	3583	3393	353	2842
0	512	3583	228	457	2807
256	512	3583	434	465	2807
512	512	3583	639	474	2810
768	512	3583	841	483	2814
1024	512	3583	1041	492	2816
1280	512	3583	1242	501	2819
1536	512	3583	1443	509	2822
1792	512	3583	1644	518	2824
2048	512	3583	1842	527	2829
2303	512	3583	2040	536	2832
2559	512	3583	2264	545	2836
2815	512	3583	2462	553	2837
3071	512	3583	2651	560	2840
3327	512	3583	2850	568	2844
3583	512	3583	3050	576	2847
3839	512	3583	3244	585	2849
4095	512	3583	3441	592	2853
0	768	3583	275	690	2817
256	768	3583	483	698	2819
512	768	3583	686	706	2822
768	768	3583	887	715	2826
1024	768	3583	1088	723	2829
1280	768	3583	1289	731	2832
1536	768	3583	1491	740	2836
1792	768	3583	1691	748	2839
2048	768	3583	1887	756	2841
2303	768	3583	2087	762	2843
2559	768	3583	2314	770	2848
2815	768	3583	2503	778	2850
3071	768	3583	2697	787	2853
3327	768	3583	2895	795	2857
3583	768	3583	3094	802	2860
3839	768	3583	3287	811	2864
4095	768	3583	3486	819	2867
0	1024	3583	323	916	2829
256	1024	3583	530	924	2833
512	1024	3583	733	933	2836
768	1024	3583	933	940	2839
1024	1024	3583	1133	948	2842
1280	1024	3583	1335	956	2844
1536	1024	3583	1538	964	2848
1792	1024	3583	1737	972	2851
2048	1024	3583	1933	980	2854
2303	1024	3583	2140	988	2857
2559	1024	3583	2362	996	2860
2815	1024	3583	2546	1004	2863
3071	1024	3583	2743	1012	2866
3327	1024	3583	2941	1020	2870
3583	1024	3583	3139	1029	2873
3839	1024	3583	3331	1037	2877
4095	1024	3583	3534	1045	2880
0	1280	3583	371	1144	2841
256	1280	3583	577	1152	2844
512	1280	3583	780	1162	2849
768	1280	3583	979	1169	2852
1024	1280	3583	1180	1178	2855
1280	1280	3583	1382	1187	2859
1536	1280	3583	1584	1195	2862
1792	1280	3583	1783	1204	2865
2048	1280	3583	1981	1213	2867
2303	1280	3583	2193	1221	2870
2559	1280	3583	2405	1229	2873
2815	1280	3583	2591	1238	2877
3071	1280	3583	2791	1246	2880
3327	1280	3583	2988	1255	2883
3583	1280	3583	3185	1264	2887
3839	1280	3583	3379	1272	2890
4095	1280	3583	3581	1279	2894
0	1536	3583	418	1373	2855
256	1536	3583	624	1381	2858
512	1536	3583	827	1391	2862
768	1536	3583	1026	1399	2866
1024	1536	3583	1228	1406	2869
1280	1536	3583	1429	1414	2872
1536	1536	3583	1631	1422	2875
1792	1536	3583	1829	1430	2879
2048	1536	3583	2027	1438	2881
2303	1536	3583	2246	1446	2885
2559	1536	3583	2449	1454	2887
2815	1536	3583	2637	1462	2890
3071	1536	3583	2837	1469	2894
3327	1536	3583	3034	1477	2897
3583	1536	3583	3230	1485	2900
3839	1536	3583	3426	1493	2904
4095	1536	3583	3627	1499	2907
0	1792	3583	467	1592	2868
256	1792	3583	671	1601	2872
512	1792	3583	873	1610	2875
768	1792	3583	1073	1618	2878
1024	1792	3583	1274	1625	2881
1280	1792	3583	1475	1633	2885
1536	1792	3583	1677	1641	2888
1792	1792	3583	1874	1650	2891
2048	1792	3583	2074	1658	2895
2303	1792	3583	2298	1665	2898
2559	1792	3583	2491	1673	2901
2815	1792	3583	2683	1680	2903
3071	1792	3583	2882	1689	2907
3327	1792	3583	3080	1697	2909
3583	1792	3583	3274	1705	2913
3839	1792	3583	3471	1712	2916
4095	1792	3583	3672	1718	2918
0	2048	3583	515	1813	2882
256	2048	3583	718	1822	2884
512	2048	3583	918	1830	2888
768	2048	3583	1118	1838	2891
1024	2048	3583	1319	1846	2895
1280	2048	3583	1523	1854	2898
1536	2048	3583	1723	1862	2901
1792	2048	3583	1920	1870	2904
2048	2048	3583	2126	1879	2907
2303	2048	3583	2349	1887	2910
2559	2048	3583	2534	1895	2914
2815	2048	3583	2729	1902	2917
3071	2048	3583	2927	1910	2920
3327	2048	3583	3124	1918	2922
3583	2048	3583	3318	1926	2925
3839	2048	3583	3517	1934	2929
4095	2048	3583	3718	1941	2931
0	2303	3583	561	2038	2895
256	2303	3583	765	2046	2898
512	2303	3583	964	2055	2901
768	2303	3583	1166	2062	2904
1024	2303	3583	1367	2071	2907
1280	2303	3583	1570	2079	2910
1536	2303	3583	1768	2087	2913
1792	2303	3583	1965	2096	2916
2048	2303	3583	2178	2105	2919
2303	2303	3583	2391	2114	2922
2559	2303	3583	2577	2124	2925
2815	2303	3583	2776	2133	2929
3071	2303	3583	2973	2141	2932
3327	2303	3583	3169	2149	2935
3583	2303	3583	3363	2158	2938
3839	2303	3583	3564	2168	2941
4095	2303	3583	3764	2176	2944
0	2559	3583	610	2285	2908
256	2559	3583	812	2294	2911
512	2559	3583	1011	2302	2913
768	2559	3583	1214	2311	2917
1024	2559	3583	1416	2321	2921
1280	2559	3583	1617	2329	2923
1536	2559	3583	1815	2339	2926
1792	2559	3583	2012	2347	2929
2048	2559	3583	2231	2356	2932
2303	2559	3583	2435	2364	2935
2559	2559	3583	2623	2371	2938
2815	2559	3583	2821	2379	2941
3071	2559	3583	3021	2387	2945
3327	2559	3583	3215	2394	2948
3583	2559	3583	3410	2400	2951
3839	2559	3583	3611	2406	2954
4095	2559	3583	3811	2414	2957
0	2815	3583	656	2504	2920
256	2815	3583	857	2511	2923
512	2815	3583	1057	2518	2926
768	2815	3583	1259	2527	2930
1024	2815	3583	1462	2534	2934
1280	2815	3583	1662	2542	2937
1536	2815	3583	1860	2549	2940
1792	2815	3583	2057	2556	2943
2048	2815	3583	2282	2564	2945
2303	2815	3583	2476	2571	2948
2559	2815	3583	2667	2577	2951
2815	2815	3583	2865	2585	2954
3071	2815	3583	3065	2593	2957
3327	2815	3583	3258	2600	2960
3583	2815	3583	3456	2608	2964
3839	2815	3583	3656	2616	2967
4095	2815	3583	3854	2623	2970
0	3071	3583	703	2720	2933
256	3071	3583	902	2728	2936
512	3071	3583	1103	2736	2939
768	3071	3583	1305	2745	2943
1024	3071	3583	1508	2753	2946
1280	3071	3583	1707	2761	2950
1536	3071	3583	1905	2769	2953
1792	3071	3583	2108	2775	2955
2048	3071	3583	2333	2783	2959
2303	3071	3583	2518	2791	2962
2559	3071	3583	2713	2799	2964
2815	3071	3583	2911	2807	2967
3071	3071	3583	3109	2815	2971
3327	3071	3583	3302	2822	2974
3583	3071	3583	3502	2830	2977
3839	3071	3583	3701	2837	2980
4095	3071	3583	3898	2845	2983
0	3327	3583	749	2943	2946
256	3327	3583	949	2950	2949
512	3327	3583	1150	2959	2952
768	3327	3583	1351	2966	2956
1024	3327	3583	1554	2973	2959
1280	3327	3583	1753	2982	2962
1536	3327	3583	1950	2989	2965
1792	3327	3583	2159	2997	2968
2048	3327	3583	2378	3005	2972
2303	3327	3583	2561	3013	2975
2559	3327	3583	2759	3021	2978
2815	3327	3583	2957	3029	2981
3071	3327	3583	3154	3037	2984
3327	3327	3583	3347	3046	2986
3583	3327	3583	3549	3054	2990
3839	3327	3583	3747	3061	2993
4095	3327	3583	3943	3068	2995
0	3583	3583	796	3162	2958
256	3583	3583	995	3169	2961
512	3583	3583	1197	3177	2964
768	3583	3583	1398	3185	2968
1024	3583	3583	1600	3192	2971
1280	3583	3583	1798	3200	2974
1536	3583	3583	1996	3207	2977
1792	3583	3583	2211	3215	2980
2048	3583	3583	2421	3223	2984
2303	3583	3583	2605	3230	2986
2559	3583	3583	2806	3238	2990
2815	3583	3583	3003	3245	2993
3071	3583	3583	3199	3253	2996
3327	3583	3583	3394	3261	3000
3583	3583	3583	3597	3270	3004
3839	3583	3583	3796	3276	3007
4095	3583	3583	3990	3283	3008
0	3839	3583	842	3377	2972
256	3839	3583	1040	3384	2974
512	3839	3583	1244	3393	2978
768	3839	3583	1445	3401	2980
1024	3839	3583	1647	3409	2984
1280	3839	3583	1844	3418	2986
1536	3839	3583	2041	3425	2989
1792	3839	3583	2263	3433	2992
2048	3839	3583	2463	3441	2995
2303	3839	3583	2651	3449	2998
2559	3839	3583	2851	3457	3002
2815	3839	3583	3050	3464	3005
3071	3839	3583	3244	3473	3009
3327	3839	3583	3441	3481	3012
3583	3839	3583	3641	3489	3015
3839	3839	3583	3840	3496	3018
4095	3839	3583	4034	3504	3021
0	4095	3583	887	3604	2985
256	4095	3583	1086	3612	2988
512	4095	3583	1288	3620	2992
768	4095	3583	1491	3628	2995
1024	4095	3583	1691	3636	2997
1280	4095	3583	1887	3643	3000
1536	4095	3583	2088	3651	3002
1792	4095	3583	2313	3657	3004
2048	4095	3583	2505	3665	3008
2303	4095	3583	2698	3673	3012
2559	4095	3583	2897	3682	3015
2815	4095	3583	3096	3690	3019
3071	4095	3583	3289	3698	3022
3327	4095	3583	3488	3705	3025
3583	4095	3583	3687	3713	3027
3839	4095	3583	3884	3720	3031
4095	4095	3583	4079	3728	3033
0	0	3839	144	1	2977
256	0	3839	347	1	2980
512	0	3839	554	1	2984
768	0	3839	757	3	2985
1024	0	3839	957	11	2988
1280	0	3839	1157	20	2991
1536	0	3839	1359	28	2995
1792	0	3839	1561	37	2998
2048	0	3839	1761	46	3001
2303	0	3839	1957	54	3005
2559	0	3839	2169	63	3008
2815	0	3839	2384	72	3011
3071	0	3839	2569	79	3014
3327	0	3839	2768	88	3017
3583	0	3839	2966	96	3020
3839	0	3839	3164	105	3024
4095	0	3839	3357	113	3026
0	256	3839	190	216	2991
256	256	3839	394	224	2992
512	256	3839	600	233	2995
768	256	3839	802	242	2998
1024	256	3839	1002	250	3001
1280	256	3839	1202	258	3004
1536	256	3839	1403	266	3007
1792	256	3839	1604	275	3007
2048	256	3839	1803	283	3010
2303	256	3839	2001	291	3013
2559	256	3839	2219	300	3017
2815	256	3839	2426	309	3019
3071	256	3839	2612	317	3023
3327	256	3839	2813	326	3026
3583	256	3839	3010	335	3029
3839	256	3839	3206	343	3033
4095	256	3839	3402	352	3037
0	512	3839	238	455	3000
256	512	3839	443	464	3001
512	512	3839	648	473	3005
768	512	3839	849	482	3008
1024	512	3839	1049	490	3011
1280	512	3839	1251	499	3014
1536	512	3839	1452	507	3017
1792	512	3839	1652	516	3019
2048	512	3839	1851	524	3023
2303	512	3839	2049	533	3026
2559	512	3839	2272	542	3029
2815	512	3839	2470	551	3033
3071	512	3839	2661	559	3036
3327	512	3839	2859	567	3039
3583	512	3839	3057	575	3042
3839	512	3839	3252	584	3046
4095	512	3839	3449	591	3049
0	768	3839	285	688	3011
256	768	3839	491	695	3014
512	768	3839	695	704	3017
768	768	3839	896	713	3020
1024	768	3839	1097	721	3024
1280	768	3839	1297	730	3028
1536	768	3839	1501	738	3031
1792	768	3839	1699	746	3033
2048	768	3839	1897	754	3036
2303	768	3839	2101	763	3039
2559	768	3839	2325	770	3042
2815	768	3839	2514	779	3045
3071	768	3839	2707	787	3049
3327	768	3839	2906	795	3051
3583	768	3839	3103	803	3054
3839	768	3839	3297	811	3058
4095	768	3839	3496	817	3062
0	1024	3839	332	914	3024
256	1024	3839	538	922	3027
512	1024	3839	743	931	3030
768	1024	3839	941	938	3033
1024	1024	3839	1143	947	3037
1280	1024	3839	1344	955	3041
1536	1024	3839	1547	963	3044
1792	1024	3839	1745	971	3046
2048	1024	3839	1943	979	3049
2303	1024	3839	2152	987	3054
2559	1024	3839	2370	995	3057
2815	1024	3839	2555	1004	3059
3071	1024	3839	2753	1011	3062
3327	1024	3839	2951	1020	3065
3583	1024	3839	3148	1027	3068
3839	1024	3839	3340	1035	3071
4095	1024	3839	3542	1043	3074
0	1280	3839	380	1143	3037
256	1280	3839	586	1152	3040
512	1280	3839	789	1161	3042
768	1280	3839	988	1169	3045
1024	1280	3839	1190	1177	3049
1280	1280	3839	1390	1186	3052
1536	1280	3839	1593	1194	3055
1792	1280	3839	1791	1203	3058
2048	1280	3839	1989	1211	3061
2303	1280	3839	2204	1219	3065
2559	1280	3839	2413	1227	3068
2815	1280	3839	2600	1236	3071
3071	1280	3839	2799	1245	3074
3327	1280	3839	2998	1253	3078
3583	1280	3839	3193	1262	3080
3839	1280	3839	3388	1270	3083
4095	1280	3839	3589	1278	3087
0	1536	3839	428	1373	3050
256	1536	3839	633	1381	3053
512	1536	3839	835	1390	3056
768	1536	3839	1035	1398	3059
1024	1536	3839	1237	1404	3063
1280	1536	3839	1437	1412	3066
1536	1536	3839	1639	1420	3069
1792	1536	3839	1837	1428	3073
2048	1536	3839	2035	1436	3076
2303	1536	3839	2256	1444	3079
2559	1536	3839	2456	1451	3082
2815	1536	3839	2645	1459	3084
3071	1536	3839	2845	1468	3088
3327	1536	3839	3043	1475	3090
3583	1536	3839	3237	1483	3094
3839	1536	3839	3434	1491	3097
4095	1536	3839	3634	1498	3100
0	1792	3839	475	1590	3063
256	1792	3839	679	1598	3067
512	1792	3839	880	1607	3070
768	1792	3839	1081	1615	3073
1024	1792	3839	1281	1623	3075
1280	1792	3839	1484	1630	3079
1536	1792	3839	1684	1639	3081
1792	1792	3839	1882	1647	3085
2048	1792	3839	2083	1655	3087
2303	1792	3839	2307	1663	3091
2559	1792	3839	2498	1671	3094
2815	1792	3839	2691	1679	3097
3071	1792	3839	2889	1687	3099
3327	1792	3839	3089	1696	3104
3583	1792	3839	3281	1703	3106
3839	1792	3839	3480	1711	3109
4095	1792	3839	3680	1717	3112
0	2048	3839	522	1810	3076
256	2048	3839	726	1819	3079
512	2048	3839	926	1827	3083
768	2048	3839	1127	1835	3086
1024	2048	3839	1327	1843	3090
1280	2048	3839	1531	1852	3093
1536	2048	3839	1731	1861	3095
1792	2048	3839	1929	1869	3097
2048	2048	3839	2135	1877	3100
2303	2048	3839	2357	1886	3102
2559	2048	3839	2541	1894	3106
2815	2048	3839	2738	1901	3109
3071	2048	3839	2935	1908	3112
3327	2048	3839	3133	1916	3114
3583	2048	3839	3325	1924	3117
3839	2048	3839	3526	1931	3121
4095	2048	3839	3725	1939	3123
0	2303	3839	570	2037	3089
256	2303	3839	772	2044	3092
512	2303	3839	973	2053	3095
768	2303	3839	1174	2061	3098
1024	2303	3839	1376	2070	3102
1280	2303	3839	1578	2078	3105
1536	2303	3839	1776	2086	3107
1792	2303	3839	1973	2095	3110
2048	2303	3839	2187	2104	3113
2303	2303	3839	2399	2113	3115
2559	2303	3839	2583	2121	3117
2815	2303	3839	2784	2131	3121
3071	2303	3839	2981	2139	3124
3327	2303	3839	3177	2147	3127
3583	2303	3839	3371	2156	3129
3839	2303	3839	3573	2165	3132
4095	2303	3839	3771	2174	3135
0	2559	3839	618	2284	3100
256	2559	3839	820	2293	3103
512	2559	3839	1020	2301	3106
768	2559	3839	1222	2310	3110
1024	2559	3839	1424	2320	3114
1280	2559	3839	1626	2330	3117
1536	2559	3839	1824	2338	3119
1792	2559	3839	2021	2346	3122
2048	2559	3839	2241	2355	3125
2303	2559	3839	2443	2363	3127
2559	2559	3839	2631	2370	3131
2815	2559	3839	2830	2378	3134
3071	2559	3839	3029	2386	3137
3327	2559	3839	3224	2392	3140
3583	2559	3839	3418	2399	3143
3839	2559	3839	3620	2407	3146
4095	2559	3839	3818	2414	3148
0	2815	3839	665	2503	3113
256	2815	3839	865	2510	3115
512	2815	3839	1065	2517	3118
768	2815	3839	1268	2526	3122
1024	2815	3839	1470	2533	3126
1280	2815	3839	1671	2541	3129
1536	2815	3839	1868	2548	3131
1792	2815	3839	2065	2554	3134
2048	2815	3839	2290	2561	3136
2303	2815	3839	2483	2568	3139
2559	2815	3839	2675	2577	3143
2815	2815	3839	2875	2586	3147
3071	2815	3839	3073	2593	3150
3327	2815	3839	3267	2600	3152
3583	2815	3839	3464	2608	3155
3839	2815	3839	3665	2616	3158
4095	2815	3839	3861	2623	3161
0	3071	3839	711	2719	3126
256	3071	3839	911	2727	3128
512	3071	3839	1112	2735	3131
768	3071	3839	1314	2744	3135
1024	3071	3839	1517	2752	3138
1280	3071	3839	1716	2760	3141
1536	3071	3839	1913	2767	3144
1792	3071	3839	2117	2775	3146
2048	3071	3839	2342	2783	3149
2303	3071	3839	2526	2790	3152
2559	3071	3839	2721	2799	3155
2815	3071	3839	2920	2807	3159
3071	3071	3839	3117	2815	3162
3327	3071	3839	3311	2822	3165
3583	3071	3839	3510	2829	3168
3839	3071	3839	3710	2837	3171
4095	3071	3839	3906	2845	3174
0	3327	3839	758	2942	3138
256	3327	3839	958	2950	3141
512	3327	3839	1158	2957	3144
768	3327	3839	1360	2966	3147
1024	3327	3839	1562	2974	3149
1280	3327	3839	1762	2981	3152
1536	3327	3839	1958	2989	3155
1792	3327	3839	2169	2996	3158
2048	3327	3839	2385	3005	3161
2303	3327	3839	2569	3013	3164
2559	3327	3839	2767	3019	3167
2815	3327	3839	2965	3027	3169
3071	3327	3839	3161	3035	3172
3327	3327	3839	3355	3044	3177
3583	3327	3839	3556	3052	3180
3839	3327	3839	3756	3060	3183
4095	3327	3839	3951	3067	3185
0	3583	3839	803	3162	3149
256	3583	3839	1004	3169	3151
512	3583	3839	1205	3177	3155
768	3583	3839	1407	3185	3159
1024	3583	3839	1608	3192	3161
1280	3583	3839	1807	3200	3165
1536	3583	3839	2004	3207	3168
1792	3583	3839	2222	3214	3169
2048	3583	3839	2428	3222	3172
2303	3583	3839	2614	3229	3175
2559	3583	3839	2813	3236	3178
2815	3583	3839	3011	3244	3181
3071	3583	3839	3207	3252	3184
3327	3583	3839	3403	3260	3188
3583	3583	3839	3604	3268	3192
3839	3583	3839	3803	3275	3194
4095	3583	3839	3997	3283	3197
0	3839	3839	850	3376	3161
256	3839	3839	1050	3384	3165
512	3839	3839	1253	3393	3168
768	3839	3839	1455	3400	3171
1024	3839	3839	1655	3408	3174
1280	3839	3839	1853	3417	3176
1536	3839	3839	2049	3424	3179
1792	3839	3839	2274	3432	3182
2048	3839	3839	2470	3440	3185
2303	3839	3839	2660	3447	3186
2559	3839	3839	2858	3456	3190
2815	3839	3839	3058	3464	3193
3071	3839	3839	3251	3473	3197
3327	3839	3839	3449	3481	3200
3583	3839	3839	3649	3488	3203
3839	3839	3839	3847	3496	3205
4095	3839	3839	4042	3504	3208
0	4095	3839	894	3603	3174
256	4095	3839	1095	3611	3176
512	4095	3839	1296	3619	3179
768	4095	3839	1499	3627	3183
1024	4095	3839	1698	3634	3185
1280	4095	3839	1896	3642	3188
1536	4095	3839	2097	3650	3190
1792	4095	3839	2322	3657	3193
2048	4095	3839	2512	3665	3196
2303	4095	3839	2706	3673	3200
2559	4095	3839	2904	3681	3203
2815	4095	3839	3103	3689	3206
3071	4095	3839	3297	3697	3208
3327	4095	3839	3495	3705	3211
3583	4095	3839	3696	3712	3214
3839	4095	3839	3892	3719	3217
4095	4095	3839	4087	3727	3220
0	0	4095	152	2	3170
256	0	4095	356	2	3171
512	0	4095	562	2	3174
768	0	4095	766	2	3178
1024	0	4095	965	10	3177
1280	0	4095	1166	19	3181
1536	0	4095	1367	27	3184
1792	0	4095	1570	36	3185
2048	0	4095	1769	45	3189
2303	0	4095	1966	53	3193
2559	0	4095	2179	62	3196
2815	0	4095	2393	70	3199
3071	0	4095	2577	79	3202
3327	0	4095	2777	88	3205
3583	0	4095	2975	96	3208
3839	0	4095	3171	105	3211
4095	0	4095	3365	113	3214
0	256	4095	198	214	3179
256	256	4095	403	223	3180
512	256	4095	608	231	3183
768	256	4095	810	240	3187
1024	256	4095	1009	249	3190
1280	256	4095	1211	256	3193
1536	256	4095	1412	265	3196
1792	256	4095	1613	273	3197
2048	256	4095	1812	282	3200
2303	256	4095	2010	291	3202
2559	256	4095	2230	300	3205
2815	256	4095	2435	309	3208
3071	256	4095	2622	317	3211
3327	256	4095	2821	326	3214
3583	256	4095	3020	335	3217
3839	256	4095	3214	342	3220
4095	256	4095	3411	351	3224
0	512	4095	246	454	3188
256	512	4095	452	463	3190
512	512	4095	656	472	3193
768	512	4095	857	480	3196
1024	512	4095	1057	489	3199
1280	512	4095	1260	498	3202
1536	512	4095	1461	507	3206
1792	512	4095	1662	516	3208
2048	512	4095	1859	524	3212
2303	512	4095	2058	534	3215
2559	512	4095	2283	542	3218
2815	512	4095	2478	550	3221
3071	512	4095	2670	558	3223
3327	512	4095	2867	566	3226
3583	512	4095	3067	575	3229
3839	512	4095	3260	583	3232
4095	512	4095	3458	590	3235
0	768	4095	293	688	3200
256	768	4095	500	695	3202
512	768	4095	703	704	3205
768	768	4095	904	713	3208
1024	768	4095	1105	721	3211
1280	768	4095	1306	730	3215
1536	768	4095	1509	738	3218
1792	768	4095	1708	746	3221
2048	768	4095	1905	753	3224
2303	768	4095	2111	762	3228
2559	768	4095	2335	769	3230
2815	768	4095	2521	778	3233
3071	768	4095	2717	786	3236
3327	768	4095	2914	794	3239
3583	768	4095	3112	802	3242
3839	768	4095	3305	810	3244
4095	768	4095	3505	818	3248
0	1024	4095	340	914	3212
256	1024	4095	547	922	3216
512	1024	4095	751	931	3217
768	1024	4095	950	939	3220
1024	1024	4095	1151	946	3223
1280	1024	4095	1353	955	3227
1536	1024	4095	1556	963	3230
1792	1024	4095	1755	971	3233
2048	1024	4095	1952	979	3236
2303	1024	4095	2162	987	3240
2559	1024	4095	2379	995	3242
2815	1024	4095	2564	1004	3245
3071	1024	4095	2762	1012	3249
3327	1024	4095	2960	1020	3252
3583	1024	4095	3156	1028	3254
3839	1024	4095	3349	1036	3257
4095	1024	4095	3552	1044	3260
0	1280	4095	388	1142	3225
256	1280	4095	595	1151	3227
512	1280	4095	796	1159	3230
768	1280	4095	996	1167	3233
1024	1280	4095	1198	1177	3236
1280	1280	4095	1400	1185	3239
1536	1280	4095	1601	1194	3242
1792	1280	4095	1801	1203	3245
2048	1280	4095	1998	1212	3249
2303	1280	4095	2214	1220	3251
2559	1280	4095	2422	1228	3254
2815	1280	4095	2608	1236	3257
3071	1280	4095	2809	1246	3261
3327	1280	4095	3005	1253	3263
3583	1280	4095	3201	1262	3266
3839	1280	4095	3395	1270	3269
4095	1280	4095	3597	1277	3273
0	1536	4095	436	1372	3236
256	1536	4095	641	1380	3239
512	1536	4095	842	1389	3242
768	1536	4095	1043	1396	3245
1024	1536	4095	1244	1404	3248
1280	1536	4095	1446	1412	3251
1536	1536	4095	1647	1420	3255
1792	1536	4095	1846	1429	3258
2048	1536	4095	2044	1437	3260
2303	1536	4095	2266	1445	3263
2559	1536	4095	2464	1452	3266
2815	1536	4095	2653	1460	3269
3071	1536	4095	2853	1467	3272
3327	1536	4095	3050	1474	3275
3583	1536	4095	3244	1482	3277
3839	1536	4095	3441	1490	3281
4095	1536	4095	3642	1497	3284
0	1792	4095	483	1589	3248
256	1792	4095	688	1598	3251
512	1792	4095	888	1607	3254
768	1792	4095	1089	1615	3257
1024	1792	4095	1289	1623	3260
1280	1792	4095	1492	1631	3264
1536	1792	4095	1692	1639	3267
1792	1792	4095	1890	1647	3270
2048	1792	4095	2092	1654	3273
2303	1792	4095	2316	1662	3276
2559	1792	4095	2506	1670	3277
2815	1792	4095	2698	1678	3280
3071	1792	4095	2897	1686	3283
3327	1792	4095	3095	1694	3286
3583	1792	4095	3289	1702	3289
3839	1792	4095	3487	1709	3293
4095	1792	4095	3688	1716	3296
0	2048	4095	530	1811	3261
256	2048	4095	734	1818	3263
512	2048	4095	933	1827	3266
768	2048	4095	1135	1836	3270
1024	2048	4095	1337	1844	3273
1280	2048	4095	1539	1852	3276
1536	2048	4095	1738	1860	3279
1792	2048	4095	1935	1867	3281
2048	2048	4095	2144	1875	3284
2303	2048	4095	2362	1883	3287
2559	2048	4095	2548	1891	3290
2815	2048	4095	2744	1899	3293
3071	2048	4095	2943	1908	3297
3327	2048	4095	3140	1916	3299
3583	2048	4095	3332	1923	3302
3839	2048	4095	3533	1931	3305
4095	2048	4095	3733	1938	3308
0	2303	4095	577	2036	3272
256	2303	4095	780	2044	3275
512	2303	4095	979	2051	3278
768	2303	4095	1181	2060	3282
1024	2303	4095	1383	2069	3285
1280	2303	4095	1586	2077	3288
1536	2303	4095	1784	2086	3291
1792	2303	4095	1981	2094	3295
2048	2303	4095	2194	2102	3296
2303	2303	4095	2404	2110	3300
2559	2303	4095	2591	2120	3304
2815	2303	4095	2791	2130	3306
3071	2303	4095	2989	2139	3308
3327	2303	4095	3184	2147	3311
3583	2303	4095	3379	2156	3315
3839	2303	4095	3580	2165	3317
4095	2303	4095	3780	2174	3320
0	2559	4095	626	2283	3286
256	2559	4095	828	2292	3289
512	2559	4095	1028	2301	3291
768	2559	4095	1230	2310	3294
1024	2559	4095	1431	2319	3298
1280	2559	4095	1633	2328	3301
1536	2559	4095	1831	2337	3304
1792	2559	4095	2028	2345	3306
2048	2559	4095	2248	2354	3310
2303	2559	4095	2449	2363	3311
2559	2559	4095	2639	2370	3315
2815	2559	4095	2837	2378	3317
3071	2559	4095	3036	2385	3320
3327	2559	4095	3230	2393	3325
3583	2559	4095	3427	2399	3327
3839	2559	4095	3627	2406	3330
4095	2559	4095	3826	2413	3334
0	2815	4095	672	2504	3298
256	2815	4095	874	2511	3301
512	2815	4095	1073	2518	3304
768	2815	4095	1277	2527	3307
1024	2815	4095	1477	2534	3310
1280	2815	4095	1678	2541	3312
1536	2815	4095	1875	2548	3315
1792	2815	4095	2074	2555	3317
2048	2815	4095	2299	2562	3320
2303	2815	4095	2491	2570	3325
2559	2815	4095	2685	2577	3328
2815	2815	4095	2884	2585	3332
3071	2815	4095	3082	2593	3335
3327	2815	4095	3274	2599	3336
3583	2815	4095	3472	2606	3340
3839	2815	4095	3672	2614	3344
4095	2815	4095	3870	2622	3346
0	3071	4095	719	2721	3311
256	3071	4095	919	2728	3314
512	3071	4095	1120	2736	3317
768	3071	4095	1322	2744	3320
1024	3071	4095	1524	2752	3323
1280	3071	4095	1723	2759	3325
1536	3071	4095	1920	2766	3327
1792	3071	4095	2126	2774	3331
2048	3071	4095	2350	2782	3333
2303	3071	4095	2534	2790	3337
2559	3071	4095	2730	2799	3341
2815	3071	4095	2928	2806	3344
3071	3071	4095	3125	2813	3346
3327	3071	4095	3318	2821	3350
3583	3071	4095	3518	2829	3354
3839	3071	4095	3717	2837	3357
4095	3071	4095	3914	2844	3360
0	3327	4095	766	2943	3323
256	3327	4095	966	2950	3326
512	3327	4095	1168	2957	3329
768	3327	4095	1369	2965	3332
1024	3327	4095	1572	2973	3335
1280	3327	4095	1769	2981	3339
1536	3327	4095	1967	2989	3342
1792	3327	4095	2178	2996	3345
2048	3327	4095	2393	3004	3348
2303	3327	4095	2577	3012	3351
2559	3327	4095	2776	3019	3352
2815	3327	4095	2972	3027	3355
3071	3327	4095	3169	3035	3359
3327	3327	4095	3362	3044	3363
3583	3327	4095	3565	3052	3367
3839	3327	4095	3763	3059	3370
4095	3327	4095	3959	3067	3374
0	3583	4095	813	3162	3334
256	3583	4095	1013	3170	3338
512	3583	4095	1215	3177	3341
768	3583	4095	1416	3185	3344
1024	3583	4095	1618	3192	3348
1280	3583	4095	1815	3200	3351
1536	3583	4095	2013	3207	3354
1792	3583	4095	2231	3215	3358
2048	3583	4095	2437	3222	3361
2303	3583	4095	2623	3230	3363
2559	3583	4095	2822	3236	3366
2815	3583	4095	3020	3244	3370
3071	3583	4095	3216	3252	3374
3327	3583	4095	3411	3260	3377
3583	3583	4095	3612	3267	3380
3839	3583	4095	3810	3274	3383
4095	3583	4095	4005	3282	3386
0	3839	4095	859	3377	3349
256	3839	4095	1060	3385	3351
512	3839	4095	1262	3393	3354
768	3839	4095	1463	3401	3357
1024	3839	4095	1664	3409	3361
1280	3839	4095	1861	3417	3364
1536	3839	4095	2058	3425	3367
1792	3839	4095	2283	3433	3370
2048	3839	4095	2479	3440	3373
2303	3839	4095	2669	3448	3376
2559	3839	4095	2867	3455	3380
2815	3839	4095	3066	3463	3383
3071	3839	4095	3260	3471	3387
3327	3839	4095	3457	3479	3390
3583	3839	4095	3658	3488	3394
3839	3839	4095	3855	3495	3398
4095	3839	4095	4050	3503	3399
0	4095	4095	902	3603	3361
256	4095	4095	1102	3611	3364
512	4095	4095	1304	3618	3368
768	4095	4095	1507	3626	3370
1024	4095	4095	1706	3634	3373
1280	4095	4095	1903	3642	3376
1536	4095	4095	2108	3650	3379
1792	4095	4095	2332	3657	3382
2048	4095	4095	2520	3664	3386
2303	4095	4095	2714	3672	3390
2559	4095	4095	2913	3680	3393
2815	4095	4095	3110	3688	3396
3071	4095	4095	3304	3696	3400
3327	4095	4095	3504	3704	3403
3583	4095	4095	3704	3712	3407
3839	4095	4095	3900	3719	3410
4095	4095	4095	4095	3726	3413
