0	0	0	0	0	0
256	0	0	250	0	0
512	0	0	495	0	0
768	0	0	736	0	0
1024	0	0	976	0	0
1280	0	0	1215	0	0
1536	0	0	1456	0	0
1792	0	0	1697	0	0
2048	0	0	1937	0	0
2303	0	0	2193	0	0
2559	0	0	2441	0	0
2815	0	0	2672	0	0
3071	0	0	2911	0	0
3327	0	0	3151	0	0
3583	0	0	3387	0	0
3839	0	0	3632	0	0
4095	0	0	3872	0	0
0	256	0	3	239	0
256	256	0	253	239	0
512	256	0	497	239	0
768	256	0	739	239	0
1024	256	0	978	239	0
1280	256	0	1218	239	0
1536	256	0	1459	239	0
1792	256	0	1701	240	0
2048	256	0	1939	240	0
2303	256	0	2197	240	0
2559	256	0	2443	241	0
2815	256	0	2675	241	0
3071	256	0	2915	241	0
3327	256	0	3153	241	0
3583	256	0	3389	241	0
3839	256	0	3634	241	0
4095	256	0	3874	240	0
0	512	0	7	483	0
256	512	0	257	482	0
512	512	0	501	481	0
768	512	0	744	482	0
1024	512	0	982	482	0
1280	512	0	1224	483	0
1536	512	0	1465	483	0
1792	512	0	1706	483	0
2048	512	0	1944	484	0
2303	512	0	2202	484	0
2559	512	0	2448	484	0
2815	512	0	2680	484	0
3071	512	0	2920	484	0
3327	512	0	3157	484	0
3583	512	0	3394	484	0
3839	512	0	3637	483	0
4095	512	0	3876	483	0
0	768	0	10	715	0
256	768	0	260	714	0
512	768	0	506	714	0
768	768	0	748	714	0
1024	768	0	985	714	0
1280	768	0	1228	716	0
1536	768	0	1469	717	0
1792	768	0	1709	717	0
2048	768	0	1947	717	0
2303	768	0	2205	717	0
2559	768	0	2452	718	0
2815	768	0	2683	718	0
3071	768	0	2922	717	0
3327	768	0	3161	717	0
3583	768	0	3397	717	0
3839	768	0	3642	717	0
4095	768	0	3882	717	0
0	1024	0	14	945	0
256	1024	0	265	943	0
512	1024	0	510	944	0
768	1024	0	751	944	0
1024	1024	0	989	943	0
1280	1024	0	1230	944	0
1536	1024	0	1472	945	0
1792	1024	0	1714	946	0
2048	1024	0	1951	945	0
2303	1024	0	2210	945	0
2559	1024	0	2455	946	0
2815	1024	0	2687	946	0
3071	1024	0	2927	946	0
3327	1024	0	3165	946	0
3583	1024	0	3401	946	0
3839	1024	0	3646	945	0
4095	1024	0	3886	944	1
0	1280	0	18	1181	0
256	1280	0	269	1180	0
512	1280	0	513	1180	0
768	1280	0	755	1179	0
1024	1280	0	993	1180	0
1280	1280	0	1233	1180	0
1536	1280	0	1476	1180	0
1792	1280	0	1717	1181	0
2048	1280	0	1956	1182	0
2303	1280	0	2215	1182	0
2559	1280	0	2458	1182	0
2815	1280	0	2691	1183	0
3071	1280	0	2931	1183	0
3327	1280	0	3168	1182	0
3583	1280	0	3406	1182	0
3839	1280	0	3649	1181	1
4095	1280	0	3889	1181	1
0	1536	0	21	1410	0
256	1536	0	272	1410	0
512	1536	0	518	1410	0
768	1536	0	759	1410	0
1024	1536	0	996	1410	0
1280	1536	0	1238	1410	0
1536	1536	0	1479	1410	0
1792	1536	0	1721	1411	0
2048	1536	0	1960	1412	0
2303	1536	0	2218	1412	0
2559	1536	0	2462	1412	0
2815	1536	0	2695	1413	0
3071	1536	0	2934	1413	0
3327	1536	0	3173	1413	0
3583	1536	0	3409	1412	1
3839	1536	0	3652	1411	1
4095	1536	0	3893	1412	1
0	1792	0	24	1636	0
256	1792	0	276	1636	0
512	1792	0	521	1636	0
768	1792	0	763	1636	0
1024	1792	0	1001	1636	0
1280	1792	0	1241	1636	0
1536	1792	0	1483	1635	0
1792	1792	0	1725	1637	0
2048	1792	0	1962	1637	0
2303	1792	0	2223	1637	0
2559	1792	0	2465	1638	0
2815	1792	0	2697	1637	0
3071	1792	0	2938	1638	0
3327	1792	0	3176	1639	1
3583	1792	0	3412	1638	1
3839	1792	0	3656	1637	2
4095	1792	0	3896	1637	2
0	2048	0	29	1865	0
256	2048	0	279	1865	0
512	2048	0	525	1864	0
768	2048	0	767	1865	0
1024	2048	0	1005	1864	0
1280	2048	0	1246	1865	0
1536	2048	0	1488	1865	0
1792	2048	0	1728	1865	0
2048	2048	0	1967	1865	0
2303	2048	0	2227	1866	0
2559	2048	0	2468	1866	0
2815	2048	0	2702	1865	1
3071	2048	0	2941	1866	1
3327	2048	0	3180	1868	1
3583	2048	0	3418	1867	2
3839	2048	0	3660	1866	2
4095	2048	0	3899	1866	2
0	2303	0	33	2102	0
256	2303	0	283	2102	0
512	2303	0	529	2100	0
768	2303	0	770	2101	0
1024	2303	0	1010	2103	0
1280	2303	0	1250	2103	0
1536	2303	0	1492	2103	0
1792	2303	0	1734	2104	0
2048	2303	0	1970	2103	0
2303	2303	0	2231	2103	0
2559	2303	0	2473	2104	1
2815	2303	0	2707	2105	1
3071	2303	0	2947	2105	1
3327	2303	0	3185	2106	2
3583	2303	0	3422	2105	2
3839	2303	0	3665	2105	3
4095	2303	0	3906	2105	3
0	2559	0	37	2358	0
256	2559	0	289	2356	0
512	2559	0	534	2355	0
768	2559	0	775	2355	0
1024	2559	0	1015	2356	0
1280	2559	0	1255	2355	0
1536	2559	0	1498	2355	0
1792	2559	0	1739	2356	0
2048	2559	0	1975	2355	0
2303	2559	0	2237	2355	0
2559	2559	0	2478	2356	1
2815	2559	0	2712	2357	1
3071	2559	0	2953	2358	1
3327	2559	0	3191	2359	2
3583	2559	0	3428	2358	2
3839	2559	0	3672	2358	3
4095	2559	0	3911	2356	3
0	2815	0	40	2570	0
256	2815	0	290	2569	0
512	2815	0	536	2569	0
768	2815	0	778	2570	0
1024	2815	0	1015	2568	0
1280	2815	0	1257	2569	0
1536	2815	0	1499	2569	0
1792	2815	0	1740	2570	1
2048	2815	0	1979	2570	1
2303	2815	0	2240	2570	1
2559	2815	0	2479	2569	2
2815	2815	0	2714	2570	2
3071	2815	0	2954	2570	2
3327	2815	0	3192	2571	3
3583	2815	0	3430	2571	3
3839	2815	0	3673	2570	3
4095	2815	0	3912	2570	4
0	3071	0	43	2800	0
256	3071	0	293	2797	0
512	3071	0	539	2800	0
768	3071	0	779	2800	0
1024	3071	0	1019	2799	0
1280	3071	0	1259	2798	0
1536	3071	0	1502	2800	0
1792	3071	0	1742	2799	0
2048	3071	0	1980	2799	1
2303	3071	0	2243	2800	1
2559	3071	0	2482	2799	1
2815	3071	0	2716	2800	2
3071	3071	0	2957	2801	2
3327	3071	0	3196	2801	2
3583	3071	0	3433	2801	3
3839	3071	0	3676	2800	3
4095	3071	0	3916	2799	3
0	3327	0	47	3030	0
256	3327	0	297	3029	0
512	3327	0	542	3029	0
768	3327	0	784	3029	0
1024	3327	0	1023	3031	0
1280	3327	0	1263	3029	0
1536	3327	0	1507	3030	0
1792	3327	0	1748	3031	1
2048	3327	0	1986	3031	1
2303	3327	0	2249	3031	1
2559	3327	0	2487	3031	2
2815	3327	0	2721	3030	2
3071	3327	0	2961	3030	2
3327	3327	0	3199	3030	3
3583	3327	0	3436	3030	3
3839	3327	0	3681	3031	4
4095	3327	0	3920	3030	4
0	3583	0	52	3255	0
256	3583	0	301	3252	0
512	3583	0	547	3252	0
768	3583	0	788	3252	0
1024	3583	0	1027	3253	0
1280	3583	0	1269	3253	0
1536	3583	0	1512	3254	1
1792	3583	0	1752	3254	1
2048	3583	0	1991	3254	1
2303	3583	0	2253	3254	2
2559	3583	0	2492	3255	2
2815	3583	0	2728	3255	3
3071	3583	0	2968	3255	3
3327	3583	0	3205	3255	3
3583	3583	0	3444	3255	4
3839	3583	0	3687	3255	4
4095	3583	0	3926	3254	4
0	3839	0	54	3487	0
256	3839	0	304	3483	0
512	3839	0	548	3482	0
768	3839	0	789	3483	0
1024	3839	0	1029	3482	0
1280	3839	0	1270	3482	1
1536	3839	0	1513	3483	1
1792	3839	0	1753	3482	1
2048	3839	0	1992	3483	2
2303	3839	0	2255	3483	2
2559	3839	0	2494	3483	2
2815	3839	0	2730	3484	3
3071	3839	0	2970	3484	3
3327	3839	0	3208	3484	3
3583	3839	0	3445	3484	4
3839	3839	0	3689	3484	4
4095	3839	0	3928	3484	5
0	4095	0	58	3719	0
256	4095	0	305	3715	0
512	4095	0	550	3716	1
768	4095	0	791	3716	1
1024	4095	0	1031	3716	1
1280	4095	0	1271	3714	1
1536	4095	0	1515	3715	2
1792	4095	0	1755	3715	2
2048	4095	0	1994	3716	2
2303	4095	0	2259	3716	3
2559	4095	0	2496	3716	3
2815	4095	0	2732	3716	4
3071	4095	0	2972	3716	4
3327	4095	0	3209	3716	4
3583	4095	0	3448	3716	5
3839	4095	0	3693	3716	5
4095	4095	0	3932	3715	5
0	0	256	10	0	224
256	0	256	259	0	224
512	0	256	505	0	223
768	0	256	748	0	222
1024	0	256	988	0	223
1280	0	256	1228	0	222
1536	0	256	1470	0	222
1792	0	256	1711	0	221
2048	0	256	1950	0	220
2303	0	256	2207	0	220
2559	0	256	2453	0	219
2815	0	256	2684	0	218
3071	0	256	2925	0	218
3327	0	256	3162	0	217
3583	0	256	3398	0	216
3839	0	256	3643	0	215
4095	0	256	3882	0	212
0	256	256	14	239	224
256	256	256	263	239	223
512	256	256	509	239	222
768	256	256	752	239	221
1024	256	256	991	239	221
1280	256	256	1231	239	220
1536	256	256	1474	240	219
1792	256	256	1713	239	220
2048	256	256	1950	239	218
2303	256	256	2208	239	219
2559	256	256	2452	239	218
2815	256	256	2685	239	217
3071	256	256	2925	240	217
3327	256	256	3162	240	216
3583	256	256	3398	239	214
3839	256	256	3641	239	214
4095	256	256	3880	238	212
0	512	256	18	483	222
256	512	256	267	483	220
512	512	256	514	483	220
768	512	256	757	484	220
1024	512	256	995	484	219
1280	512	256	1237	485	219
1536	512	256	1478	485	218
1792	512	256	1718	484	218
2048	512	256	1955	484	217
2303	512	256	2214	484	215
2559	512	256	2459	484	215
2815	512	256	2691	485	215
3071	512	256	2931	485	214
3327	512	256	3168	484	214
3583	512	256	3404	484	212
3839	512	256	3646	483	212
4095	512	256	3886	483	210
0	768	256	21	719	220
256	768	256	272	720	219
512	768	256	519	720	219
768	768	256	761	719	219
1024	768	256	1000	720	218
1280	768	256	1242	721	218
1536	768	256	1483	720	217
1792	768	256	1724	720	216
2048	768	256	1960	719	216
2303	768	256	2219	719	214
2559	768	256	2462	719	215
2815	768	256	2696	720	214
3071	768	256	2936	720	213
3327	768	256	3172	719	213
3583	768	256	3408	719	212
3839	768	256	3652	719	210
4095	768	256	3891	718	209
0	1024	256	25	949	220
256	1024	256	276	950	219
512	1024	256	522	950	218
768	1024	256	766	950	218
1024	1024	256	1004	950	217
1280	1024	256	1245	951	216
1536	1024	256	1487	950	216
1792	1024	256	1727	950	215
2048	1024	256	1965	950	215
2303	1024	256	2224	950	214
2559	1024	256	2466	950	213
2815	1024	256	2700	950	213
3071	1024	256	2940	950	213
3327	1024	256	3176	950	211
3583	1024	256	3413	950	211
3839	1024	256	3656	949	210
4095	1024	256	3894	948	209
0	1280	256	28	1185	218
256	1280	256	279	1186	218
512	1280	256	527	1186	217
768	1280	256	768	1187	217
1024	1280	256	1007	1186	216
1280	1280	256	1248	1186	215
1536	1280	256	1491	1186	215
1792	1280	256	1730	1186	214
2048	1280	256	1969	1187	213
2303	1280	256	2229	1187	213
2559	1280	256	2471	1187	212
2815	1280	256	2704	1187	212
3071	1280	256	2943	1187	212
3327	1280	256	3181	1187	211
3583	1280	256	3417	1187	211
3839	1280	256	3660	1186	209
4095	1280	256	3899	1185	207
0	1536	256	31	1417	217
256	1536	256	284	1417	217
512	1536	256	530	1416	216
768	1536	256	771	1417	215
1024	1536	256	1010	1416	215
1280	1536	256	1251	1416	214
1536	1536	256	1493	1416	213
1792	1536	256	1734	1416	213
2048	1536	256	1972	1416	212
2303	1536	256	2233	1417	212
2559	1536	256	2474	1417	211
2815	1536	256	2707	1417	211
3071	1536	256	2947	1418	211
3327	1536	256	3184	1418	210
3583	1536	256	3420	1417	209
3839	1536	256	3664	1417	208
4095	1536	256	3902	1416	206
0	1792	256	36	1642	216
256	1792	256	286	1642	215
512	1792	256	532	1641	215
768	1792	256	775	1642	214
1024	1792	256	1013	1641	214
1280	1792	256	1255	1642	213
1536	1792	256	1497	1642	212
1792	1792	256	1738	1642	213
2048	1792	256	1976	1641	212
2303	1792	256	2237	1642	211
2559	1792	256	2477	1643	211
2815	1792	256	2711	1643	210
3071	1792	256	2951	1643	210
3327	1792	256	3188	1644	209
3583	1792	256	3425	1643	208
3839	1792	256	3667	1643	208
4095	1792	256	3906	1642	205
0	2048	256	39	1871	215
256	2048	256	289	1869	214
512	2048	256	536	1869	214
768	2048	256	778	1870	213
1024	2048	256	1016	1869	212
1280	2048	256	1259	1871	212
1536	2048	256	1501	1870	212
1792	2048	256	1742	1871	211
2048	2048	256	1979	1870	211
2303	2048	256	2240	1870	210
2559	2048	256	2481	1871	210
2815	2048	256	2715	1872	210
3071	2048	256	2954	1873	209
3327	2048	256	3193	1874	209
3583	2048	256	3429	1873	208
3839	2048	256	3671	1872	206
4095	2048	256	3910	1872	205
0	2303	256	42	2109	214
256	2303	256	293	2106	213
512	2303	256	539	2106	212
768	2303	256	781	2107	212
1024	2303	256	1021	2108	211
1280	2303	256	1262	2108	211
1536	2303	256	1504	2106	210
1792	2303	256	1746	2109	210
2048	2303	256	1984	2109	210
2303	2303	256	2246	2108	209
2559	2303	256	2485	2109	209
2815	2303	256	2719	2110	209
3071	2303	256	2960	2111	208
3327	2303	256	3196	2111	208
3583	2303	256	3433	2111	207
3839	2303	256	3676	2111	205
4095	2303	256	3914	2110	204
0	2559	256	48	2364	213
256	2559	256	298	2361	212
512	2559	256	544	2360	211
768	2559	256	786	2360	211
1024	2559	256	1026	2361	210
1280	2559	256	1268	2361	209
1536	2559	256	1510	2361	209
1792	2559	256	1751	2362	209
2048	2559	256	1990	2363	210
2303	2559	256	2252	2362	209
2559	2559	256	2490	2362	208
2815	2559	256	2725	2364	208
3071	2559	256	2965	2364	207
3327	2559	256	3201	2364	206
3583	2559	256	3439	2364	206
3839	2559	256	3681	2364	204
4095	2559	256	3919	2363	202
0	2815	256	49	2577	211
256	2815	256	300	2575	211
512	2815	256	546	2573	210
768	2815	256	789	2575	209
1024	2815	256	1028	2574	210
1280	2815	256	1271	2575	209
1536	2815	256	1512	2575	209
1792	2815	256	1753	2576	208
2048	2815	256	1993	2577	208
2303	2815	256	2255	2577	208
2559	2815	256	2492	2576	207
2815	2815	256	2726	2576	207
3071	2815	256	2966	2577	207
3327	2815	256	3203	2577	206
3583	2815	256	3441	2578	206
3839	2815	256	3683	2577	204
4095	2815	256	3922	2577	201
0	3071	256	53	2808	211
256	3071	256	303	2804	210
512	3071	256	549	2804	209
768	3071	256	792	2805	208
1024	3071	256	1031	2805	208
1280	3071	256	1273	2805	208
1536	3071	256	1517	2805	207
1792	3071	256	1757	2805	207
2048	3071	256	1996	2806	207
2303	3071	256	2260	2807	207
2559	3071	256	2495	2806	206
2815	3071	256	2730	2806	205
3071	3071	256	2970	2806	206
3327	3071	256	3206	2806	204
3583	3071	256	3444	2807	204
3839	3071	256	3688	2807	203
4095	3071	256	3926	2806	201
0	3327	256	57	3036	210
256	3327	256	306	3033	208
512	3327	256	553	3034	208
768	3327	256	795	3035	207
1024	3327	256	1034	3034	206
1280	3327	256	1276	3033	207
1536	3327	256	1519	3034	206
1792	3327	256	1760	3035	206
2048	3327	256	1999	3035	206
2303	3327	256	2263	3036	205
2559	3327	256	2500	3036	205
2815	3327	256	2735	3036	204
3071	3327	256	2974	3036	204
3327	3327	256	3210	3036	203
3583	3327	256	3448	3036	202
3839	3327	256	3691	3036	202
4095	3327	256	3929	3036	200
0	3583	256	62	3261	209
256	3583	256	312	3257	207
512	3583	256	558	3258	207
768	3583	256	799	3258	206
1024	3583	256	1040	3258	205
1280	3583	256	1281	3258	205
1536	3583	256	1525	3258	205
1792	3583	256	1766	3258	204
2048	3583	256	2004	3258	205
2303	3583	256	2269	3259	204
2559	3583	256	2505	3259	204
2815	3583	256	2740	3259	204
3071	3583	256	2980	3260	203
3327	3583	256	3217	3259	203
3583	3583	256	3454	3259	201
3839	3583	256	3697	3259	200
4095	3583	256	3936	3259	199
0	3839	256	65	3493	208
256	3839	256	314	3489	206
512	3839	256	560	3489	205
768	3839	256	802	3488	205
1024	3839	256	1041	3488	205
1280	3839	256	1282	3488	204
1536	3839	256	1528	3489	204
1792	3839	256	1768	3488	203
2048	3839	256	2007	3489	204
2303	3839	256	2272	3489	203
2559	3839	256	2507	3489	202
2815	3839	256	2743	3489	202
3071	3839	256	2984	3490	202
3327	3839	256	3219	3489	201
3583	3839	256	3457	3489	201
3839	3839	256	3700	3490	199
4095	3839	256	3938	3489	198
0	4095	256	68	3725	205
256	4095	256	316	3721	205
512	4095	256	562	3720	204
768	4095	256	803	3721	204
1024	4095	256	1042	3721	203
1280	4095	256	1284	3720	202
1536	4095	256	1529	3721	203
1792	4095	256	1769	3720	202
2048	4095	256	2010	3721	202
2303	4095	256	2275	3721	202
2559	4095	256	2510	3721	201
2815	4095	256	2747	3721	201
3071	4095	256	2986	3722	201
3327	4095	256	3222	3721	200
3583	4095	256	3461	3721	199
3839	4095	256	3703	3721	198
4095	4095	256	3941	3720	196
0	0	512	22	0	451
256	0	512	269	0	450
512	0	512	516	0	449
768	0	512	760	0	449
1024	0	512	999	0	448
1280	0	512	1240	0	448
1536	0	512	1484	0	447
1792	0	512	1725	0	447
2048	0	512	1963	0	447
2303	0	512	2223	0	446
2559	0	512	2465	0	445
2815	0	512	2698	0	445
3071	0	512	2939	0	444
3327	0	512	3176	0	444
3583	0	512	3412	1	442
3839	0	512	3656	1	439
4095	0	512	3894	1	437
0	256	512	25	240	450
256	256	512	273	240	448
512	256	512	521	240	447
768	256	512	764	241	448
1024	256	512	1003	241	447
1280	256	512	1246	241	446
1536	256	512	1487	241	446
1792	256	512	1727	241	445
2048	256	512	1965	240	444
2303	256	512	2224	240	445
2559	256	512	2466	241	443
2815	256	512	2699	241	443
3071	256	512	2939	241	443
3327	256	512	3177	241	442
3583	256	512	3413	241	441
3839	256	512	3655	240	439
4095	256	512	3894	239	436
0	512	512	28	485	448
256	512	512	279	485	448
512	512	512	525	485	446
768	512	512	768	486	445
1024	512	512	1009	486	446
1280	512	512	1250	486	445
1536	512	512	1492	486	445
1792	512	512	1733	486	444
2048	512	512	1970	485	443
2303	512	512	2229	485	442
2559	512	512	2472	486	442
2815	512	512	2705	486	441
3071	512	512	2945	486	440
3327	512	512	3182	486	439
3583	512	512	3418	485	439
3839	512	512	3661	485	437
4095	512	512	3900	484	434
0	768	512	32	722	446
256	768	512	283	722	446
512	768	512	530	723	445
768	768	512	773	722	444
1024	768	512	1013	723	445
1280	768	512	1255	723	444
1536	768	512	1497	723	443
1792	768	512	1738	723	443
2048	768	512	1974	722	442
2303	768	512	2235	722	440
2559	768	512	2476	722	441
2815	768	512	2710	723	440
3071	768	512	2950	723	440
3327	768	512	3186	722	439
3583	768	512	3424	722	437
3839	768	512	3666	721	437
4095	768	512	3904	720	434
0	1024	512	35	953	446
256	1024	512	286	953	445
512	1024	512	534	953	445
768	1024	512	776	953	444
1024	1024	512	1016	954	443
1280	1024	512	1259	954	444
1536	1024	512	1501	954	443
1792	1024	512	1741	954	442
2048	1024	512	1979	953	441
2303	1024	512	2239	953	440
2559	1024	512	2480	953	440
2815	1024	512	2714	954	439
3071	1024	512	2953	954	438
3327	1024	512	3191	954	438
3583	1024	512	3427	953	437
3839	1024	512	3669	952	436
4095	1024	512	3908	951	433
0	1280	512	39	1191	445
256	1280	512	290	1191	444
512	1280	512	538	1191	444
768	1280	512	780	1191	443
1024	1280	512	1020	1191	442
1280	1280	512	1262	1191	442
1536	1280	512	1504	1191	442
1792	1280	512	1745	1191	440
2048	1280	512	1982	1191	440
2303	1280	512	2245	1191	439
2559	1280	512	2484	1191	438
2815	1280	512	2717	1191	438
3071	1280	512	2957	1191	437
3327	1280	512	3194	1191	437
3583	1280	512	3431	1191	436
3839	1280	512	3674	1190	434
4095	1280	512	3912	1189	432
0	1536	512	43	1423	444
256	1536	512	294	1423	443
512	1536	512	541	1422	442
768	1536	512	784	1423	442
1024	1536	512	1023	1422	441
1280	1536	512	1265	1422	440
1536	1536	512	1508	1422	440
1792	1536	512	1748	1422	439
2048	1536	512	1985	1422	439
2303	1536	512	2248	1422	438
2559	1536	512	2487	1422	437
2815	1536	512	2721	1422	437
3071	1536	512	2961	1423	436
3327	1536	512	3198	1423	435
3583	1536	512	3435	1422	435
3839	1536	512	3677	1421	433
4095	1536	512	3915	1420	431
0	1792	512	46	1648	442
256	1792	512	297	1647	442
512	1792	512	545	1647	441
768	1792	512	787	1647	441
1024	1792	512	1026	1647	440
1280	1792	512	1268	1647	439
1536	1792	512	1511	1647	439
1792	1792	512	1751	1647	438
2048	1792	512	1989	1646	437
2303	1792	512	2251	1648	438
2559	1792	512	2491	1648	437
2815	1792	512	2724	1648	437
3071	1792	512	2964	1649	436
3327	1792	512	3202	1649	435
3583	1792	512	3438	1649	434
3839	1792	512	3681	1648	432
4095	1792	512	3920	1647	429
0	2048	512	49	1876	441
256	2048	512	300	1874	440
512	2048	512	547	1875	440
768	2048	512	789	1875	439
1024	2048	512	1029	1875	439
1280	2048	512	1272	1876	438
1536	2048	512	1514	1876	437
1792	2048	512	1756	1876	438
2048	2048	512	1992	1875	437
2303	2048	512	2256	1875	437
2559	2048	512	2494	1877	437
2815	2048	512	2728	1877	435
3071	2048	512	2968	1877	436
3327	2048	512	3205	1878	435
3583	2048	512	3442	1878	433
3839	2048	512	3685	1877	432
4095	2048	512	3923	1876	429
0	2303	512	53	2114	439
256	2303	512	303	2111	438
512	2303	512	550	2113	438
768	2303	512	793	2111	438
1024	2303	512	1033	2113	438
1280	2303	512	1275	2113	437
1536	2303	512	1518	2113	436
1792	2303	512	1759	2114	437
2048	2303	512	1998	2114	436
2303	2303	512	2261	2114	435
2559	2303	512	2498	2114	436
2815	2303	512	2733	2115	435
3071	2303	512	2973	2116	435
3327	2303	512	3209	2116	434
3583	2303	512	3447	2116	432
3839	2303	512	3689	2116	431
4095	2303	512	3927	2115	427
0	2559	512	57	2368	439
256	2559	512	308	2365	437
512	2559	512	556	2366	437
768	2559	512	797	2365	437
1024	2559	512	1038	2366	436
1280	2559	512	1280	2367	436
1536	2559	512	1524	2367	436
1792	2559	512	1765	2368	435
2048	2559	512	2003	2368	435
2303	2559	512	2266	2367	434
2559	2559	512	2503	2368	435
2815	2559	512	2738	2368	434
3071	2559	512	2977	2369	433
3327	2559	512	3214	2369	433
3583	2559	512	3451	2369	431
3839	2559	512	3693	2368	429
4095	2559	512	3932	2368	426
0	2815	512	59	2583	437
256	2815	512	310	2579	437
512	2815	512	557	2580	436
768	2815	512	800	2581	436
1024	2815	512	1041	2581	436
1280	2815	512	1282	2581	436
1536	2815	512	1527	2581	435
1792	2815	512	1767	2582	434
2048	2815	512	2005	2582	435
2303	2815	512	2270	2583	434
2559	2815	512	2505	2582	433
2815	2815	512	2739	2582	433
3071	2815	512	2980	2582	432
3327	2815	512	3216	2583	432
3583	2815	512	3454	2584	431
3839	2815	512	3696	2583	429
4095	2815	512	3933	2582	426
0	3071	512	64	2814	437
256	3071	512	314	2811	435
512	3071	512	561	2811	435
768	3071	512	803	2811	435
1024	3071	512	1044	2812	434
1280	3071	512	1286	2812	434
1536	3071	512	1530	2813	434
1792	3071	512	1770	2813	433
2048	3071	512	2010	2813	432
2303	3071	512	2274	2814	433
2559	3071	512	2508	2813	432
2815	3071	512	2744	2812	432
3071	3071	512	2983	2813	431
3327	3071	512	3220	2814	430
3583	3071	512	3459	2815	430
3839	3071	512	3701	2815	429
4095	3071	512	3938	2814	425
0	3327	512	67	3044	436
256	3327	512	317	3040	434
512	3327	512	564	3040	434
768	3327	512	806	3040	433
1024	3327	512	1046	3039	433
1280	3327	512	1287	3039	432
1536	3327	512	1532	3040	433
1792	3327	512	1773	3040	432
2048	3327	512	2012	3042	431
2303	3327	512	2278	3043	432
2559	3327	512	2513	3043	431
2815	3327	512	2748	3042	430
3071	3327	512	2987	3042	430
3327	3327	512	3224	3042	429
3583	3327	512	3462	3043	429
3839	3327	512	3704	3043	427
4095	3327	512	3943	3042	424
0	3583	512	71	3267	434
256	3583	512	322	3263	432
512	3583	512	569	3263	432
768	3583	512	812	3264	431
1024	3583	512	1051	3263	431
1280	3583	512	1293	3264	430
1536	3583	512	1538	3263	430
1792	3583	512	1778	3264	430
2048	3583	512	2017	3264	430
2303	3583	512	2284	3264	429
2559	3583	512	2517	3264	429
2815	3583	512	2753	3264	429
3071	3583	512	2992	3264	429
3327	3583	512	3228	3264	428
3583	3583	512	3466	3264	426
3839	3583	512	3710	3265	426
4095	3583	512	3947	3265	423
0	3839	512	75	3498	433
256	3839	512	324	3494	430
512	3839	512	571	3494	431
768	3839	512	813	3494	430
1024	3839	512	1052	3494	429
1280	3839	512	1295	3494	429
1536	3839	512	1540	3494	429
1792	3839	512	1780	3494	429
2048	3839	512	2020	3494	428
2303	3839	512	2287	3494	428
2559	3839	512	2520	3494	428
2815	3839	512	2756	3494	427
3071	3839	512	2996	3494	426
3327	3839	512	3231	3494	426
3583	3839	512	3470	3494	425
3839	3839	512	3713	3495	424
4095	3839	512	3950	3494	421
0	4095	512	77	3731	431
256	4095	512	327	3726	429
512	4095	512	573	3726	429
768	4095	512	814	3726	428
1024	4095	512	1054	3726	427
1280	4095	512	1297	3726	428
1536	4095	512	1542	3726	427
1792	4095	512	1783	3726	426
2048	4095	512	2022	3726	427
2303	4095	512	2289	3727	426
2559	4095	512	2523	3727	426
2815	4095	512	2759	3727	426
3071	4095	512	2999	3727	425
3327	4095	512	3235	3727	424
3583	4095	512	3473	3726	423
3839	4095	512	3715	3726	421
4095	4095	512	3954	3725	419
0	0	768	32	0	670
256	0	768	279	0	668
512	0	768	528	0	668
768	0	768	770	0	667
1024	0	768	1010	0	668
1280	0	768	1251	0	666
1536	0	768	1495	0	666
1792	0	768	1736	0	666
2048	0	768	1975	0	666
2303	0	768	2236	0	665
2559	0	768	2476	0	665
2815	0	768	2710	0	665
3071	0	768	2951	1	663
3327	0	768	3187	1	663
3583	0	768	3424	1	661
3839	0	768	3667	1	658
4095	0	768	3906	1	655
0	256	768	35	239	669
256	256	768	284	239	667
512	256	768	532	240	668
768	256	768	774	240	667
1024	256	768	1016	240	666
1280	256	768	1257	240	666
1536	256	768	1499	240	665
1792	256	768	1740	240	664
2048	256	768	1976	240	664
2303	256	768	2237	240	663
2559	256	768	2478	240	663
2815	256	768	2711	240	662
3071	256	768	2951	240	662
3327	256	768	3188	240	661
3583	256	768	3424	240	660
3839	256	768	3668	240	657
4095	256	768	3906	239	655
0	512	768	39	486	667
256	512	768	289	486	666
512	512	768	536	486	665
768	512	768	780	487	666
1024	512	768	1020	487	665
1280	512	768	1262	487	666
1536	512	768	1505	487	665
1792	512	768	1745	487	663
2048	512	768	1982	487	663
2303	512	768	2243	486	661
2559	512	768	2482	487	661
2815	512	768	2716	487	661
3071	512	768	2956	487	659
3327	512	768	3193	487	660
3583	512	768	3430	487	658
3839	512	768	3672	486	656
4095	512	768	3910	485	654
0	768	768	43	722	665
256	768	768	293	723	665
512	768	768	541	724	665
768	768	768	783	724	665
1024	768	768	1023	724	664
1280	768	768	1266	724	664
1536	768	768	1507	723	663
1792	768	768	1748	724	662
2048	768	768	1987	724	661
2303	768	768	2248	724	661
2559	768	768	2486	724	660
2815	768	768	2721	724	660
3071	768	768	2960	724	659
3327	768	768	3198	724	658
3583	768	768	3434	723	658
3839	768	768	3676	723	656
4095	768	768	3915	721	653
0	1024	768	46	953	664
256	1024	768	297	953	664
512	1024	768	545	954	664
768	1024	768	786	954	663
1024	1024	768	1028	954	663
1280	1024	768	1269	954	663
1536	1024	768	1511	954	663
1792	1024	768	1753	954	661
2048	1024	768	1990	955	660
2303	1024	768	2252	955	661
2559	1024	768	2491	955	660
2815	1024	768	2724	954	658
3071	1024	768	2964	954	658
3327	1024	768	3201	955	658
3583	1024	768	3438	954	657
3839	1024	768	3681	953	655
4095	1024	768	3919	952	652
0	1280	768	50	1191	664
256	1280	768	300	1191	663
512	1280	768	548	1192	663
768	1280	768	791	1191	662
1024	1280	768	1031	1191	662
1280	1280	768	1273	1192	662
1536	1280	768	1516	1192	661
1792	1280	768	1756	1192	661
2048	1280	768	1994	1192	660
2303	1280	768	2258	1193	659
2559	1280	768	2495	1193	659
2815	1280	768	2729	1192	658
3071	1280	768	2968	1192	658
3327	1280	768	3205	1193	657
3583	1280	768	3443	1193	656
3839	1280	768	3685	1191	654
4095	1280	768	3922	1190	651
0	1536	768	53	1424	663
256	1536	768	304	1424	662
512	1536	768	553	1424	662
768	1536	768	795	1424	661
1024	1536	768	1034	1424	661
1280	1536	768	1277	1423	660
1536	1536	768	1519	1424	660
1792	1536	768	1760	1424	660
2048	1536	768	1998	1424	658
2303	1536	768	2262	1425	658
2559	1536	768	2499	1425	658
2815	1536	768	2733	1425	657
3071	1536	768	2972	1425	656
3327	1536	768	3209	1425	656
3583	1536	768	3446	1424	654
3839	1536	768	3688	1423	653
4095	1536	768	3927	1422	650
0	1792	768	56	1650	662
256	1792	768	308	1649	661
512	1792	768	555	1650	660
768	1792	768	797	1650	661
1024	1792	768	1039	1650	660
1280	1792	768	1280	1649	660
1536	1792	768	1522	1650	659
1792	1792	768	1764	1650	658
2048	1792	768	2001	1649	658
2303	1792	768	2265	1650	657
2559	1792	768	2501	1650	656
2815	1792	768	2736	1650	657
3071	1792	768	2976	1651	656
3327	1792	768	3212	1651	655
3583	1792	768	3449	1650	654
3839	1792	768	3692	1649	652
4095	1792	768	3930	1649	649
0	2048	768	60	1878	661
256	2048	768	310	1877	659
512	2048	768	558	1878	659
768	2048	768	801	1878	659
1024	2048	768	1041	1878	658
1280	2048	768	1282	1878	658
1536	2048	768	1527	1879	658
1792	2048	768	1767	1879	657
2048	2048	768	2004	1879	657
2303	2048	768	2268	1878	656
2559	2048	768	2504	1879	656
2815	2048	768	2740	1879	656
3071	2048	768	2979	1879	655
3327	2048	768	3215	1880	654
3583	2048	768	3453	1880	653
3839	2048	768	3695	1879	651
4095	2048	768	3933	1878	649
0	2303	768	64	2116	659
256	2303	768	314	2114	658
512	2303	768	562	2116	658
768	2303	768	804	2115	657
1024	2303	768	1045	2116	658
1280	2303	768	1288	2117	657
1536	2303	768	1531	2117	657
1792	2303	768	1770	2116	656
2048	2303	768	2009	2116	656
2303	2303	768	2273	2116	656
2559	2303	768	2509	2117	655
2815	2303	768	2744	2117	654
3071	2303	768	2983	2117	654
3327	2303	768	3220	2118	653
3583	2303	768	3458	2118	652
3839	2303	768	3699	2117	650
4095	2303	768	3938	2116	646
0	2559	768	67	2370	658
256	2559	768	319	2367	657
512	2559	768	567	2368	657
768	2559	768	809	2369	656
1024	2559	768	1050	2368	657
1280	2559	768	1292	2369	656
1536	2559	768	1536	2370	655
1792	2559	768	1777	2370	656
2048	2559	768	2014	2370	655
2303	2559	768	2279	2369	655
2559	2559	768	2514	2370	655
2815	2559	768	2749	2370	654
3071	2559	768	2989	2370	653
3327	2559	768	3225	2370	652
3583	2559	768	3462	2371	651
3839	2559	768	3706	2370	650
4095	2559	768	3943	2370	646
0	2815	768	71	2584	657
256	2815	768	320	2580	655
512	2815	768	568	2581	656
768	2815	768	811	2582	656
1024	2815	768	1053	2584	656
1280	2815	768	1293	2583	656
1536	2815	768	1539	2584	655
1792	2815	768	1778	2583	655
2048	2815	768	2017	2583	654
2303	2815	768	2283	2584	654
2559	2815	768	2515	2584	654
2815	2815	768	2751	2583	653
3071	2815	768	2991	2584	652
3327	2815	768	3227	2585	652
3583	2815	768	3466	2585	651
3839	2815	768	3707	2584	649
4095	2815	768	3944	2583	646
0	3071	768	74	2815	657
256	3071	768	324	2812	654
512	3071	768	572	2812	654
768	3071	768	813	2812	654
1024	3071	768	1056	2814	654
1280	3071	768	1298	2815	655
1536	3071	768	1543	2815	654
1792	3071	768	1783	2815	653
2048	3071	768	2020	2815	653
2303	3071	768	2286	2814	652
2559	3071	768	2519	2814	653
2815	3071	768	2754	2814	652
3071	3071	768	2994	2815	651
3327	3071	768	3232	2815	651
3583	3071	768	3470	2816	650
3839	3071	768	3711	2815	648
4095	3071	768	3949	2815	646
0	3327	768	77	3046	656
256	3327	768	328	3043	653
512	3327	768	575	3043	653
768	3327	768	817	3043	653
1024	3327	768	1058	3042	653
1280	3327	768	1300	3043	653
1536	3327	768	1545	3043	652
1792	3327	768	1786	3044	652
2048	3327	768	2024	3044	652
2303	3327	768	2291	3044	652
2559	3327	768	2522	3044	651
2815	3327	768	2759	3044	651
3071	3327	768	2999	3044	650
3327	3327	768	3234	3044	649
3583	3327	768	3472	3045	649
3839	3327	768	3716	3045	647
4095	3327	768	3953	3045	645
0	3583	768	82	3270	654
256	3583	768	333	3266	652
512	3583	768	579	3266	652
768	3583	768	823	3267	652
1024	3583	768	1063	3266	651
1280	3583	768	1306	3267	651
1536	3583	768	1549	3266	651
1792	3583	768	1790	3267	650
2048	3583	768	2029	3266	650
2303	3583	768	2296	3267	650
2559	3583	768	2527	3267	649
2815	3583	768	2764	3267	649
3071	3583	768	3003	3266	649
3327	3583	768	3238	3266	647
3583	3583	768	3478	3266	647
3839	3583	768	3720	3267	645
4095	3583	768	3957	3267	642
0	3839	768	85	3498	652
256	3839	768	334	3494	650
512	3839	768	582	3494	650
768	3839	768	824	3495	649
1024	3839	768	1065	3495	650
1280	3839	768	1307	3495	649
1536	3839	768	1551	3495	649
1792	3839	768	1792	3495	648
2048	3839	768	2031	3496	648
2303	3839	768	2299	3496	648
2559	3839	768	2530	3497	648
2815	3839	768	2767	3496	647
3071	3839	768	3006	3496	647
3327	3839	768	3242	3497	646
3583	3839	768	3481	3497	645
3839	3839	768	3723	3497	643
4095	3839	768	3961	3497	640
0	4095	768	87	3731	649
256	4095	768	337	3727	647
512	4095	768	583	3727	648
768	4095	768	826	3727	647
1024	4095	768	1066	3727	647
1280	4095	768	1308	3727	647
1536	4095	768	1554	3728	646
1792	4095	768	1794	3728	647
2048	4095	768	2033	3728	646
2303	4095	768	2303	3728	646
2559	4095	768	2533	3728	646
2815	4095	768	2770	3728	645
3071	4095	768	3010	3728	645
3327	4095	768	3246	3728	644
3583	4095	768	3484	3728	642
3839	4095	768	3727	3727	641
4095	4095	768	3964	3727	638
0	0	1024	42	0	883
256	0	1024	291	0	882
512	0	1024	538	0	881
768	0	1024	780	0	879
1024	0	1024	1021	0	880
1280	0	1024	1262	0	879
1536	0	1024	1505	0	879
1792	0	1024	1747	0	879
2048	0	1024	1985	0	879
2303	0	1024	2248	0	880
2559	0	1024	2488	0	879
2815	0	1024	2721	1	877
3071	0	1024	2960	1	877
3327	0	1024	3198	1	875
3583	0	1024	3435	1	874
3839	0	1024	3677	1	871
4095	0	1024	3916	2	867
0	256	1024	46	238	881
256	256	1024	294	238	881
512	256	1024	543	238	881
768	256	1024	786	239	879
1024	256	1024	1026	239	880
1280	256	1024	1267	239	879
1536	256	1024	1511	239	878
1792	256	1024	1750	238	877
2048	256	1024	1987	238	876
2303	256	1024	2250	238	877
2559	256	1024	2488	239	876
2815	256	1024	2721	239	875
3071	256	1024	2962	239	875
3327	256	1024	3198	239	873
3583	256	1024	3435	238	872
3839	256	1024	3678	238	871
4095	256	1024	3916	237	867
0	512	1024	50	484	879
256	512	1024	299	485	879
512	512	1024	548	485	879
768	512	1024	790	485	878
1024	512	1024	1030	486	878
1280	512	1024	1273	486	878
1536	512	1024	1516	487	878
1792	512	1024	1755	486	877
2048	512	1024	1993	486	875
2303	512	1024	2255	485	874
2559	512	1024	2492	486	875
2815	512	1024	2727	486	873
3071	512	1024	2966	486	872
3327	512	1024	3202	486	873
3583	512	1024	3440	486	871
3839	512	1024	3682	485	870
4095	512	1024	3921	484	867
0	768	1024	53	722	879
256	768	1024	304	722	878
512	768	1024	552	723	879
768	768	1024	794	723	878
1024	768	1024	1035	723	877
1280	768	1024	1277	723	877
1536	768	1024	1518	723	876
1792	768	1024	1760	723	875
2048	768	1024	1998	723	875
2303	768	1024	2260	723	874
2559	768	1024	2497	723	874
2815	768	1024	2731	723	873
3071	768	1024	2970	723	872
3327	768	1024	3207	723	872
3583	768	1024	3444	723	871
3839	768	1024	3686	721	868
4095	768	1024	3924	720	866
0	1024	1024	57	953	878
256	1024	1024	307	954	877
512	1024	1024	555	954	877
768	1024	1024	798	955	877
1024	1024	1024	1038	955	876
1280	1024	1024	1280	955	875
1536	1024	1024	1523	955	875
1792	1024	1024	1763	955	874
2048	1024	1024	2001	956	875
2303	1024	1024	2266	956	874
2559	1024	1024	2500	955	873
2815	1024	1024	2734	955	872
3071	1024	1024	2974	955	871
3327	1024	1024	3210	955	870
3583	1024	1024	3448	955	870
3839	1024	1024	3690	954	868
4095	1024	1024	3928	952	865
0	1280	1024	60	1190	876
256	1280	1024	311	1191	876
512	1280	1024	560	1191	876
768	1280	1024	801	1192	876
1024	1280	1024	1041	1192	874
1280	1280	1024	1283	1192	874
1536	1280	1024	1527	1193	875
1792	1280	1024	1767	1193	874
2048	1280	1024	2006	1193	873
2303	1280	1024	2270	1194	873
2559	1280	1024	2504	1194	872
2815	1280	1024	2739	1193	872
3071	1280	1024	2978	1193	871
3327	1280	1024	3215	1194	870
3583	1280	1024	3453	1194	870
3839	1280	1024	3694	1192	867
4095	1280	1024	3932	1190	863
0	1536	1024	64	1423	876
256	1536	1024	315	1423	876
512	1536	1024	563	1423	875
768	1536	1024	804	1423	874
1024	1536	1024	1045	1423	874
1280	1536	1024	1286	1423	873
1536	1536	1024	1530	1424	873
1792	1536	1024	1772	1425	873
2048	1536	1024	2009	1425	872
2303	1536	1024	2274	1425	872
2559	1536	1024	2509	1426	872
2815	1536	1024	2744	1426	871
3071	1536	1024	2983	1425	871
3327	1536	1024	3219	1425	869
3583	1536	1024	3456	1425	868
3839	1536	1024	3698	1424	866
4095	1536	1024	3936	1422	863
0	1792	1024	68	1649	875
256	1792	1024	318	1649	873
512	1792	1024	565	1649	874
768	1792	1024	808	1649	873
1024	1792	1024	1049	1650	873
1280	1792	1024	1289	1649	872
1536	1792	1024	1534	1650	872
1792	1792	1024	1775	1651	872
2048	1792	1024	2012	1650	871
2303	1792	1024	2278	1650	870
2559	1792	1024	2511	1651	870
2815	1792	1024	2747	1651	870
3071	1792	1024	2986	1651	870
3327	1792	1024	3221	1650	868
3583	1792	1024	3460	1650	867
3839	1792	1024	3701	1649	865
4095	1792	1024	3939	1648	862
0	2048	1024	71	1878	873
256	2048	1024	320	1877	872
512	2048	1024	569	1878	873
768	2048	1024	811	1878	872
1024	2048	1024	1052	1878	871
1280	2048	1024	1294	1879	872
1536	2048	1024	1538	1879	871
1792	2048	1024	1777	1879	871
2048	2048	1024	2016	1879	870
2303	2048	1024	2280	1878	869
2559	2048	1024	2514	1878	869
2815	2048	1024	2750	1879	869
3071	2048	1024	2989	1879	868
3327	2048	1024	3225	1879	868
3583	2048	1024	3463	1879	866
3839	2048	1024	3704	1878	863
4095	2048	1024	3943	1878	861
0	2303	1024	74	2115	872
256	2303	1024	325	2114	871
512	2303	1024	573	2115	871
768	2303	1024	815	2116	871
1024	2303	1024	1057	2116	870
1280	2303	1024	1299	2117	871
1536	2303	1024	1542	2117	870
1792	2303	1024	1782	2116	869
2048	2303	1024	2020	2116	870
2303	2303	1024	2285	2116	869
2559	2303	1024	2518	2116	868
2815	2303	1024	2754	2117	868
3071	2303	1024	2994	2116	867
3327	2303	1024	3229	2117	867
3583	2303	1024	3466	2116	865
3839	2303	1024	3709	2116	864
4095	2303	1024	3947	2115	861
0	2559	1024	79	2370	872
256	2559	1024	330	2368	870
512	2559	1024	577	2369	869
768	2559	1024	821	2370	870
1024	2559	1024	1061	2369	871
1280	2559	1024	1303	2371	869
1536	2559	1024	1548	2371	869
1792	2559	1024	1787	2371	868
2048	2559	1024	2025	2371	869
2303	2559	1024	2292	2371	869
2559	2559	1024	2523	2371	867
2815	2559	1024	2761	2371	868
3071	2559	1024	2999	2371	867
3327	2559	1024	3234	2371	866
3583	2559	1024	3474	2372	865
3839	2559	1024	3716	2372	863
4095	2559	1024	3952	2371	860
0	2815	1024	81	2584	870
256	2815	1024	331	2580	869
512	2815	1024	579	2581	868
768	2815	1024	822	2583	868
1024	2815	1024	1064	2585	869
1280	2815	1024	1306	2584	869
1536	2815	1024	1549	2584	869
1792	2815	1024	1788	2584	868
2048	2815	1024	2028	2584	867
2303	2815	1024	2294	2584	867
2559	2815	1024	2525	2584	866
2815	2815	1024	2762	2585	866
3071	2815	1024	3001	2585	866
3327	2815	1024	3237	2585	865
3583	2815	1024	3475	2585	865
3839	2815	1024	3716	2585	862
4095	2815	1024	3954	2585	859
0	3071	1024	84	2815	870
256	3071	1024	335	2812	867
512	3071	1024	582	2811	867
768	3071	1024	824	2812	867
1024	3071	1024	1067	2814	868
1280	3071	1024	1309	2814	868
1536	3071	1024	1554	2815	867
1792	3071	1024	1793	2814	867
2048	3071	1024	2030	2814	866
2303	3071	1024	2297	2812	866
2559	3071	1024	2527	2813	865
2815	3071	1024	2764	2813	865
3071	3071	1024	3005	2814	865
3327	3071	1024	3241	2815	864
3583	3071	1024	3479	2815	863
3839	3071	1024	3721	2815	862
4095	3071	1024	3957	2814	858
0	3327	1024	88	3045	868
256	3327	1024	338	3042	866
512	3327	1024	586	3042	867
768	3327	1024	829	3043	866
1024	3327	1024	1071	3043	866
1280	3327	1024	1312	3043	867
1536	3327	1024	1557	3043	865
1792	3327	1024	1797	3044	867
2048	3327	1024	2036	3044	865
2303	3327	1024	2303	3043	865
2559	3327	1024	2531	3043	864
2815	3327	1024	2770	3044	864
3071	3327	1024	3009	3044	863
3327	3327	1024	3244	3044	863
3583	3327	1024	3483	3044	862
3839	3327	1024	3724	3045	861
4095	3327	1024	3961	3044	858
0	3583	1024	92	3269	867
256	3583	1024	343	3266	865
512	3583	1024	591	3266	866
768	3583	1024	834	3266	866
1024	3583	1024	1075	3266	865
1280	3583	1024	1317	3266	865
1536	3583	1024	1560	3265	864
1792	3583	1024	1801	3267	864
2048	3583	1024	2040	3266	864
2303	3583	1024	2306	3266	863
2559	3583	1024	2537	3266	863
2815	3583	1024	2774	3266	862
3071	3583	1024	3013	3266	862
3327	3583	1024	3248	3266	862
3583	3583	1024	3487	3265	860
3839	3583	1024	3728	3266	858
4095	3583	1024	3966	3266	856
0	3839	1024	95	3498	865
256	3839	1024	346	3494	863
512	3839	1024	592	3494	862
768	3839	1024	834	3494	863
1024	3839	1024	1077	3495	863
1280	3839	1024	1318	3495	862
1536	3839	1024	1564	3495	862
1792	3839	1024	1803	3496	861
2048	3839	1024	2041	3496	861
2303	3839	1024	2310	3496	861
2559	3839	1024	2539	3496	860
2815	3839	1024	2777	3496	861
3071	3839	1024	3017	3496	860
3327	3839	1024	3251	3495	859
3583	3839	1024	3490	3495	858
3839	3839	1024	3733	3496	856
4095	3839	1024	3969	3495	854
0	4095	1024	98	3731	861
256	4095	1024	347	3727	860
512	4095	1024	594	3727	860
768	4095	1024	837	3727	861
1024	4095	1024	1078	3727	860
1280	4095	1024	1321	3727	860
1536	4095	1024	1566	3728	860
1792	4095	1024	1805	3728	860
2048	4095	1024	2045	3728	859
2303	4095	1024	2313	3728	859
2559	4095	1024	2543	3728	859
2815	4095	1024	2781	3728	859
3071	4095	1024	3020	3728	858
3327	4095	1024	3255	3728	857
3583	4095	1024	3495	3728	856
3839	4095	1024	3736	3727	854
4095	4095	1024	3973	3726	851
0	0	1280	53	0	1102
256	0	1280	301	0	1099
512	0	1280	548	0	1098
768	0	1280	791	0	1098
1024	0	1280	1031	0	1097
1280	0	1280	1274	0	1098
1536	0	1280	1517	0	1096
1792	0	1280	1759	0	1096
2048	0	1280	1997	0	1097
2303	0	1280	2262	1	1097
2559	0	1280	2499	1	1096
2815	0	1280	2733	1	1095
3071	0	1280	2973	1	1094
3327	0	1280	3210	1	1093
3583	0	1280	3447	2	1091
3839	0	1280	3691	2	1089
4095	0	1280	3928	2	1086
0	256	1280	57	238	1101
256	256	1280	305	238	1099
512	256	1280	554	238	1098
768	256	1280	796	238	1098
1024	256	1280	1036	238	1097
1280	256	1280	1279	238	1096
1536	256	1280	1522	238	1096
1792	256	1280	1761	238	1094
2048	256	1280	2001	238	1094
2303	256	1280	2264	238	1094
2559	256	1280	2500	238	1093
2815	256	1280	2735	238	1093
3071	256	1280	2975	238	1092
3327	256	1280	3210	238	1090
3583	256	1280	3448	238	1089
3839	256	1280	3691	238	1087
4095	256	1280	3928	236	1084
0	512	1280	60	484	1097
256	512	1280	310	484	1097
512	512	1280	558	484	1096
768	512	1280	800	484	1095
1024	512	1280	1042	485	1096
1280	512	1280	1283	485	1095
1536	512	1280	1527	486	1096
1792	512	1280	1767	485	1094
2048	512	1280	2004	484	1092
2303	512	1280	2268	484	1092
2559	512	1280	2505	485	1092
2815	512	1280	2739	485	1091
3071	512	1280	2979	485	1091
3327	512	1280	3216	485	1090
3583	512	1280	3453	485	1089
3839	512	1280	3695	484	1087
4095	512	1280	3933	482	1084
0	768	1280	64	722	1097
256	768	1280	314	722	1097
512	768	1280	563	723	1097
768	768	1280	806	723	1096
1024	768	1280	1046	723	1095
1280	768	1280	1287	723	1094
1536	768	1280	1532	723	1094
1792	768	1280	1773	724	1095
2048	768	1280	2010	724	1094
2303	768	1280	2274	723	1093
2559	768	1280	2509	724	1093
2815	768	1280	2744	724	1092
3071	768	1280	2984	724	1091
3327	768	1280	3220	723	1090
3583	768	1280	3457	723	1088
3839	768	1280	3699	722	1087
4095	768	1280	3937	720	1083
0	1024	1280	67	953	1095
256	1024	1280	317	954	1094
512	1024	1280	567	955	1095
768	1024	1280	810	956	1095
1024	1024	1280	1050	955	1094
1280	1024	1280	1291	955	1093
1536	1024	1280	1536	956	1093
1792	1024	1280	1776	956	1093
2048	1024	1280	2015	956	1092
2303	1024	1280	2279	955	1091
2559	1024	1280	2512	955	1090
2815	1024	1280	2748	956	1090
3071	1024	1280	2987	956	1089
3327	1024	1280	3222	955	1089
3583	1024	1280	3461	955	1087
3839	1024	1280	3703	954	1086
4095	1024	1280	3941	952	1082
0	1280	1280	71	1191	1094
256	1280	1280	322	1192	1093
512	1280	1280	570	1192	1094
768	1280	1280	813	1193	1093
1024	1280	1280	1053	1192	1091
1280	1280	1280	1295	1193	1092
1536	1280	1280	1539	1194	1092
1792	1280	1280	1780	1194	1091
2048	1280	1280	2018	1194	1091
2303	1280	1280	2283	1194	1090
2559	1280	1280	2517	1194	1091
2815	1280	1280	2753	1195	1090
3071	1280	1280	2991	1194	1088
3327	1280	1280	3227	1194	1088
3583	1280	1280	3465	1193	1086
3839	1280	1280	3708	1192	1084
4095	1280	1280	3945	1191	1081
0	1536	1280	75	1424	1093
256	1536	1280	325	1425	1093
512	1536	1280	573	1425	1092
768	1536	1280	816	1425	1092
1024	1536	1280	1056	1424	1091
1280	1536	1280	1298	1426	1091
1536	1536	1280	1542	1425	1090
1792	1536	1280	1783	1426	1090
2048	1536	1280	2021	1427	1091
2303	1536	1280	2288	1426	1089
2559	1536	1280	2521	1428	1089
2815	1536	1280	2757	1428	1090
3071	1536	1280	2995	1427	1088
3327	1536	1280	3231	1427	1086
3583	1536	1280	3469	1426	1085
3839	1536	1280	3711	1425	1083
4095	1536	1280	3948	1423	1080
0	1792	1280	78	1649	1092
256	1792	1280	328	1650	1091
512	1792	1280	577	1650	1090
768	1792	1280	819	1650	1091
1024	1792	1280	1059	1650	1090
1280	1792	1280	1303	1652	1090
1536	1792	1280	1545	1650	1089
1792	1792	1280	1786	1653	1089
2048	1792	1280	2025	1653	1088
2303	1792	1280	2291	1653	1089
2559	1792	1280	2523	1653	1087
2815	1792	1280	2760	1654	1088
3071	1792	1280	2998	1653	1086
3327	1792	1280	3235	1653	1086
3583	1792	1280	3473	1652	1085
3839	1792	1280	3714	1651	1083
4095	1792	1280	3952	1650	1079
0	2048	1280	81	1878	1090
256	2048	1280	332	1878	1089
512	2048	1280	580	1879	1090
768	2048	1280	822	1879	1090
1024	2048	1280	1063	1879	1089
1280	2048	1280	1306	1881	1090
1536	2048	1280	1549	1879	1088
1792	2048	1280	1791	1881	1089
2048	2048	1280	2028	1880	1088
2303	2048	1280	2294	1881	1087
2559	2048	1280	2526	1880	1086
2815	2048	1280	2763	1881	1086
3071	2048	1280	3003	1881	1086
3327	2048	1280	3238	1881	1085
3583	2048	1280	3477	1881	1084
3839	2048	1280	3719	1880	1082
4095	2048	1280	3956	1879	1079
0	2303	1280	85	2116	1089
256	2303	1280	335	2115	1088
512	2303	1280	583	2116	1088
768	2303	1280	827	2117	1088
1024	2303	1280	1067	2117	1088
1280	2303	1280	1311	2119	1087
1536	2303	1280	1555	2118	1087
1792	2303	1280	1794	2119	1087
2048	2303	1280	2032	2118	1087
2303	2303	1280	2299	2117	1086
2559	2303	1280	2529	2117	1085
2815	2303	1280	2768	2118	1085
3071	2303	1280	3007	2119	1085
3327	2303	1280	3242	2119	1084
3583	2303	1280	3481	2119	1082
3839	2303	1280	3723	2118	1081
4095	2303	1280	3960	2117	1078
0	2559	1280	89	2371	1089
256	2559	1280	340	2370	1086
512	2559	1280	588	2370	1087
768	2559	1280	831	2370	1087
1024	2559	1280	1072	2371	1086
1280	2559	1280	1315	2371	1086
1536	2559	1280	1559	2372	1086
1792	2559	1280	1798	2372	1085
2048	2559	1280	2038	2373	1086
2303	2559	1280	2304	2372	1085
2559	2559	1280	2535	2372	1086
2815	2559	1280	2773	2373	1086
3071	2559	1280	3011	2373	1084
3327	2559	1280	3247	2373	1084
3583	2559	1280	3486	2373	1082
3839	2559	1280	3728	2373	1080
4095	2559	1280	3965	2372	1077
0	2815	1280	91	2586	1088
256	2815	1280	342	2582	1086
512	2815	1280	590	2584	1086
768	2815	1280	833	2584	1086
1024	2815	1280	1075	2585	1085
1280	2815	1280	1316	2584	1087
1536	2815	1280	1560	2585	1086
1792	2815	1280	1800	2585	1084
2048	2815	1280	2039	2586	1085
2303	2815	1280	2307	2585	1083
2559	2815	1280	2538	2587	1083
2815	2815	1280	2775	2587	1083
3071	2815	1280	3014	2586	1083
3327	2815	1280	3249	2587	1082
3583	2815	1280	3488	2587	1081
3839	2815	1280	3729	2586	1079
4095	2815	1280	3966	2585	1077
0	3071	1280	96	2816	1088
256	3071	1280	346	2815	1085
512	3071	1280	593	2815	1084
768	3071	1280	837	2815	1085
1024	3071	1280	1077	2815	1084
1280	3071	1280	1321	2816	1084
1536	3071	1280	1565	2816	1084
1792	3071	1280	1804	2815	1083
2048	3071	1280	2042	2816	1083
2303	3071	1280	2309	2815	1082
2559	3071	1280	2539	2815	1082
2815	3071	1280	2778	2815	1082
3071	3071	1280	3017	2816	1082
3327	3071	1280	3252	2816	1080
3583	3071	1280	3492	2816	1080
3839	3071	1280	3733	2817	1078
4095	3071	1280	3970	2816	1075
0	3327	1280	99	3046	1085
256	3327	1280	349	3044	1084
512	3327	1280	598	3044	1084
768	3327	1280	840	3044	1083
1024	3327	1280	1081	3046	1084
1280	3327	1280	1324	3045	1083
1536	3327	1280	1568	3044	1083
1792	3327	1280	1807	3045	1082
2048	3327	1280	2047	3046	1082
2303	3327	1280	2314	3045	1081
2559	3327	1280	2544	3046	1081
2815	3327	1280	2781	3045	1081
3071	3327	1280	3020	3045	1081
3327	3327	1280	3257	3047	1080
3583	3327	1280	3495	3046	1079
3839	3327	1280	3736	3046	1077
4095	3327	1280	3974	3045	1073
0	3583	1280	103	3270	1083
256	3583	1280	354	3267	1082
512	3583	1280	602	3267	1082
768	3583	1280	844	3267	1082
1024	3583	1280	1086	3267	1082
1280	3583	1280	1328	3267	1081
1536	3583	1280	1572	3267	1080
1792	3583	1280	1813	3268	1081
2048	3583	1280	2052	3268	1081
2303	3583	1280	2320	3267	1080
2559	3583	1280	2549	3268	1080
2815	3583	1280	2787	3268	1079
3071	3583	1280	3026	3268	1079
3327	3583	1280	3261	3268	1078
3583	3583	1280	3499	3267	1076
3839	3583	1280	3742	3268	1076
4095	3583	1280	3979	3268	1073
0	3839	1280	106	3500	1081
256	3839	1280	356	3497	1080
512	3839	1280	603	3497	1080
768	3839	1280	846	3496	1079
1024	3839	1280	1088	3497	1079
1280	3839	1280	1330	3497	1080
1536	3839	1280	1575	3497	1078
1792	3839	1280	1814	3497	1079
2048	3839	1280	2054	3497	1077
2303	3839	1280	2323	3497	1077
2559	3839	1280	2551	3497	1077
2815	3839	1280	2791	3498	1078
3071	3839	1280	3029	3498	1077
3327	3839	1280	3263	3497	1076
3583	3839	1280	3503	3496	1075
3839	3839	1280	3744	3497	1073
4095	3839	1280	3981	3497	1069
0	4095	1280	109	3733	1078
256	4095	1280	358	3729	1076
512	4095	1280	605	3729	1077
768	4095	1280	848	3729	1078
1024	4095	1280	1090	3729	1077
1280	4095	1280	1333	3729	1077
1536	4095	1280	1576	3729	1076
1792	4095	1280	1817	3729	1076
2048	4095	1280	2055	3729	1075
2303	4095	1280	2326	3730	1075
2559	4095	1280	2554	3730	1076
2815	4095	1280	2793	3729	1074
3071	4095	1280	3032	3729	1074
3327	4095	1280	3268	3729	1074
3583	4095	1280	3507	3729	1072
3839	4095	1280	3748	3728	1069
4095	4095	1280	3985	3728	1068
0	0	1536	64	0	1327
256	0	1536	311	0	1324
512	0	1536	561	0	1324
768	0	1536	803	0	1323
1024	0	1536	1043	0	1322
1280	0	1536	1286	0	1322
1536	0	1536	1531	1	1322
1792	0	1536	1772	1	1323
2048	0	1536	2010	1	1322
2303	0	1536	2275	1	1321
2559	0	1536	2509	1	1321
2815	0	1536	2747	1	1321
3071	0	1536	2986	2	1320
3327	0	1536	3222	2	1318
3583	0	1536	3461	2	1317
3839	0	1536	3703	2	1315
4095	0	1536	3939	2	1311
0	256	1536	67	237	1324
256	256	1536	316	237	1322
512	256	1536	565	237	1323
768	256	1536	807	237	1321
1024	256	1536	1048	237	1321
1280	256	1536	1289	237	1320
1536	256	1536	1534	237	1321
1792	256	1536	1774	237	1319
2048	256	1536	2012	237	1319
2303	256	1536	2278	237	1319
2559	256	1536	2512	237	1318
2815	256	1536	2747	237	1317
3071	256	1536	2986	237	1316
3327	256	1536	3223	237	1316
3583	256	1536	3461	237	1315
3839	256	1536	3703	237	1313
4095	256	1536	3941	236	1310
0	512	1536	72	485	1323
256	512	1536	321	485	1322
512	512	1536	569	485	1320
768	512	1536	813	485	1320
1024	512	1536	1053	486	1320
1280	512	1536	1294	486	1320
1536	512	1536	1540	486	1320
1792	512	1536	1779	485	1318
2048	512	1536	2016	485	1318
2303	512	1536	2283	485	1317
2559	512	1536	2515	485	1316
2815	512	1536	2751	485	1317
3071	512	1536	2991	485	1316
3327	512	1536	3227	485	1315
3583	512	1536	3464	485	1313
3839	512	1536	3707	484	1313
4095	512	1536	3944	482	1310
0	768	1536	75	722	1319
256	768	1536	324	723	1319
512	768	1536	574	723	1319
768	768	1536	816	723	1319
1024	768	1536	1056	723	1318
1280	768	1536	1298	723	1317
1536	768	1536	1543	724	1318
1792	768	1536	1783	724	1318
2048	768	1536	2022	724	1317
2303	768	1536	2287	723	1317
2559	768	1536	2519	724	1317
2815	768	1536	2757	724	1318
3071	768	1536	2995	724	1316
3327	768	1536	3230	724	1314
3583	768	1536	3469	723	1313
3839	768	1536	3710	722	1310
4095	768	1536	3947	720	1307
0	1024	1536	78	953	1318
256	1024	1536	328	954	1319
512	1024	1536	577	954	1318
768	1024	1536	819	954	1317
1024	1024	1536	1060	954	1317
1280	1024	1536	1301	954	1316
1536	1024	1536	1547	956	1318
1792	1024	1536	1787	955	1317
2048	1024	1536	2025	955	1316
2303	1024	1536	2291	955	1316
2559	1024	1536	2524	956	1317
2815	1024	1536	2760	956	1316
3071	1024	1536	2998	955	1316
3327	1024	1536	3235	955	1314
3583	1024	1536	3473	955	1313
3839	1024	1536	3714	954	1311
4095	1024	1536	3952	951	1307
0	1280	1536	82	1190	1316
256	1280	1536	332	1191	1315
512	1280	1536	580	1192	1316
768	1280	1536	823	1192	1315
1024	1280	1536	1063	1192	1315
1280	1280	1536	1304	1192	1314
1536	1280	1536	1551	1193	1315
1792	1280	1536	1791	1193	1315
2048	1280	1536	2029	1193	1314
2303	1280	1536	2296	1193	1314
2559	1280	1536	2527	1194	1315
2815	1280	1536	2764	1194	1315
3071	1280	1536	3003	1193	1314
3327	1280	1536	3238	1193	1312
3583	1280	1536	3476	1192	1311
3839	1280	1536	3719	1192	1309
4095	1280	1536	3956	1190	1305
0	1536	1536	85	1423	1316
256	1536	1536	335	1424	1316
512	1536	1536	584	1424	1316
768	1536	1536	826	1424	1316
1024	1536	1536	1066	1424	1314
1280	1536	1536	1309	1425	1316
1536	1536	1536	1554	1426	1315
1792	1536	1536	1793	1427	1316
2048	1536	1536	2033	1427	1314
2303	1536	1536	2300	1426	1312
2559	1536	1536	2529	1426	1312
2815	1536	1536	2767	1426	1312
3071	1536	1536	3006	1426	1311
3327	1536	1536	3241	1426	1310
3583	1536	1536	3480	1425	1309
3839	1536	1536	3722	1425	1308
4095	1536	1536	3960	1423	1304
0	1792	1536	88	1650	1316
256	1792	1536	339	1650	1314
512	1792	1536	587	1650	1315
768	1792	1536	829	1651	1314
1024	1792	1536	1070	1650	1314
1280	1792	1536	1314	1653	1316
1536	1792	1536	1557	1652	1315
1792	1792	1536	1798	1653	1314
2048	1792	1536	2036	1653	1314
2303	1792	1536	2303	1653	1313
2559	1792	1536	2533	1652	1311
2815	1792	1536	2770	1653	1311
3071	1792	1536	3008	1652	1310
3327	1792	1536	3244	1652	1310
3583	1792	1536	3483	1652	1308
3839	1792	1536	3726	1651	1306
4095	1792	1536	3963	1650	1304
0	2048	1536	92	1881	1317
256	2048	1536	342	1879	1315
512	2048	1536	589	1880	1314
768	2048	1536	833	1880	1315
1024	2048	1536	1074	1880	1315
1280	2048	1536	1317	1883	1312
1536	2048	1536	1561	1881	1313
1792	2048	1536	1801	1882	1312
2048	2048	1536	2038	1881	1312
2303	2048	1536	2307	1882	1311
2559	2048	1536	2536	1882	1310
2815	2048	1536	2773	1882	1311
3071	2048	1536	3013	1881	1309
3327	2048	1536	3248	1882	1308
3583	2048	1536	3488	1882	1309
3839	2048	1536	3730	1882	1307
4095	2048	1536	3967	1880	1303
0	2303	1536	96	2119	1314
256	2303	1536	346	2118	1312
512	2303	1536	594	2118	1314
768	2303	1536	838	2119	1314
1024	2303	1536	1079	2119	1314
1280	2303	1536	1322	2120	1313
1536	2303	1536	1567	2120	1314
1792	2303	1536	1806	2121	1313
2048	2303	1536	2044	2120	1312
2303	2303	1536	2311	2120	1311
2559	2303	1536	2541	2120	1311
2815	2303	1536	2778	2119	1310
3071	2303	1536	3017	2120	1309
3327	2303	1536	3254	2120	1308
3583	2303	1536	3493	2120	1309
3839	2303	1536	3734	2119	1305
4095	2303	1536	3971	2118	1301
0	2559	1536	99	2373	1311
256	2559	1536	351	2370	1311
512	2559	1536	599	2371	1312
768	2559	1536	842	2372	1312
1024	2559	1536	1084	2373	1311
1280	2559	1536	1325	2372	1312
1536	2559	1536	1571	2374	1311
1792	2559	1536	1811	2374	1311
2048	2559	1536	2049	2374	1311
2303	2559	1536	2317	2374	1311
2559	2559	1536	2545	2372	1308
2815	2559	1536	2784	2373	1308
3071	2559	1536	3023	2373	1308
3327	2559	1536	3258	2373	1306
3583	2559	1536	3496	2372	1304
3839	2559	1536	3738	2372	1303
4095	2559	1536	3975	2372	1299
0	2815	1536	103	2586	1308
256	2815	1536	352	2582	1309
512	2815	1536	600	2583	1312
768	2815	1536	844	2585	1312
1024	2815	1536	1086	2586	1310
1280	2815	1536	1326	2584	1310
1536	2815	1536	1572	2586	1310
1792	2815	1536	1811	2586	1309
2048	2815	1536	2049	2585	1308
2303	2815	1536	2319	2586	1308
2559	2815	1536	2547	2587	1309
2815	2815	1536	2787	2587	1309
3071	2815	1536	3024	2586	1307
3327	2815	1536	3259	2587	1307
3583	2815	1536	3500	2588	1306
3839	2815	1536	3740	2587	1303
4095	2815	1536	3977	2586	1301
0	3071	1536	106	2817	1313
256	3071	1536	356	2815	1306
512	3071	1536	605	2815	1308
768	3071	1536	848	2815	1310
1024	3071	1536	1089	2816	1309
1280	3071	1536	1332	2816	1308
1536	3071	1536	1577	2817	1308
1792	3071	1536	1815	2816	1308
2048	3071	1536	2054	2816	1308
2303	3071	1536	2323	2817	1306
2559	3071	1536	2550	2816	1307
2815	3071	1536	2788	2815	1307
3071	3071	1536	3026	2815	1306
3327	3071	1536	3263	2816	1305
3583	3071	1536	3502	2816	1305
3839	3071	1536	3744	2817	1304
4095	3071	1536	3982	2817	1301
0	3327	1536	109	3048	1311
256	3327	1536	360	3046	1308
512	3327	1536	608	3045	1308
768	3327	1536	850	3046	1309
1024	3327	1536	1093	3046	1308
1280	3327	1536	1335	3047	1308
1536	3327	1536	1580	3046	1308
1792	3327	1536	1820	3047	1307
2048	3327	1536	2058	3047	1307
2303	3327	1536	2328	3047	1306
2559	3327	1536	2554	3047	1306
2815	3327	1536	2792	3046	1305
3071	3327	1536	3032	3047	1303
3327	3327	1536	3267	3047	1304
3583	3327	1536	3506	3047	1303
3839	3327	1536	3748	3048	1302
4095	3327	1536	3985	3047	1301
0	3583	1536	114	3272	1309
256	3583	1536	364	3269	1308
512	3583	1536	611	3268	1307
768	3583	1536	855	3268	1307
1024	3583	1536	1095	3268	1307
1280	3583	1536	1338	3269	1307
1536	3583	1536	1584	3269	1307
1792	3583	1536	1824	3270	1307
2048	3583	1536	2063	3270	1306
2303	3583	1536	2334	3270	1305
2559	3583	1536	2559	3270	1305
2815	3583	1536	2799	3270	1305
3071	3583	1536	3038	3270	1304
3327	3583	1536	3271	3269	1304
3583	3583	1536	3512	3270	1303
3839	3583	1536	3753	3270	1301
4095	3583	1536	3989	3269	1298
0	3839	1536	117	3501	1306
256	3839	1536	366	3498	1304
512	3839	1536	614	3498	1304
768	3839	1536	857	3498	1303
1024	3839	1536	1098	3497	1303
1280	3839	1536	1341	3497	1303
1536	3839	1536	1585	3498	1305
1792	3839	1536	1825	3500	1305
2048	3839	1536	2066	3499	1304
2303	3839	1536	2335	3500	1304
2559	3839	1536	2562	3500	1303
2815	3839	1536	2800	3499	1302
3071	3839	1536	3040	3499	1303
3327	3839	1536	3274	3498	1302
3583	3839	1536	3514	3499	1301
3839	3839	1536	3755	3499	1299
4095	3839	1536	3993	3498	1296
0	4095	1536	119	3733	1305
256	4095	1536	368	3730	1303
512	4095	1536	615	3730	1303
768	4095	1536	858	3730	1303
1024	4095	1536	1100	3730	1303
1280	4095	1536	1342	3730	1301
1536	4095	1536	1587	3730	1301
1792	4095	1536	1828	3731	1302
2048	4095	1536	2068	3731	1301
2303	4095	1536	2339	3730	1300
2559	4095	1536	2564	3730	1300
2815	4095	1536	2803	3730	1299
3071	4095	1536	3044	3730	1300
3327	4095	1536	3278	3730	1299
3583	4095	1536	3518	3730	1297
3839	4095	1536	3760	3730	1296
4095	4095	1536	3996	3729	1293
0	0	1792	74	0	1525
256	0	1792	322	0	1525
512	0	1792	571	0	1524
768	0	1792	813	0	1523
1024	0	1792	1055	0	1522
1280	0	1792	1295	0	1522
1536	0	1792	1541	1	1522
1792	0	1792	1783	1	1522
2048	0	1792	2020	1	1521
2303	0	1792	2287	1	1522
2559	0	1792	2521	1	1521
2815	0	1792	2757	1	1520
3071	0	1792	2997	2	1520
3327	0	1792	3234	2	1518
3583	0	1792	3472	2	1516
3839	0	1792	3714	2	1515
4095	0	1792	3951	2	1510
0	256	1792	77	234	1525
256	256	1792	326	235	1524
512	256	1792	575	235	1523
768	256	1792	818	235	1522
1024	256	1792	1059	235	1522
1280	256	1792	1300	235	1520
1536	256	1792	1545	235	1519
1792	256	1792	1783	235	1520
2048	256	1792	2022	235	1520
2303	256	1792	2290	235	1520
2559	256	1792	2521	235	1520
2815	256	1792	2759	235	1519
3071	256	1792	2999	236	1519
3327	256	1792	3234	235	1518
3583	256	1792	3472	235	1516
3839	256	1792	3715	235	1514
4095	256	1792	3952	234	1512
0	512	1792	82	483	1522
256	512	1792	331	483	1521
512	512	1792	580	483	1521
768	512	1792	823	484	1520
1024	512	1792	1063	484	1520
1280	512	1792	1306	484	1519
1536	512	1792	1549	484	1518
1792	512	1792	1787	482	1518
2048	512	1792	2026	482	1516
2303	512	1792	2294	483	1516
2559	512	1792	2525	483	1516
2815	512	1792	2762	483	1516
3071	512	1792	3001	483	1516
3327	512	1792	3237	483	1515
3583	512	1792	3476	482	1513
3839	512	1792	3718	482	1513
4095	512	1792	3955	480	1510
0	768	1792	85	720	1521
256	768	1792	335	721	1520
512	768	1792	583	721	1519
768	768	1792	826	722	1519
1024	768	1792	1067	722	1518
1280	768	1792	1309	722	1518
1536	768	1792	1552	722	1517
1792	768	1792	1792	721	1516
2048	768	1792	2031	721	1515
2303	768	1792	2298	722	1514
2559	768	1792	2529	722	1515
2815	768	1792	2767	722	1514
3071	768	1792	3005	722	1513
3327	768	1792	3241	722	1513
3583	768	1792	3480	721	1512
3839	768	1792	3722	720	1510
4095	768	1792	3960	719	1508
0	1024	1792	89	953	1519
256	1024	1792	339	954	1518
512	1024	1792	587	954	1517
768	1024	1792	830	954	1518
1024	1024	1792	1070	954	1517
1280	1024	1792	1312	954	1517
1536	1024	1792	1558	955	1516
1792	1024	1792	1797	955	1515
2048	1024	1792	2036	955	1516
2303	1024	1792	2303	955	1516
2559	1024	1792	2534	955	1515
2815	1024	1792	2771	956	1516
3071	1024	1792	3010	955	1514
3327	1024	1792	3245	955	1513
3583	1024	1792	3484	954	1513
3839	1024	1792	3726	953	1511
4095	1024	1792	3963	952	1509
0	1280	1792	92	1191	1517
256	1280	1792	342	1192	1518
512	1280	1792	591	1192	1517
768	1280	1792	834	1192	1517
1024	1280	1792	1074	1192	1516
1280	1280	1792	1316	1192	1516
1536	1280	1792	1561	1193	1517
1792	1280	1792	1801	1194	1517
2048	1280	1792	2041	1194	1516
2303	1280	1792	2308	1193	1516
2559	1280	1792	2537	1193	1515
2815	1280	1792	2775	1194	1515
3071	1280	1792	3014	1193	1514
3327	1280	1792	3248	1193	1513
3583	1280	1792	3488	1192	1512
3839	1280	1792	3729	1192	1510
4095	1280	1792	3967	1190	1507
0	1536	1792	96	1423	1516
256	1536	1792	346	1424	1517
512	1536	1792	595	1424	1515
768	1536	1792	837	1424	1515
1024	1536	1792	1079	1425	1515
1280	1536	1792	1320	1424	1514
1536	1536	1792	1564	1425	1515
1792	1536	1792	1805	1425	1514
2048	1536	1792	2044	1426	1514
2303	1536	1792	2311	1425	1514
2559	1536	1792	2541	1425	1513
2815	1536	1792	2779	1426	1512
3071	1536	1792	3017	1425	1512
3327	1536	1792	3253	1425	1510
3583	1536	1792	3491	1424	1510
3839	1536	1792	3733	1424	1508
4095	1536	1792	3971	1423	1506
0	1792	1792	100	1650	1516
256	1792	1792	349	1650	1515
512	1792	1792	597	1650	1515
768	1792	1792	841	1651	1516
1024	1792	1792	1083	1652	1516
1280	1792	1792	1324	1652	1515
1536	1792	1792	1569	1652	1514
1792	1792	1792	1808	1652	1515
2048	1792	1792	2047	1653	1514
2303	1792	1792	2316	1652	1513
2559	1792	1792	2544	1652	1513
2815	1792	1792	2782	1653	1512
3071	1792	1792	3021	1652	1512
3327	1792	1792	3256	1653	1511
3583	1792	1792	3495	1652	1509
3839	1792	1792	3737	1650	1508
4095	1792	1792	3974	1650	1505
0	2048	1792	103	1879	1514
256	2048	1792	352	1879	1514
512	2048	1792	601	1880	1515
768	2048	1792	844	1881	1515
1024	2048	1792	1086	1882	1515
1280	2048	1792	1329	1882	1514
1536	2048	1792	1571	1881	1514
1792	2048	1792	1811	1881	1514
2048	2048	1792	2051	1882	1513
2303	2048	1792	2319	1881	1512
2559	2048	1792	2547	1881	1512
2815	2048	1792	2786	1882	1512
3071	2048	1792	3024	1882	1511
3327	2048	1792	3259	1882	1511
3583	2048	1792	3500	1882	1510
3839	2048	1792	3740	1881	1508
4095	2048	1792	3977	1879	1504
0	2303	1792	106	2117	1513
256	2303	1792	357	2116	1513
512	2303	1792	605	2117	1513
768	2303	1792	847	2117	1513
1024	2303	1792	1090	2118	1513
1280	2303	1792	1332	2118	1513
1536	2303	1792	1576	2119	1512
1792	2303	1792	1815	2118	1514
2048	2303	1792	2055	2120	1513
2303	2303	1792	2323	2118	1512
2559	2303	1792	2551	2118	1511
2815	2303	1792	2789	2118	1511
3071	2303	1792	3028	2119	1510
3327	2303	1792	3264	2119	1511
3583	2303	1792	3503	2119	1509
3839	2303	1792	3745	2119	1507
4095	2303	1792	3981	2117	1503
0	2559	1792	111	2372	1511
256	2559	1792	361	2370	1512
512	2559	1792	609	2372	1512
768	2559	1792	853	2372	1513
1024	2559	1792	1095	2373	1512
1280	2559	1792	1336	2373	1512
1536	2559	1792	1582	2375	1512
1792	2559	1792	1821	2374	1511
2048	2559	1792	2059	2374	1511
2303	2559	1792	2329	2373	1510
2559	2559	1792	2555	2373	1509
2815	2559	1792	2794	2373	1510
3071	2559	1792	3033	2373	1508
3327	2559	1792	3268	2373	1508
3583	2559	1792	3508	2373	1508
3839	2559	1792	3750	2374	1506
4095	2559	1792	3987	2373	1504
0	2815	1792	113	2588	1512
256	2815	1792	363	2585	1511
512	2815	1792	611	2585	1512
768	2815	1792	855	2586	1512
1024	2815	1792	1096	2587	1512
1280	2815	1792	1339	2587	1511
1536	2815	1792	1583	2587	1511
1792	2815	1792	1822	2587	1511
2048	2815	1792	2061	2586	1509
2303	2815	1792	2330	2586	1510
2559	2815	1792	2557	2587	1510
2815	2815	1792	2796	2586	1507
3071	2815	1792	3035	2586	1508
3327	2815	1792	3271	2588	1508
3583	2815	1792	3511	2588	1508
3839	2815	1792	3752	2588	1506
4095	2815	1792	3989	2587	1502
0	3071	1792	116	2817	1513
256	3071	1792	367	2815	1511
512	3071	1792	615	2815	1509
768	3071	1792	858	2816	1510
1024	3071	1792	1100	2816	1511
1280	3071	1792	1342	2816	1510
1536	3071	1792	1587	2817	1509
1792	3071	1792	1828	2817	1510
2048	3071	1792	2065	2816	1508
2303	3071	1792	2336	2817	1509
2559	3071	1792	2561	2816	1508
2815	3071	1792	2799	2815	1508
3071	3071	1792	3040	2816	1507
3327	3071	1792	3274	2817	1507
3583	3071	1792	3514	2817	1506
3839	3071	1792	3756	2817	1506
4095	3071	1792	3993	2817	1503
0	3327	1792	121	3047	1511
256	3327	1792	370	3046	1508
512	3327	1792	618	3046	1509
768	3327	1792	861	3045	1509
1024	3327	1792	1103	3046	1509
1280	3327	1792	1345	3046	1508
1536	3327	1792	1590	3046	1508
1792	3327	1792	1830	3046	1510
2048	3327	1792	2071	3047	1508
2303	3327	1792	2341	3047	1507
2559	3327	1792	2565	3047	1508
2815	3327	1792	2805	3047	1507
3071	3327	1792	3043	3046	1505
3327	3327	1792	3277	3046	1506
3583	3327	1792	3518	3047	1505
3839	3327	1792	3759	3047	1505
4095	3327	1792	3996	3047	1502
0	3583	1792	124	3271	1509
256	3583	1792	374	3269	1507
512	3583	1792	623	3268	1508
768	3583	1792	866	3269	1507
1024	3583	1792	1108	3269	1507
1280	3583	1792	1351	3269	1507
1536	3583	1792	1595	3269	1506
1792	3583	1792	1834	3270	1507
2048	3583	1792	2076	3270	1508
2303	3583	1792	2346	3270	1507
2559	3583	1792	2570	3270	1507
2815	3583	1792	2810	3270	1506
3071	3583	1792	3048	3270	1506
3327	3583	1792	3282	3269	1505
3583	3583	1792	3523	3269	1504
3839	3583	1792	3764	3270	1503
4095	3583	1792	4001	3269	1502
0	3839	1792	127	3501	1507
256	3839	1792	377	3499	1505
512	3839	1792	624	3498	1504
768	3839	1792	867	3498	1506
1024	3839	1792	1110	3498	1506
1280	3839	1792	1353	3499	1506
1536	3839	1792	1596	3499	1505
1792	3839	1792	1837	3499	1505
2048	3839	1792	2078	3499	1506
2303	3839	1792	2349	3499	1505
2559	3839	1792	2573	3500	1504
2815	3839	1792	2813	3499	1504
3071	3839	1792	3053	3500	1504
3327	3839	1792	3287	3499	1503
3583	3839	1792	3526	3499	1502
3839	3839	1792	3768	3499	1501
4095	3839	1792	4004	3498	1499
0	4095	1792	130	3734	1504
256	4095	1792	379	3730	1503
512	4095	1792	626	3730	1503
768	4095	1792	869	3730	1503
1024	4095	1792	1111	3730	1503
1280	4095	1792	1354	3731	1503
1536	4095	1792	1599	3731	1503
1792	4095	1792	1840	3732	1504
2048	4095	1792	2081	3732	1503
2303	4095	1792	2351	3731	1503
2559	4095	1792	2574	3732	1502
2815	4095	1792	2816	3732	1503
3071	4095	1792	3056	3732	1503
3327	4095	1792	3290	3732	1503
3583	4095	1792	3531	3731	1501
3839	4095	1792	3772	3731	1499
4095	4095	1792	4007	3730	1496
0	0	2048	84	0	1738
256	0	2048	332	0	1736
512	0	2048	580	0	1735
768	0	2048	823	0	1735
1024	0	2048	1065	0	1734
1280	0	2048	1306	1	1734
1536	0	2048	1552	1	1734
1792	0	2048	1792	1	1733
2048	0	2048	2031	1	1734
2303	0	2048	2300	1	1733
2559	0	2048	2530	1	1732
2815	0	2048	2767	2	1732
3071	0	2048	3008	2	1732
3327	0	2048	3244	2	1730
3583	0	2048	3483	2	1728
3839	0	2048	3726	2	1727
4095	0	2048	3963	3	1724
0	256	2048	88	234	1738
256	256	2048	336	234	1736
512	256	2048	585	234	1734
768	256	2048	828	234	1734
1024	256	2048	1069	234	1733
1280	256	2048	1312	234	1732
1536	256	2048	1555	235	1732
1792	256	2048	1794	234	1731
2048	256	2048	2033	234	1732
2303	256	2048	2302	234	1731
2559	256	2048	2532	235	1731
2815	256	2048	2770	235	1731
3071	256	2048	3009	235	1730
3327	256	2048	3244	235	1729
3583	256	2048	3483	234	1728
3839	256	2048	3725	234	1726
4095	256	2048	3963	233	1725
0	512	2048	92	481	1734
256	512	2048	341	482	1734
512	512	2048	590	482	1733
768	512	2048	833	482	1731
1024	512	2048	1075	482	1732
1280	512	2048	1316	482	1731
1536	512	2048	1560	482	1731
1792	512	2048	1798	481	1729
2048	512	2048	2038	481	1728
2303	512	2048	2306	482	1728
2559	512	2048	2537	482	1728
2815	512	2048	2774	482	1728
3071	512	2048	3012	482	1728
3327	512	2048	3249	481	1727
3583	512	2048	3487	481	1726
3839	512	2048	3729	481	1723
4095	512	2048	3967	480	1722
0	768	2048	95	719	1732
256	768	2048	346	721	1733
512	768	2048	594	721	1731
768	768	2048	837	720	1730
1024	768	2048	1078	720	1730
1280	768	2048	1319	720	1729
1536	768	2048	1564	721	1728
1792	768	2048	1802	720	1729
2048	768	2048	2042	721	1727
2303	768	2048	2311	721	1728
2559	768	2048	2540	721	1728
2815	768	2048	2778	721	1727
3071	768	2048	3018	721	1727
3327	768	2048	3253	721	1726
3583	768	2048	3491	720	1724
3839	768	2048	3733	719	1723
4095	768	2048	3970	718	1720
0	1024	2048	99	952	1730
256	1024	2048	349	953	1730
512	1024	2048	598	953	1730
768	1024	2048	840	953	1729
1024	1024	2048	1081	953	1728
1280	1024	2048	1324	953	1728
1536	1024	2048	1568	954	1728
1792	1024	2048	1807	954	1728
2048	1024	2048	2048	955	1728
2303	1024	2048	2315	954	1727
2559	1024	2048	2544	955	1728
2815	1024	2048	2783	955	1727
3071	1024	2048	3022	955	1727
3327	1024	2048	3256	954	1726
3583	1024	2048	3496	954	1725
3839	1024	2048	3737	953	1723
4095	1024	2048	3974	951	1720
0	1280	2048	103	1190	1729
256	1280	2048	353	1190	1728
512	1280	2048	602	1191	1729
768	1280	2048	844	1192	1729
1024	1280	2048	1086	1192	1728
1280	1280	2048	1327	1192	1728
1536	1280	2048	1572	1193	1728
1792	1280	2048	1812	1193	1728
2048	1280	2048	2052	1194	1729
2303	1280	2048	2320	1193	1727
2559	1280	2048	2548	1193	1727
2815	1280	2048	2786	1193	1727
3071	1280	2048	3025	1193	1726
3327	1280	2048	3260	1192	1725
3583	1280	2048	3499	1192	1723
3839	1280	2048	3741	1191	1722
4095	1280	2048	3979	1189	1720
0	1536	2048	107	1423	1728
256	1536	2048	356	1423	1727
512	1536	2048	605	1424	1727
768	1536	2048	849	1425	1728
1024	1536	2048	1090	1425	1726
1280	1536	2048	1331	1425	1726
1536	1536	2048	1576	1426	1727
1792	1536	2048	1815	1425	1726
2048	1536	2048	2055	1426	1727
2303	1536	2048	2324	1426	1726
2559	1536	2048	2551	1426	1725
2815	1536	2048	2789	1426	1725
3071	1536	2048	3028	1425	1723
3327	1536	2048	3263	1425	1722
3583	1536	2048	3502	1424	1721
3839	1536	2048	3745	1424	1720
4095	1536	2048	3981	1423	1718
0	1792	2048	110	1648	1726
256	1792	2048	359	1649	1726
512	1792	2048	608	1650	1726
768	1792	2048	851	1651	1727
1024	1792	2048	1093	1652	1726
1280	1792	2048	1335	1652	1726
1536	1792	2048	1579	1652	1726
1792	1792	2048	1818	1652	1725
2048	1792	2048	2057	1652	1724
2303	1792	2048	2328	1653	1725
2559	1792	2048	2553	1652	1724
2815	1792	2048	2793	1652	1724
3071	1792	2048	3032	1652	1723
3327	1792	2048	3267	1653	1722
3583	1792	2048	3506	1652	1722
3839	1792	2048	3747	1651	1720
4095	1792	2048	3984	1650	1717
0	2048	2048	113	1878	1725
256	2048	2048	363	1877	1725
512	2048	2048	611	1879	1726
768	2048	2048	854	1880	1726
1024	2048	2048	1098	1881	1727
1280	2048	2048	1339	1881	1726
1536	2048	2048	1583	1881	1725
1792	2048	2048	1823	1881	1724
2048	2048	2048	2060	1880	1723
2303	2048	2048	2331	1881	1724
2559	2048	2048	2557	1881	1723
2815	2048	2048	2796	1881	1722
3071	2048	2048	3035	1882	1723
3327	2048	2048	3271	1882	1723
3583	2048	2048	3510	1882	1721
3839	2048	2048	3750	1880	1720
4095	2048	2048	3988	1879	1716
0	2303	2048	117	2115	1723
256	2303	2048	366	2114	1723
512	2303	2048	614	2116	1725
768	2303	2048	859	2117	1725
1024	2303	2048	1101	2118	1725
1280	2303	2048	1343	2118	1725
1536	2303	2048	1588	2118	1724
1792	2303	2048	1826	2118	1725
2048	2303	2048	2066	2118	1723
2303	2303	2048	2336	2118	1723
2559	2303	2048	2561	2117	1722
2815	2303	2048	2800	2118	1722
3071	2303	2048	3040	2118	1722
3327	2303	2048	3275	2119	1722
3583	2303	2048	3514	2119	1720
3839	2303	2048	3755	2118	1719
4095	2303	2048	3991	2116	1715
0	2559	2048	121	2371	1723
256	2559	2048	371	2370	1723
512	2559	2048	620	2372	1724
768	2559	2048	863	2372	1723
1024	2559	2048	1105	2372	1722
1280	2559	2048	1347	2372	1724
1536	2559	2048	1592	2374	1722
1792	2559	2048	1831	2373	1723
2048	2559	2048	2071	2373	1723
2303	2559	2048	2341	2373	1721
2559	2559	2048	2566	2374	1722
2815	2559	2048	2806	2373	1721
3071	2559	2048	3044	2373	1720
3327	2559	2048	3279	2373	1720
3583	2559	2048	3519	2373	1718
3839	2559	2048	3760	2373	1717
4095	2559	2048	3998	2373	1715
0	2815	2048	123	2586	1723
256	2815	2048	374	2585	1720
512	2815	2048	622	2585	1721
768	2815	2048	864	2585	1722
1024	2815	2048	1107	2586	1722
1280	2815	2048	1349	2586	1721
1536	2815	2048	1592	2586	1722
1792	2815	2048	1833	2587	1721
2048	2815	2048	2074	2587	1721
2303	2815	2048	2342	2586	1720
2559	2815	2048	2568	2587	1720
2815	2815	2048	2807	2587	1720
3071	2815	2048	3046	2587	1719
3327	2815	2048	3282	2587	1719
3583	2815	2048	3521	2587	1718
3839	2815	2048	3763	2587	1716
4095	2815	2048	3999	2586	1715
0	3071	2048	128	2817	1723
256	3071	2048	377	2815	1721
512	3071	2048	625	2815	1720
768	3071	2048	869	2816	1721
1024	3071	2048	1111	2817	1721
1280	3071	2048	1352	2816	1720
1536	3071	2048	1597	2816	1720
1792	3071	2048	1836	2816	1720
2048	3071	2048	2076	2815	1720
2303	3071	2048	2348	2817	1719
2559	3071	2048	2571	2817	1718
2815	3071	2048	2811	2817	1720
3071	3071	2048	3051	2818	1719
3327	3071	2048	3285	2818	1718
3583	3071	2048	3526	2817	1718
3839	3071	2048	3767	2818	1716
4095	3071	2048	4003	2817	1714
0	3327	2048	131	3048	1721
256	3327	2048	380	3046	1720
512	3327	2048	629	3046	1719
768	3327	2048	872	3046	1720
1024	3327	2048	1114	3047	1721
1280	3327	2048	1357	3046	1719
1536	3327	2048	1600	3047	1719
1792	3327	2048	1840	3047	1719
2048	3327	2048	2083	3048	1718
2303	3327	2048	2352	3048	1719
2559	3327	2048	2574	3047	1718
2815	3327	2048	2815	3048	1718
3071	3327	2048	3054	3047	1718
3327	3327	2048	3289	3048	1718
3583	3327	2048	3530	3048	1717
3839	3327	2048	3770	3048	1715
4095	3327	2048	4007	3048	1714
0	3583	2048	134	3271	1720
256	3583	2048	385	3269	1718
512	3583	2048	633	3269	1719
768	3583	2048	876	3269	1718
1024	3583	2048	1119	3269	1719
1280	3583	2048	1362	3269	1718
1536	3583	2048	1605	3269	1717
1792	3583	2048	1845	3269	1718
2048	3583	2048	2088	3270	1718
2303	3583	2048	2356	3270	1719
2559	3583	2048	2580	3270	1717
2815	3583	2048	2819	3270	1717
3071	3583	2048	3060	3269	1717
3327	3583	2048	3293	3269	1716
3583	3583	2048	3534	3270	1715
3839	3583	2048	3776	3270	1715
4095	3583	2048	4012	3269	1712
0	3839	2048	138	3501	1717
256	3839	2048	387	3498	1715
512	3839	2048	635	3498	1717
768	3839	2048	879	3498	1717
1024	3839	2048	1120	3498	1716
1280	3839	2048	1363	3498	1717
1536	3839	2048	1608	3498	1716
1792	3839	2048	1847	3498	1716
2048	3839	2048	2090	3498	1716
2303	3839	2048	2358	3498	1715
2559	3839	2048	2582	3499	1716
2815	3839	2048	2823	3499	1715
3071	3839	2048	3063	3499	1714
3327	3839	2048	3296	3499	1714
3583	3839	2048	3538	3499	1713
3839	3839	2048	3779	3499	1713
4095	3839	2048	4014	3499	1710
0	4095	2048	141	3733	1715
256	4095	2048	389	3730	1713
512	4095	2048	637	3730	1715
768	4095	2048	880	3730	1714
1024	4095	2048	1122	3730	1714
1280	4095	2048	1366	3730	1714
1536	4095	2048	1609	3730	1713
1792	4095	2048	1849	3731	1713
2048	4095	2048	2094	3731	1714
2303	4095	2048	2360	3730	1713
2559	4095	2048	2585	3731	1714
2815	4095	2048	2826	3731	1713
3071	4095	2048	3066	3732	1713
3327	4095	2048	3301	3731	1713
3583	4095	2048	3542	3731	1712
3839	4095	2048	3782	3731	1710
4095	4095	2048	4019	3730	1708
0	0	2303	95	0	1950
256	0	2303	342	0	1950
512	0	2303	590	0	1948
768	0	2303	834	0	1948
1024	0	2303	1076	1	1949
1280	0	2303	1318	1	1948
1536	0	2303	1563	1	1947
1792	0	2303	1803	1	1948
2048	0	2303	2042	1	1947
2303	0	2303	2311	1	1947
2559	0	2303	2540	2	1946
2815	0	2303	2779	2	1945
3071	0	2303	3019	2	1946
3327	0	2303	3254	2	1943
3583	0	2303	3494	2	1942
3839	0	2303	3736	3	1941
4095	0	2303	3972	3	1937
0	256	2303	98	232	1948
256	256	2303	345	232	1946
512	256	2303	594	232	1946
768	256	2303	837	232	1945
1024	256	2303	1079	232	1946
1280	256	2303	1321	232	1946
1536	256	2303	1565	232	1945
1792	256	2303	1804	233	1945
2048	256	2303	2043	233	1944
2303	256	2303	2312	233	1943
2559	256	2303	2542	233	1944
2815	256	2303	2779	233	1943
3071	256	2303	3019	233	1943
3327	256	2303	3255	233	1943
3583	256	2303	3494	233	1940
3839	256	2303	3736	232	1940
4095	256	2303	3974	231	1937
0	512	2303	102	480	1946
256	512	2303	351	480	1944
512	512	2303	599	480	1944
768	512	2303	842	480	1943
1024	512	2303	1084	481	1943
1280	512	2303	1325	481	1943
1536	512	2303	1570	481	1943
1792	512	2303	1808	481	1941
2048	512	2303	2049	481	1942
2303	512	2303	2319	481	1941
2559	512	2303	2546	482	1941
2815	512	2303	2784	481	1941
3071	512	2303	3024	481	1940
3327	512	2303	3260	481	1941
3583	512	2303	3498	481	1939
3839	512	2303	3741	480	1937
4095	512	2303	3977	478	1935
0	768	2303	106	719	1945
256	768	2303	355	719	1944
512	768	2303	603	720	1943
768	768	2303	847	720	1943
1024	768	2303	1088	720	1942
1280	768	2303	1329	720	1942
1536	768	2303	1574	720	1941
1792	768	2303	1812	719	1940
2048	768	2303	2053	720	1940
2303	768	2303	2322	720	1940
2559	768	2303	2549	721	1940
2815	768	2303	2788	720	1940
3071	768	2303	3027	720	1939
3327	768	2303	3263	720	1939
3583	768	2303	3503	720	1938
3839	768	2303	3744	719	1936
4095	768	2303	3980	717	1934
0	1024	2303	109	950	1942
256	1024	2303	358	951	1942
512	1024	2303	608	952	1942
768	1024	2303	850	952	1943
1024	1024	2303	1092	952	1941
1280	1024	2303	1334	952	1940
1536	1024	2303	1578	952	1940
1792	1024	2303	1818	953	1940
2048	1024	2303	2057	953	1939
2303	1024	2303	2326	952	1940
2559	1024	2303	2554	953	1939
2815	1024	2303	2792	953	1940
3071	1024	2303	3032	953	1939
3327	1024	2303	3267	953	1938
3583	1024	2303	3506	952	1937
3839	1024	2303	3747	951	1936
4095	1024	2303	3985	950	1933
0	1280	2303	113	1189	1941
256	1280	2303	363	1189	1941
512	1280	2303	611	1190	1941
768	1280	2303	854	1191	1941
1024	1280	2303	1097	1192	1942
1280	1280	2303	1338	1191	1940
1536	1280	2303	1583	1191	1941
1792	1280	2303	1822	1192	1940
2048	1280	2303	2061	1192	1940
2303	1280	2303	2332	1192	1940
2559	1280	2303	2558	1192	1939
2815	1280	2303	2796	1192	1938
3071	1280	2303	3036	1192	1938
3327	1280	2303	3271	1192	1938
3583	1280	2303	3510	1191	1937
3839	1280	2303	3752	1190	1935
4095	1280	2303	3989	1188	1932
0	1536	2303	117	1422	1940
256	1536	2303	366	1422	1939
512	1536	2303	614	1423	1940
768	1536	2303	858	1424	1940
1024	1536	2303	1100	1424	1940
1280	1536	2303	1342	1424	1939
1536	1536	2303	1586	1424	1939
1792	1536	2303	1825	1425	1939
2048	1536	2303	2066	1425	1939
2303	1536	2303	2336	1425	1938
2559	1536	2303	2560	1425	1938
2815	1536	2303	2801	1425	1937
3071	1536	2303	3039	1425	1937
3327	1536	2303	3274	1425	1936
3583	1536	2303	3514	1425	1935
3839	1536	2303	3755	1424	1934
4095	1536	2303	3992	1422	1931
0	1792	2303	120	1648	1939
256	1792	2303	369	1648	1938
512	1792	2303	618	1650	1939
768	1792	2303	860	1650	1938
1024	1792	2303	1103	1650	1938
1280	1792	2303	1345	1651	1938
1536	1792	2303	1589	1651	1938
1792	1792	2303	1829	1651	1938
2048	1792	2303	2069	1651	1937
2303	1792	2303	2339	1652	1937
2559	1792	2303	2564	1652	1937
2815	1792	2303	2803	1652	1936
3071	1792	2303	3042	1652	1935
3327	1792	2303	3278	1652	1936
3583	1792	2303	3517	1652	1934
3839	1792	2303	3758	1651	1934
4095	1792	2303	3995	1650	1931
0	2048	2303	123	1878	1938
256	2048	2303	373	1878	1937
512	2048	2303	621	1879	1937
768	2048	2303	864	1879	1938
1024	2048	2303	1107	1881	1938
1280	2048	2303	1349	1881	1938
1536	2048	2303	1594	1881	1938
1792	2048	2303	1833	1881	1937
2048	2048	2303	2071	1880	1937
2303	2048	2303	2343	1881	1936
2559	2048	2303	2567	1881	1935
2815	2048	2303	2806	1881	1935
3071	2048	2303	3045	1881	1934
3327	2048	2303	3281	1882	1935
3583	2048	2303	3520	1881	1933
3839	2048	2303	3762	1880	1932
4095	2048	2303	3998	1879	1930
0	2303	2303	128	2116	1937
256	2303	2303	377	2116	1937
512	2303	2303	626	2116	1936
768	2303	2303	868	2117	1938
1024	2303	2303	1111	2118	1937
1280	2303	2303	1354	2117	1936
1536	2303	2303	1598	2118	1937
1792	2303	2303	1837	2119	1936
2048	2303	2303	2077	2117	1936
2303	2303	2303	2347	2118	1935
2559	2303	2303	2570	2118	1934
2815	2303	2303	2811	2118	1934
3071	2303	2303	3049	2117	1933
3327	2303	2303	3284	2118	1933
3583	2303	2303	3525	2118	1932
3839	2303	2303	3766	2117	1931
4095	2303	2303	4002	2116	1928
0	2559	2303	131	2372	1936
256	2559	2303	383	2371	1936
512	2559	2303	630	2372	1936
768	2559	2303	873	2372	1936
1024	2559	2303	1116	2372	1936
1280	2559	2303	1358	2373	1935
1536	2559	2303	1603	2373	1935
1792	2559	2303	1842	2373	1934
2048	2559	2303	2083	2373	1935
2303	2559	2303	2352	2373	1934
2559	2559	2303	2576	2373	1934
2815	2559	2303	2815	2373	1933
3071	2559	2303	3055	2373	1932
3327	2559	2303	3290	2373	1931
3583	2559	2303	3530	2374	1931
3839	2559	2303	3771	2374	1930
4095	2559	2303	4009	2373	1927
0	2815	2303	135	2586	1936
256	2815	2303	384	2586	1935
512	2815	2303	632	2586	1935
768	2815	2303	875	2585	1934
1024	2815	2303	1117	2586	1935
1280	2815	2303	1359	2585	1934
1536	2815	2303	1603	2585	1933
1792	2815	2303	1843	2586	1933
2048	2815	2303	2086	2587	1933
2303	2815	2303	2354	2586	1933
2559	2815	2303	2578	2587	1933
2815	2815	2303	2817	2586	1931
3071	2815	2303	3057	2586	1931
3327	2815	2303	3291	2586	1931
3583	2815	2303	3531	2586	1929
3839	2815	2303	3774	2586	1929
4095	2815	2303	4010	2586	1927
0	3071	2303	138	2817	1935
256	3071	2303	387	2816	1933
512	3071	2303	636	2815	1934
768	3071	2303	879	2816	1933
1024	3071	2303	1121	2816	1934
1280	3071	2303	1364	2816	1933
1536	3071	2303	1607	2816	1931
1792	3071	2303	1846	2816	1932
2048	3071	2303	2088	2815	1932
2303	3071	2303	2357	2816	1931
2559	3071	2303	2580	2816	1931
2815	3071	2303	2821	2816	1931
3071	3071	2303	3061	2817	1931
3327	3071	2303	3294	2816	1929
3583	3071	2303	3536	2816	1928
3839	3071	2303	3777	2817	1928
4095	3071	2303	4013	2816	1926
0	3327	2303	141	3048	1934
256	3327	2303	392	3046	1932
512	3327	2303	639	3046	1933
768	3327	2303	882	3046	1932
1024	3327	2303	1125	3047	1933
1280	3327	2303	1368	3047	1932
1536	3327	2303	1610	3046	1931
1792	3327	2303	1851	3047	1931
2048	3327	2303	2093	3046	1930
2303	3327	2303	2361	3047	1930
2559	3327	2303	2584	3047	1930
2815	3327	2303	2824	3047	1930
3071	3327	2303	3064	3047	1929
3327	3327	2303	3299	3047	1929
3583	3327	2303	3540	3048	1928
3839	3327	2303	3781	3048	1926
4095	3327	2303	4018	3047	1925
0	3583	2303	146	3272	1933
256	3583	2303	396	3270	1930
512	3583	2303	643	3270	1931
768	3583	2303	887	3270	1931
1024	3583	2303	1129	3270	1931
1280	3583	2303	1372	3270	1931
1536	3583	2303	1616	3270	1930
1792	3583	2303	1855	3270	1929
2048	3583	2303	2098	3270	1929
2303	3583	2303	2365	3270	1928
2559	3583	2303	2588	3269	1927
2815	3583	2303	2829	3270	1928
3071	3583	2303	3069	3270	1927
3327	3583	2303	3303	3270	1927
3583	3583	2303	3544	3270	1927
3839	3583	2303	3786	3271	1926
4095	3583	2303	4022	3270	1924
0	3839	2303	148	3501	1930
256	3839	2303	398	3499	1929
512	3839	2303	646	3499	1929
768	3839	2303	889	3499	1929
1024	3839	2303	1131	3499	1929
1280	3839	2303	1375	3499	1928
1536	3839	2303	1618	3499	1928
1792	3839	2303	1856	3499	1927
2048	3839	2303	2102	3499	1926
2303	3839	2303	2367	3499	1926
2559	3839	2303	2592	3499	1926
2815	3839	2303	2833	3499	1926
3071	3839	2303	3072	3500	1926
3327	3839	2303	3306	3499	1925
3583	3839	2303	3548	3500	1925
3839	3839	2303	3789	3500	1924
4095	3839	2303	4026	3499	1921
0	4095	2303	151	3733	1928
256	4095	2303	400	3731	1927
512	4095	2303	647	3730	1926
768	4095	2303	890	3730	1926
1024	4095	2303	1133	3730	1926
1280	4095	2303	1376	3730	1926
1536	4095	2303	1619	3730	1926
1792	4095	2303	1859	3730	1925
2048	4095	2303	2104	3730	1925
2303	4095	2303	2369	3730	1924
2559	4095	2303	2595	3731	1925
2815	4095	2303	2835	3731	1924
3071	4095	2303	3076	3731	1924
3327	4095	2303	3311	3731	1923
3583	4095	2303	3551	3730	1923
3839	4095	2303	3793	3730	1921
4095	4095	2303	4029	3730	1919
0	0	2559	105	1	2178
256	0	2559	352	1	2176
512	0	2559	601	1	2175
768	0	2559	844	1	2175
1024	0	2559	1085	1	2175
1280	0	2559	1330	2	2175
1536	0	2559	1574	2	2175
1792	0	2559	1813	2	2174
2048	0	2559	2053	2	2174
2303	0	2559	2323	2	2173
2559	0	2559	2551	3	2172
2815	0	2559	2790	3	2173
3071	0	2559	3029	3	2172
3327	0	2559	3265	3	2169
3583	0	2559	3504	3	2169
3839	0	2559	3746	3	2166
4095	0	2559	3982	4	2163
0	256	2559	108	230	2173
256	256	2559	355	230	2172
512	256	2559	603	230	2171
768	256	2559	845	230	2170
1024	256	2559	1089	231	2171
1280	256	2559	1330	231	2171
1536	256	2559	1574	231	2171
1792	256	2559	1815	231	2171
2048	256	2559	2054	232	2170
2303	256	2559	2325	232	2170
2559	256	2559	2551	232	2169
2815	256	2559	2789	232	2168
3071	256	2559	3030	232	2169
3327	256	2559	3266	232	2169
3583	256	2559	3505	232	2168
3839	256	2559	3747	231	2166
4095	256	2559	3983	230	2163
0	512	2559	113	479	2171
256	512	2559	360	478	2169
512	512	2559	608	479	2169
768	512	2559	852	479	2168
1024	512	2559	1093	479	2169
1280	512	2559	1336	480	2169
1536	512	2559	1580	480	2168
1792	512	2559	1818	479	2167
2048	512	2559	2058	480	2167
2303	512	2559	2329	480	2167
2559	512	2559	2554	480	2166
2815	512	2559	2794	480	2165
3071	512	2559	3034	480	2165
3327	512	2559	3269	481	2166
3583	512	2559	3510	480	2165
3839	512	2559	3750	479	2163
4095	512	2559	3987	477	2161
0	768	2559	116	717	2170
256	768	2559	364	717	2168
512	768	2559	613	718	2169
768	768	2559	856	719	2168
1024	768	2559	1098	719	2168
1280	768	2559	1341	719	2168
1536	768	2559	1584	719	2166
1792	768	2559	1822	719	2166
2048	768	2559	2063	719	2166
2303	768	2559	2333	719	2165
2559	768	2559	2559	720	2165
2815	768	2559	2797	719	2163
3071	768	2559	3037	719	2163
3327	768	2559	3273	720	2164
3583	768	2559	3513	719	2162
3839	768	2559	3753	718	2162
4095	768	2559	3991	716	2159
0	1024	2559	119	951	2169
256	1024	2559	368	950	2166
512	1024	2559	617	952	2168
768	1024	2559	860	952	2168
1024	1024	2559	1103	953	2167
1280	1024	2559	1345	953	2168
1536	1024	2559	1587	952	2165
1792	1024	2559	1827	953	2165
2048	1024	2559	2066	952	2165
2303	1024	2559	2338	952	2164
2559	1024	2559	2562	953	2165
2815	1024	2559	2801	952	2163
3071	1024	2559	3042	953	2163
3327	1024	2559	3276	953	2163
3583	1024	2559	3516	952	2162
3839	1024	2559	3758	951	2160
4095	1024	2559	3995	949	2158
0	1280	2559	123	1189	2167
256	1280	2559	372	1189	2165
512	1280	2559	620	1190	2165
768	1280	2559	864	1191	2167
1024	1280	2559	1106	1192	2167
1280	1280	2559	1349	1192	2167
1536	1280	2559	1592	1191	2165
1792	1280	2559	1831	1191	2164
2048	1280	2559	2072	1191	2164
2303	1280	2559	2342	1192	2164
2559	1280	2559	2566	1192	2163
2815	1280	2559	2807	1192	2163
3071	1280	2559	3046	1192	2163
3327	1280	2559	3280	1192	2162
3583	1280	2559	3521	1191	2161
3839	1280	2559	3762	1190	2159
4095	1280	2559	3999	1188	2158
0	1536	2559	127	1422	2165
256	1536	2559	375	1422	2165
512	1536	2559	624	1423	2165
768	1536	2559	867	1424	2166
1024	1536	2559	1109	1424	2165
1280	1536	2559	1352	1424	2164
1536	1536	2559	1595	1424	2164
1792	1536	2559	1836	1424	2163
2048	1536	2559	2076	1425	2163
2303	1536	2559	2346	1425	2163
2559	1536	2559	2570	1425	2162
2815	1536	2559	2811	1425	2163
3071	1536	2559	3050	1425	2162
3327	1536	2559	3285	1425	2161
3583	1536	2559	3525	1425	2161
3839	1536	2559	3765	1424	2159
4095	1536	2559	4003	1422	2156
0	1792	2559	130	1649	2164
256	1792	2559	379	1649	2164
512	1792	2559	627	1649	2164
768	1792	2559	870	1650	2162
1024	1792	2559	1113	1650	2164
1280	1792	2559	1355	1651	2163
1536	1792	2559	1600	1651	2164
1792	1792	2559	1839	1651	2163
2048	1792	2559	2080	1652	2161
2303	1792	2559	2350	1651	2162
2559	1792	2559	2573	1651	2161
2815	1792	2559	2814	1652	2160
3071	1792	2559	3053	1652	2160
3327	1792	2559	3287	1652	2159
3583	1792	2559	3528	1651	2158
3839	1792	2559	3770	1651	2158
4095	1792	2559	4006	1650	2155
0	2048	2559	134	1878	2164
256	2048	2559	383	1878	2163
512	2048	2559	630	1878	2163
768	2048	2559	874	1878	2162
1024	2048	2559	1116	1880	2163
1280	2048	2559	1360	1880	2162
1536	2048	2559	1604	1881	2162
1792	2048	2559	1843	1881	2162
2048	2048	2559	2084	1880	2160
2303	2048	2559	2353	1881	2160
2559	2048	2559	2576	1881	2160
2815	2048	2559	2816	1880	2158
3071	2048	2559	3055	1880	2158
3327	2048	2559	3289	1880	2158
3583	2048	2559	3531	1880	2156
3839	2048	2559	3772	1879	2156
4095	2048	2559	4009	1878	2154
0	2303	2559	138	2116	2163
256	2303	2559	387	2116	2162
512	2303	2559	635	2116	2162
768	2303	2559	878	2116	2161
1024	2303	2559	1121	2117	2161
1280	2303	2559	1364	2117	2162
1536	2303	2559	1608	2118	2161
1792	2303	2559	1847	2118	2160
2048	2303	2559	2088	2116	2159
2303	2303	2559	2356	2117	2158
2559	2303	2559	2580	2117	2158
2815	2303	2559	2819	2116	2157
3071	2303	2559	3059	2116	2156
3327	2303	2559	3294	2117	2156
3583	2303	2559	3535	2116	2155
3839	2303	2559	3776	2116	2155
4095	2303	2559	4014	2115	2152
0	2559	2559	142	2373	2162
256	2559	2559	393	2373	2161
512	2559	2559	640	2373	2160
768	2559	2559	883	2372	2160
1024	2559	2559	1126	2373	2159
1280	2559	2559	1369	2374	2159
1536	2559	2559	1614	2374	2159
1792	2559	2559	1852	2374	2157
2048	2559	2559	2093	2373	2158
2303	2559	2559	2361	2373	2158
2559	2559	2559	2584	2373	2156
2815	2559	2559	2825	2374	2157
3071	2559	2559	3066	2374	2155
3327	2559	2559	3299	2373	2155
3583	2559	2559	3540	2373	2154
3839	2559	2559	3782	2373	2153
4095	2559	2559	4019	2372	2151
0	2815	2559	145	2587	2161
256	2815	2559	394	2587	2160
512	2815	2559	643	2587	2159
768	2815	2559	885	2586	2158
1024	2815	2559	1127	2586	2158
1280	2815	2559	1370	2586	2157
1536	2815	2559	1613	2587	2158
1792	2815	2559	1852	2586	2157
2048	2815	2559	2097	2587	2157
2303	2815	2559	2364	2587	2157
2559	2815	2559	2586	2587	2155
2815	2815	2559	2827	2587	2155
3071	2815	2559	3066	2586	2154
3327	2815	2559	3300	2587	2153
3583	2815	2559	3542	2586	2152
3839	2815	2559	3784	2587	2152
4095	2815	2559	4020	2587	2151
0	3071	2559	148	2817	2159
256	3071	2559	398	2816	2159
512	3071	2559	646	2815	2158
768	3071	2559	888	2815	2156
1024	3071	2559	1131	2816	2157
1280	3071	2559	1374	2816	2156
1536	3071	2559	1618	2816	2157
1792	3071	2559	1857	2816	2156
2048	3071	2559	2099	2815	2154
2303	3071	2559	2366	2815	2155
2559	3071	2559	2590	2816	2154
2815	3071	2559	2830	2815	2153
3071	3071	2559	3070	2815	2153
3327	3071	2559	3304	2815	2152
3583	3071	2559	3546	2816	2152
3839	3071	2559	3787	2816	2150
4095	3071	2559	4024	2816	2148
0	3327	2559	152	3048	2158
256	3327	2559	401	3046	2157
512	3327	2559	649	3047	2157
768	3327	2559	892	3047	2156
1024	3327	2559	1135	3047	2157
1280	3327	2559	1377	3047	2155
1536	3327	2559	1621	3046	2154
1792	3327	2559	1861	3047	2155
2048	3327	2559	2102	3045	2152
2303	3327	2559	2369	3045	2153
2559	3327	2559	2593	3046	2152
2815	3327	2559	2833	3046	2151
3071	3327	2559	3074	3046	2152
3327	3327	2559	3308	3047	2150
3583	3327	2559	3550	3047	2150
3839	3327	2559	3792	3047	2150
4095	3327	2559	4027	3046	2147
0	3583	2559	156	3272	2157
256	3583	2559	406	3270	2155
512	3583	2559	654	3270	2155
768	3583	2559	896	3270	2154
1024	3583	2559	1139	3270	2154
1280	3583	2559	1382	3270	2154
1536	3583	2559	1625	3270	2152
1792	3583	2559	1864	3270	2152
2048	3583	2559	2108	3269	2150
2303	3583	2559	2373	3269	2150
2559	3583	2559	2597	3269	2150
2815	3583	2559	2839	3270	2150
3071	3583	2559	3079	3270	2149
3327	3583	2559	3312	3270	2149
3583	3583	2559	3556	3271	2148
3839	3583	2559	3796	3270	2148
4095	3583	2559	4031	3269	2145
0	3839	2559	159	3502	2155
256	3839	2559	409	3500	2153
512	3839	2559	656	3500	2153
768	3839	2559	898	3500	2152
1024	3839	2559	1142	3500	2152
1280	3839	2559	1385	3500	2153
1536	3839	2559	1628	3500	2152
1792	3839	2559	1867	3500	2150
2048	3839	2559	2112	3499	2150
2303	3839	2559	2376	3499	2148
2559	3839	2559	2602	3499	2149
2815	3839	2559	2843	3500	2149
3071	3839	2559	3082	3500	2148
3327	3839	2559	3316	3500	2147
3583	3839	2559	3558	3499	2146
3839	3839	2559	3799	3499	2145
4095	3839	2559	4036	3499	2144
0	4095	2559	162	3735	2153
256	4095	2559	410	3732	2151
512	4095	2559	657	3732	2150
768	4095	2559	900	3732	2150
1024	4095	2559	1143	3732	2149
1280	4095	2559	1386	3732	2149
1536	4095	2559	1631	3732	2149
1792	4095	2559	1869	3732	2148
2048	4095	2559	2115	3732	2148
2303	4095	2559	2379	3732	2147
2559	4095	2559	2605	3732	2147
2815	4095	2559	2845	3732	2146
3071	4095	2559	3086	3732	2146
3327	4095	2559	3320	3732	2145
3583	4095	2559	3561	3731	2144
3839	4095	2559	3803	3731	2143
4095	4095	2559	4039	3731	2143
0	0	2815	115	2	2404
256	0	2815	362	2	2402
512	0	2815	611	2	2403
768	0	2815	854	2	2401
1024	0	2815	1095	2	2400
1280	0	2815	1338	2	2402
1536	0	2815	1582	3	2401
1792	0	2815	1823	3	2402
2048	0	2815	2063	3	2401
2303	0	2815	2333	3	2399
2559	0	2815	2559	3	2400
2815	0	2815	2800	4	2401
3071	0	2815	3040	4	2399
3327	0	2815	3275	4	2398
3583	0	2815	3515	4	2397
3839	0	2815	3758	4	2395
4095	0	2815	3993	4	2392
0	256	2815	119	230	2400
256	256	2815	365	230	2398
512	256	2815	613	230	2397
768	256	2815	856	230	2397
1024	256	2815	1098	231	2397
1280	256	2815	1340	231	2398
1536	256	2815	1586	231	2398
1792	256	2815	1825	231	2397
2048	256	2815	2065	232	2398
2303	256	2815	2337	232	2397
2559	256	2815	2562	232	2397
2815	256	2815	2802	232	2396
3071	256	2815	3040	232	2396
3327	256	2815	3276	232	2397
3583	256	2815	3517	232	2396
3839	256	2815	3758	232	2395
4095	256	2815	3993	230	2393
0	512	2815	122	477	2398
256	512	2815	370	477	2396
512	512	2815	619	478	2396
768	512	2815	861	478	2396
1024	512	2815	1103	478	2396
1280	512	2815	1347	479	2397
1536	512	2815	1591	479	2396
1792	512	2815	1829	479	2395
2048	512	2815	2071	479	2396
2303	512	2815	2340	479	2394
2559	512	2815	2565	480	2393
2815	512	2815	2804	481	2393
3071	512	2815	3043	480	2392
3327	512	2815	3279	481	2393
3583	512	2815	3520	480	2394
3839	512	2815	3760	479	2391
4095	512	2815	3997	477	2389
0	768	2815	126	716	2396
256	768	2815	374	716	2394
512	768	2815	622	717	2395
768	768	2815	865	718	2395
1024	768	2815	1109	719	2396
1280	768	2815	1352	719	2397
1536	768	2815	1595	719	2396
1792	768	2815	1834	719	2394
2048	768	2815	2075	719	2394
2303	768	2815	2346	719	2394
2559	768	2815	2568	719	2393
2815	768	2815	2808	719	2391
3071	768	2815	3048	719	2392
3327	768	2815	3283	719	2392
3583	768	2815	3523	719	2392
3839	768	2815	3765	717	2390
4095	768	2815	4001	715	2387
0	1024	2815	130	950	2395
256	1024	2815	378	950	2394
512	1024	2815	626	951	2394
768	1024	2815	870	952	2394
1024	1024	2815	1112	952	2396
1280	1024	2815	1356	953	2396
1536	1024	2815	1599	952	2393
1792	1024	2815	1837	952	2393
2048	1024	2815	2079	952	2393
2303	1024	2815	2349	953	2393
2559	1024	2815	2572	952	2392
2815	1024	2815	2813	952	2391
3071	1024	2815	3052	953	2392
3327	1024	2815	3286	952	2391
3583	1024	2815	3528	952	2390
3839	1024	2815	3768	950	2389
4095	1024	2815	4005	948	2386
0	1280	2815	133	1188	2393
256	1280	2815	381	1188	2391
512	1280	2815	630	1189	2392
768	1280	2815	873	1190	2393
1024	1280	2815	1115	1191	2393
1280	1280	2815	1359	1191	2393
1536	1280	2815	1602	1190	2392
1792	1280	2815	1840	1190	2391
2048	1280	2815	2083	1190	2391
2303	1280	2815	2352	1191	2390
2559	1280	2815	2576	1191	2391
2815	1280	2815	2815	1191	2390
3071	1280	2815	3056	1191	2390
3327	1280	2815	3291	1191	2390
3583	1280	2815	3531	1190	2388
3839	1280	2815	3772	1189	2389
4095	1280	2815	4009	1187	2386
0	1536	2815	137	1422	2393
256	1536	2815	386	1422	2392
512	1536	2815	633	1423	2393
768	1536	2815	876	1424	2392
1024	1536	2815	1119	1424	2392
1280	1536	2815	1362	1425	2393
1536	1536	2815	1605	1425	2392
1792	1536	2815	1844	1424	2390
2048	1536	2815	2087	1425	2390
2303	1536	2815	2356	1424	2390
2559	1536	2815	2579	1425	2391
2815	1536	2815	2819	1425	2390
3071	1536	2815	3060	1425	2389
3327	1536	2815	3294	1425	2389
3583	1536	2815	3534	1424	2388
3839	1536	2815	3777	1424	2387
4095	1536	2815	4013	1422	2386
0	1792	2815	141	1650	2392
256	1792	2815	389	1650	2392
512	1792	2815	637	1650	2391
768	1792	2815	880	1651	2392
1024	1792	2815	1123	1651	2391
1280	1792	2815	1365	1652	2391
1536	1792	2815	1610	1652	2392
1792	1792	2815	1848	1652	2391
2048	1792	2815	2092	1652	2390
2303	1792	2815	2359	1652	2389
2559	1792	2815	2582	1652	2389
2815	1792	2815	2823	1652	2389
3071	1792	2815	3063	1652	2388
3327	1792	2815	3296	1652	2387
3583	1792	2815	3539	1652	2388
3839	1792	2815	3780	1651	2387
4095	1792	2815	4016	1650	2386
0	2048	2815	144	1878	2391
256	2048	2815	392	1878	2391
512	2048	2815	641	1879	2390
768	2048	2815	884	1880	2391
1024	2048	2815	1126	1880	2390
1280	2048	2815	1370	1881	2390
1536	2048	2815	1614	1881	2391
1792	2048	2815	1854	1881	2389
2048	2048	2815	2096	1881	2388
2303	2048	2815	2362	1881	2389
2559	2048	2815	2586	1881	2388
2815	2048	2815	2826	1881	2388
3071	2048	2815	3066	1881	2388
3327	2048	2815	3300	1880	2386
3583	2048	2815	3542	1880	2386
3839	2048	2815	3783	1880	2385
4095	2048	2815	4020	1879	2384
0	2303	2815	148	2116	2390
256	2303	2815	397	2115	2390
512	2303	2815	645	2115	2389
768	2303	2815	887	2116	2388
1024	2303	2815	1131	2117	2389
1280	2303	2815	1374	2117	2389
1536	2303	2815	1619	2118	2388
1792	2303	2815	1856	2117	2388
2048	2303	2815	2099	2117	2386
2303	2303	2815	2366	2117	2386
2559	2303	2815	2589	2117	2385
2815	2303	2815	2829	2116	2386
3071	2303	2815	3070	2117	2386
3327	2303	2815	3304	2117	2384
3583	2303	2815	3545	2116	2383
3839	2303	2815	3786	2116	2383
4095	2303	2815	4023	2116	2381
0	2559	2815	153	2373	2388
256	2559	2815	402	2372	2387
512	2559	2815	650	2372	2387
768	2559	2815	893	2372	2387
1024	2559	2815	1135	2373	2387
1280	2559	2815	1379	2374	2387
1536	2559	2815	1623	2374	2386
1792	2559	2815	1861	2373	2386
2048	2559	2815	2105	2372	2386
2303	2559	2815	2370	2373	2386
2559	2559	2815	2593	2373	2385
2815	2559	2815	2835	2374	2386
3071	2559	2815	3075	2373	2385
3327	2559	2815	3308	2372	2384
3583	2559	2815	3550	2372	2384
3839	2559	2815	3791	2372	2383
4095	2559	2815	4028	2372	2382
0	2815	2815	155	2586	2388
256	2815	2815	403	2585	2386
512	2815	2815	652	2585	2387
768	2815	2815	894	2586	2386
1024	2815	2815	1136	2585	2385
1280	2815	2815	1379	2586	2385
1536	2815	2815	1623	2586	2385
1792	2815	2815	1862	2586	2384
2048	2815	2815	2107	2587	2385
2303	2815	2815	2372	2587	2385
2559	2815	2815	2596	2586	2384
2815	2815	2815	2837	2588	2385
3071	2815	2815	3077	2587	2384
3327	2815	2815	3311	2587	2383
3583	2815	2815	3553	2587	2383
3839	2815	2815	3793	2587	2382
4095	2815	2815	4031	2588	2382
0	3071	2815	158	2817	2387
256	3071	2815	408	2815	2385
512	3071	2815	655	2815	2384
768	3071	2815	898	2816	2385
1024	3071	2815	1141	2816	2385
1280	3071	2815	1383	2816	2385
1536	3071	2815	1628	2817	2385
1792	3071	2815	1867	2817	2384
2048	3071	2815	2110	2815	2383
2303	3071	2815	2375	2815	2383
2559	3071	2815	2600	2816	2383
2815	3071	2815	2839	2816	2383
3071	3071	2815	3081	2817	2382
3327	3071	2815	3314	2817	2383
3583	3071	2815	3557	2818	2383
3839	3071	2815	3798	2818	2382
4095	3071	2815	4033	2816	2380
0	3327	2815	162	3049	2387
256	3327	2815	411	3047	2385
512	3327	2815	659	3047	2384
768	3327	2815	901	3047	2385
1024	3327	2815	1143	3047	2384
1280	3327	2815	1387	3047	2383
1536	3327	2815	1631	3047	2384
1792	3327	2815	1869	3047	2383
2048	3327	2815	2114	3046	2382
2303	3327	2815	2378	3046	2381
2559	3327	2815	2603	3047	2382
2815	3327	2815	2844	3047	2382
3071	3327	2815	3084	3048	2382
3327	3327	2815	3318	3048	2382
3583	3327	2815	3561	3048	2381
3839	3327	2815	3801	3048	2380
4095	3327	2815	4036	3046	2377
0	3583	2815	166	3272	2384
256	3583	2815	416	3270	2384
512	3583	2815	663	3270	2383
768	3583	2815	906	3270	2383
1024	3583	2815	1149	3271	2383
1280	3583	2815	1392	3270	2382
1536	3583	2815	1635	3270	2382
1792	3583	2815	1874	3270	2381
2048	3583	2815	2119	3269	2379
2303	3583	2815	2383	3270	2381
2559	3583	2815	2608	3270	2380
2815	3583	2815	2850	3271	2381
3071	3583	2815	3089	3271	2381
3327	3583	2815	3323	3270	2378
3583	3583	2815	3565	3271	2379
3839	3583	2815	3806	3271	2378
4095	3583	2815	4042	3270	2376
0	3839	2815	169	3502	2384
256	3839	2815	419	3500	2384
512	3839	2815	666	3500	2383
768	3839	2815	909	3501	2382
1024	3839	2815	1152	3501	2383
1280	3839	2815	1395	3501	2382
1536	3839	2815	1639	3501	2382
1792	3839	2815	1877	3500	2381
2048	3839	2815	2123	3500	2380
2303	3839	2815	2387	3500	2380
2559	3839	2815	2611	3499	2379
2815	3839	2815	2852	3500	2378
3071	3839	2815	3094	3501	2380
3327	3839	2815	3325	3499	2376
3583	3839	2815	3568	3500	2377
3839	3839	2815	3811	3501	2379
4095	3839	2815	4046	3500	2377
0	4095	2815	172	3735	2382
256	4095	2815	420	3733	2381
512	4095	2815	668	3733	2381
768	4095	2815	910	3733	2379
1024	4095	2815	1153	3733	2380
1280	4095	2815	1398	3733	2381
1536	4095	2815	1641	3733	2380
1792	4095	2815	1879	3733	2379
2048	4095	2815	2127	3732	2378
2303	4095	2815	2388	3732	2377
2559	4095	2815	2614	3731	2377
2815	4095	2815	2855	3732	2377
3071	4095	2815	3096	3733	2377
3327	4095	2815	3328	3732	2377
3583	4095	2815	3572	3732	2376
3839	4095	2815	3813	3732	2374
4095	4095	2815	4049	3731	2373
0	0	3071	126	1	2605
256	0	3071	373	1	2604
512	0	3071	621	1	2604
768	0	3071	865	1	2603
1024	0	3071	1107	1	2604
1280	0	3071	1349	2	2603
1536	0	3071	1594	2	2602
1792	0	3071	1834	2	2602
2048	0	3071	2074	2	2601
2303	0	3071	2346	2	2602
2559	0	3071	2568	3	2600
2815	0	3071	2810	3	2600
3071	0	3071	3051	3	2601
3327	0	3071	3285	3	2599
3583	0	3071	3527	3	2597
3839	0	3071	3768	3	2597
4095	0	3071	4004	4	2594
0	256	3071	129	227	2600
256	256	3071	375	227	2597
512	256	3071	624	227	2597
768	256	3071	866	227	2597
1024	256	3071	1108	227	2598
1280	256	3071	1352	228	2598
1536	256	3071	1596	228	2598
1792	256	3071	1835	229	2598
2048	256	3071	2077	229	2597
2303	256	3071	2348	229	2597
2559	256	3071	2571	229	2598
2815	256	3071	2812	229	2596
3071	256	3071	3051	229	2597
3327	256	3071	3287	229	2597
3583	256	3071	3528	229	2596
3839	256	3071	3769	228	2595
4095	256	3071	4006	227	2594
0	512	3071	133	476	2599
256	512	3071	381	475	2596
512	512	3071	629	476	2598
768	512	3071	872	477	2597
1024	512	3071	1115	477	2596
1280	512	3071	1357	477	2597
1536	512	3071	1601	477	2596
1792	512	3071	1841	477	2595
2048	512	3071	2082	478	2595
2303	512	3071	2352	478	2595
2559	512	3071	2575	478	2594
2815	512	3071	2815	478	2594
3071	512	3071	3056	478	2594
3327	512	3071	3291	478	2594
3583	512	3071	3531	478	2594
3839	512	3071	3772	476	2591
4095	512	3071	4008	474	2590
0	768	3071	137	716	2599
256	768	3071	385	716	2597
512	768	3071	633	716	2596
768	768	3071	877	717	2596
1024	768	3071	1119	717	2596
1280	768	3071	1363	718	2598
1536	768	3071	1607	718	2597
1792	768	3071	1845	717	2595
2048	768	3071	2088	718	2596
2303	768	3071	2357	718	2595
2559	768	3071	2579	718	2593
2815	768	3071	2820	718	2594
3071	768	3071	3059	718	2591
3327	768	3071	3294	718	2594
3583	768	3071	3537	718	2595
3839	768	3071	3777	717	2593
4095	768	3071	4013	714	2590
0	1024	3071	140	949	2597
256	1024	3071	389	949	2596
512	1024	3071	638	950	2596
768	1024	3071	880	949	2596
1024	1024	3071	1122	950	2595
1280	1024	3071	1367	951	2595
1536	1024	3071	1611	951	2595
1792	1024	3071	1848	950	2593
2048	1024	3071	2093	950	2593
2303	1024	3071	2361	951	2595
2559	1024	3071	2583	951	2592
2815	1024	3071	2824	951	2594
3071	1024	3071	3064	952	2594
3327	1024	3071	3298	951	2590
3583	1024	3071	3540	951	2591
3839	1024	3071	3780	949	2588
4095	1024	3071	4017	947	2586
0	1280	3071	144	1187	2595
256	1280	3071	393	1187	2594
512	1280	3071	641	1188	2593
768	1280	3071	883	1188	2593
1024	1280	3071	1126	1188	2593
1280	1280	3071	1369	1188	2592
1536	1280	3071	1613	1188	2592
1792	1280	3071	1852	1188	2591
2048	1280	3071	2096	1189	2592
2303	1280	3071	2364	1190	2591
2559	1280	3071	2587	1189	2590
2815	1280	3071	2827	1189	2588
3071	1280	3071	3068	1190	2590
3327	1280	3071	3301	1189	2590
3583	1280	3071	3542	1188	2590
3839	1280	3071	3784	1187	2588
4095	1280	3071	4020	1185	2586
0	1536	3071	148	1420	2593
256	1536	3071	396	1420	2592
512	1536	3071	644	1421	2592
768	1536	3071	888	1422	2592
1024	1536	3071	1129	1422	2592
1280	1536	3071	1371	1422	2592
1536	1536	3071	1616	1422	2590
1792	1536	3071	1855	1422	2591
2048	1536	3071	2100	1423	2589
2303	1536	3071	2366	1423	2590
2559	1536	3071	2589	1424	2590
2815	1536	3071	2830	1423	2590
3071	1536	3071	3070	1424	2589
3327	1536	3071	3305	1425	2590
3583	1536	3071	3547	1423	2589
3839	1536	3071	3787	1423	2589
4095	1536	3071	4023	1421	2586
0	1792	3071	151	1648	2593
256	1792	3071	399	1648	2592
512	1792	3071	648	1649	2593
768	1792	3071	891	1649	2592
1024	1792	3071	1133	1650	2591
1280	1792	3071	1376	1649	2591
1536	1792	3071	1619	1649	2590
1792	1792	3071	1859	1649	2590
2048	1792	3071	2104	1650	2590
2303	1792	3071	2369	1651	2589
2559	1792	3071	2594	1651	2590
2815	1792	3071	2835	1652	2589
3071	1792	3071	3074	1651	2588
3327	1792	3071	3309	1652	2589
3583	1792	3071	3550	1651	2589
3839	1792	3071	3791	1651	2588
4095	1792	3071	4027	1648	2584
0	2048	3071	154	1879	2593
256	2048	3071	404	1879	2591
512	2048	3071	652	1879	2591
768	2048	3071	895	1879	2591
1024	2048	3071	1138	1879	2590
1280	2048	3071	1380	1880	2589
1536	2048	3071	1623	1879	2587
1792	2048	3071	1863	1879	2587
2048	2048	3071	2108	1880	2587
2303	2048	3071	2373	1880	2586
2559	2048	3071	2597	1881	2587
2815	2048	3071	2837	1880	2586
3071	2048	3071	3078	1880	2587
3327	2048	3071	3312	1880	2585
3583	2048	3071	3553	1880	2585
3839	2048	3071	3795	1880	2585
4095	2048	3071	4030	1877	2584
0	2303	3071	159	2116	2591
256	2303	3071	408	2115	2589
512	2303	3071	655	2115	2588
768	2303	3071	899	2116	2589
1024	2303	3071	1141	2116	2590
1280	2303	3071	1384	2115	2589
1536	2303	3071	1627	2115	2589
1792	2303	3071	1866	2115	2587
2048	2303	3071	2111	2114	2587
2303	2303	3071	2375	2115	2587
2559	2303	3071	2600	2116	2584
2815	2303	3071	2841	2116	2587
3071	2303	3071	3082	2117	2586
3327	2303	3071	3313	2114	2584
3583	2303	3071	3556	2116	2584
3839	2303	3071	3797	2116	2583
4095	2303	3071	4033	2115	2582
0	2559	3071	163	2372	2587
256	2559	3071	413	2371	2586
512	2559	3071	661	2371	2585
768	2559	3071	904	2372	2586
1024	2559	3071	1147	2373	2585
1280	2559	3071	1391	2373	2584
1536	2559	3071	1634	2373	2586
1792	2559	3071	1873	2372	2584
2048	2559	3071	2118	2372	2585
2303	2559	3071	2381	2373	2585
2559	2559	3071	2605	2372	2584
2815	2559	3071	2847	2375	2585
3071	2559	3071	3087	2374	2584
3327	2559	3071	3320	2373	2581
3583	2559	3071	3562	2373	2583
3839	2559	3071	3802	2373	2583
4095	2559	3071	4039	2372	2581
0	2815	3071	165	2584	2586
256	2815	3071	415	2583	2585
512	2815	3071	662	2583	2584
768	2815	3071	904	2584	2584
1024	2815	3071	1147	2584	2584
1280	2815	3071	1390	2584	2583
1536	2815	3071	1635	2585	2584
1792	2815	3071	1873	2584	2584
2048	2815	3071	2120	2585	2584
2303	2815	3071	2383	2585	2584
2559	2815	3071	2607	2585	2583
2815	2815	3071	2847	2586	2583
3071	2815	3071	3088	2586	2583
3327	2815	3071	3320	2584	2580
3583	2815	3071	3562	2585	2581
3839	2815	3071	3805	2586	2582
4095	2815	3071	4040	2586	2580
0	3071	3071	169	2815	2587
256	3071	3071	418	2815	2584
512	3071	3071	666	2815	2585
768	3071	3071	909	2815	2584
1024	3071	3071	1151	2815	2584
1280	3071	3071	1396	2815	2585
1536	3071	3071	1639	2816	2584
1792	3071	3071	1877	2815	2584
2048	3071	3071	2125	2815	2584
2303	3071	3071	2386	2815	2582
2559	3071	3071	2611	2815	2583
2815	3071	3071	2853	2816	2583
3071	3071	3071	3091	2815	2582
3327	3071	3071	3324	2815	2580
3583	3071	3071	3567	2815	2580
3839	3071	3071	3808	2816	2582
4095	3071	3071	4043	2815	2580
0	3327	3071	172	3047	2586
256	3327	3071	422	3046	2586
512	3327	3071	670	3047	2586
768	3327	3071	913	3046	2585
1024	3327	3071	1156	3046	2583
1280	3327	3071	1399	3045	2583
1536	3327	3071	1643	3046	2583
1792	3327	3071	1882	3047	2583
2048	3327	3071	2128	3046	2582
2303	3327	3071	2388	3044	2579
2559	3327	3071	2614	3045	2580
2815	3327	3071	2855	3045	2580
3071	3327	3071	3094	3046	2579
3327	3327	3071	3327	3046	2580
3583	3327	3071	3571	3046	2578
3839	3327	3071	3811	3046	2578
4095	3327	3071	4047	3045	2579
0	3583	3071	176	3272	2585
256	3583	3071	427	3271	2584
512	3583	3071	675	3270	2583
768	3583	3071	918	3270	2582
1024	3583	3071	1160	3270	2582
1280	3583	3071	1403	3270	2582
1536	3583	3071	1648	3270	2582
1792	3583	3071	1886	3271	2581
2048	3583	3071	2133	3270	2580
2303	3583	3071	2394	3269	2580
2559	3583	3071	2620	3270	2579
2815	3583	3071	2860	3270	2579
3071	3583	3071	3101	3270	2578
3327	3583	3071	3332	3269	2578
3583	3583	3071	3576	3270	2578
3839	3583	3071	3818	3271	2578
4095	3583	3071	4052	3269	2577
0	3839	3071	180	3501	2582
256	3839	3071	429	3500	2582
512	3839	3071	678	3500	2582
768	3839	3071	920	3500	2582
1024	3839	3071	1162	3499	2580
1280	3839	3071	1406	3499	2580
1536	3839	3071	1649	3500	2580
1792	3839	3071	1888	3499	2579
2048	3839	3071	2137	3499	2578
2303	3839	3071	2397	3500	2579
2559	3839	3071	2623	3499	2578
2815	3839	3071	2864	3499	2578
3071	3839	3071	3104	3500	2577
3327	3839	3071	3335	3499	2576
3583	3839	3071	3580	3499	2576
3839	3839	3071	3821	3499	2577
4095	3839	3071	4056	3499	2576
0	4095	3071	182	3732	2578
256	4095	3071	432	3731	2579
512	4095	3071	679	3731	2578
768	4095	3071	921	3731	2578
1024	4095	3071	1164	3731	2579
1280	4095	3071	1408	3731	2579
1536	4095	3071	1651	3731	2579
1792	4095	3071	1890	3731	2577
2048	4095	3071	2140	3731	2578
2303	4095	3071	2400	3731	2578
2559	4095	3071	2627	3731	2577
2815	4095	3071	2867	3731	2577
3071	4095	3071	3107	3731	2577
3327	4095	3071	3339	3731	2575
3583	4095	3071	3583	3731	2575
3839	4095	3071	3824	3730	2575
4095	4095	3071	4060	3730	2574
0	0	3327	136	1	2817
256	0	3327	383	1	2818
512	0	3327	632	1	2817
768	0	3327	875	2	2817
1024	0	3327	1117	2	2817
1280	0	3327	1361	2	2816
1536	0	3327	1604	2	2817
1792	0	3327	1845	2	2816
2048	0	3327	2088	2	2815
2303	0	3327	2355	3	2815
2559	0	3327	2579	3	2815
2815	0	3327	2819	3	2814
3071	0	3327	3060	3	2814
3327	0	3327	3295	3	2813
3583	0	3327	3537	3	2813
3839	0	3327	3778	4	2810
4095	0	3327	4013	4	2808
0	256	3327	139	225	2817
256	256	3327	386	225	2815
512	256	3327	634	225	2816
768	256	3327	877	226	2816
1024	256	3327	1120	226	2815
1280	256	3327	1362	226	2815
1536	256	3327	1605	226	2815
1792	256	3327	1846	227	2815
2048	256	3327	2089	227	2814
2303	256	3327	2357	227	2814
2559	256	3327	2580	227	2813
2815	256	3327	2820	227	2812
3071	256	3327	3060	227	2812
3327	256	3327	3296	227	2812
3583	256	3327	3537	227	2812
3839	256	3327	3779	226	2810
4095	256	3327	4014	225	2808
0	512	3327	144	474	2815
256	512	3327	391	474	2810
512	512	3327	639	474	2810
768	512	3327	883	475	2810
1024	512	3327	1125	475	2810
1280	512	3327	1367	475	2809
1536	512	3327	1611	475	2808
1792	512	3327	1850	476	2809
2048	512	3327	2094	476	2808
2303	512	3327	2363	477	2809
2559	512	3327	2584	476	2807
2815	512	3327	2825	476	2806
3071	512	3327	3066	476	2807
3327	512	3327	3300	477	2807
3583	512	3327	3542	476	2807
3839	512	3327	3783	475	2806
4095	512	3327	4018	472	2805
0	768	3327	147	714	2812
256	768	3327	395	714	2809
512	768	3327	644	714	2809
768	768	3327	886	715	2809
1024	768	3327	1129	715	2809
1280	768	3327	1373	716	2808
1536	768	3327	1616	716	2808
1792	768	3327	1854	716	2808
2048	768	3327	2098	715	2808
2303	768	3327	2365	716	2807
2559	768	3327	2587	716	2806
2815	768	3327	2829	716	2805
3071	768	3327	3069	716	2806
3327	768	3327	3304	717	2806
3583	768	3327	3545	716	2806
3839	768	3327	3785	714	2805
4095	768	3327	4022	712	2803
0	1024	3327	150	947	2810
256	1024	3327	399	948	2808
512	1024	3327	647	948	2808
768	1024	3327	890	949	2808
1024	1024	3327	1133	948	2807
1280	1024	3327	1376	949	2808
1536	1024	3327	1620	950	2807
1792	1024	3327	1859	949	2805
2048	1024	3327	2102	949	2805
2303	1024	3327	2368	949	2805
2559	1024	3327	2592	949	2805
2815	1024	3327	2832	949	2804
3071	1024	3327	3073	950	2803
3327	1024	3327	3307	950	2804
3583	1024	3327	3549	949	2803
3839	1024	3327	3790	948	2802
4095	1024	3327	4025	945	2801
0	1280	3327	155	1186	2809
256	1280	3327	403	1186	2807
512	1280	3327	651	1187	2806
768	1280	3327	894	1187	2807
1024	1280	3327	1136	1187	2806
1280	1280	3327	1379	1188	2806
1536	1280	3327	1624	1188	2806
1792	1280	3327	1863	1188	2805
2048	1280	3327	2107	1189	2805
2303	1280	3327	2372	1188	2804
2559	1280	3327	2596	1189	2803
2815	1280	3327	2837	1188	2804
3071	1280	3327	3077	1189	2803
3327	1280	3327	3311	1190	2804
3583	1280	3327	3554	1189	2803
3839	1280	3327	3795	1188	2802
4095	1280	3327	4029	1186	2801
0	1536	3327	158	1420	2806
256	1536	3327	406	1419	2804
512	1536	3327	655	1420	2804
768	1536	3327	898	1422	2805
1024	1536	3327	1140	1422	2805
1280	1536	3327	1383	1421	2804
1536	1536	3327	1627	1422	2805
1792	1536	3327	1867	1423	2804
2048	1536	3327	2112	1423	2803
2303	1536	3327	2376	1423	2804
2559	1536	3327	2601	1423	2803
2815	1536	3327	2841	1423	2804
3071	1536	3327	3081	1424	2803
3327	1536	3327	3316	1424	2803
3583	1536	3327	3558	1424	2803
3839	1536	3327	3798	1424	2803
4095	1536	3327	4034	1422	2801
0	1792	3327	161	1648	2807
256	1792	3327	410	1647	2805
512	1792	3327	658	1648	2805
768	1792	3327	901	1649	2805
1024	1792	3327	1144	1649	2805
1280	1792	3327	1386	1648	2803
1536	1792	3327	1630	1649	2805
1792	1792	3327	1871	1650	2804
2048	1792	3327	2116	1650	2804
2303	1792	3327	2381	1651	2803
2559	1792	3327	2604	1650	2803
2815	1792	3327	2845	1651	2803
3071	1792	3327	3085	1651	2803
3327	1792	3327	3319	1651	2802
3583	1792	3327	3560	1650	2802
3839	1792	3327	3801	1649	2801
4095	1792	3327	4036	1648	2799
0	2048	3327	165	1877	2804
256	2048	3327	414	1877	2804
512	2048	3327	662	1878	2805
768	2048	3327	905	1878	2803
1024	2048	3327	1147	1878	2803
1280	2048	3327	1390	1879	2803
1536	2048	3327	1635	1879	2802
1792	2048	3327	1873	1879	2803
2048	2048	3327	2120	1879	2802
2303	2048	3327	2383	1879	2801
2559	2048	3327	2607	1879	2801
2815	2048	3327	2848	1879	2800
3071	2048	3327	3088	1879	2800
3327	2048	3327	3321	1879	2800
3583	2048	3327	3564	1878	2799
3839	2048	3327	3804	1878	2798
4095	2048	3327	4039	1877	2797
0	2303	3327	169	2114	2804
256	2303	3327	418	2114	2802
512	2303	3327	666	2114	2802
768	2303	3327	909	2114	2802
1024	2303	3327	1151	2115	2802
1280	2303	3327	1396	2115	2802
1536	2303	3327	1639	2115	2801
1792	2303	3327	1877	2115	2801
2048	2303	3327	2124	2115	2800
2303	2303	3327	2386	2115	2801
2559	2303	3327	2613	2117	2801
2815	2303	3327	2853	2117	2799
3071	2303	3327	3091	2115	2798
3327	2303	3327	3325	2114	2798
3583	2303	3327	3568	2116	2799
3839	2303	3327	3808	2115	2798
4095	2303	3327	4045	2114	2796
0	2559	3327	173	2371	2801
256	2559	3327	424	2371	2801
512	2559	3327	671	2372	2800
768	2559	3327	913	2371	2799
1024	2559	3327	1157	2371	2801
1280	2559	3327	1400	2372	2799
1536	2559	3327	1642	2372	2799
1792	2559	3327	1882	2372	2797
2048	2559	3327	2128	2371	2798
2303	2559	3327	2391	2372	2797
2559	2559	3327	2616	2372	2797
2815	2559	3327	2856	2373	2798
3071	2559	3327	3098	2373	2797
3327	2559	3327	3329	2373	2797
3583	2559	3327	3571	2371	2794
3839	2559	3327	3813	2372	2795
4095	2559	3327	4049	2371	2794
0	2815	3327	176	2585	2804
256	2815	3327	425	2584	2799
512	2815	3327	672	2585	2800
768	2815	3327	916	2586	2799
1024	2815	3327	1158	2586	2797
1280	2815	3327	1401	2586	2799
1536	2815	3327	1646	2586	2798
1792	2815	3327	1885	2587	2797
2048	2815	3327	2134	2587	2796
2303	2815	3327	2394	2587	2796
2559	2815	3327	2618	2586	2795
2815	2815	3327	2858	2586	2796
3071	2815	3327	3099	2586	2796
3327	2815	3327	3330	2586	2795
3583	2815	3327	3574	2586	2795
3839	2815	3327	3816	2587	2792
4095	2815	3327	4051	2585	2793
0	3071	3327	179	2815	2800
256	3071	3327	428	2815	2798
512	3071	3327	677	2815	2796
768	3071	3327	919	2815	2797
1024	3071	3327	1161	2815	2798
1280	3071	3327	1406	2815	2797
1536	3071	3327	1649	2815	2798
1792	3071	3327	1889	2815	2797
2048	3071	3327	2136	2815	2796
2303	3071	3327	2396	2815	2797
2559	3071	3327	2623	2815	2795
2815	3071	3327	2862	2815	2794
3071	3071	3327	3101	2815	2795
3327	3071	3327	3334	2815	2794
3583	3071	3327	3577	2815	2793
3839	3071	3327	3817	2815	2793
4095	3071	3327	4054	2815	2792
0	3327	3327	183	3046	2800
256	3327	3327	433	3045	2797
512	3327	3327	680	3045	2796
768	3327	3327	923	3045	2796
1024	3327	3327	1166	3045	2795
1280	3327	3327	1409	3045	2796
1536	3327	3327	1653	3045	2795
1792	3327	3327	1892	3046	2796
2048	3327	3327	2140	3046	2795
2303	3327	3327	2400	3046	2795
2559	3327	3327	2626	3046	2795
2815	3327	3327	2866	3046	2793
3071	3327	3327	3107	3047	2793
3327	3327	3327	3339	3046	2792
3583	3327	3327	3582	3046	2791
3839	3327	3327	3823	3046	2790
4095	3327	3327	4057	3045	2790
0	3583	3327	187	3270	2797
256	3583	3327	437	3270	2796
512	3583	3327	685	3270	2796
768	3583	3327	928	3270	2795
1024	3583	3327	1170	3269	2795
1280	3583	3327	1414	3269	2794
1536	3583	3327	1657	3269	2793
1792	3583	3327	1895	3269	2794
2048	3583	3327	2145	3269	2794
2303	3583	3327	2404	3270	2793
2559	3583	3327	2630	3270	2793
2815	3583	3327	2872	3270	2793
3071	3583	3327	3111	3270	2793
3327	3583	3327	3343	3270	2793
3583	3583	3327	3587	3270	2792
3839	3583	3327	3827	3270	2792
4095	3583	3327	4063	3269	2790
0	3839	3327	190	3500	2795
256	3839	3327	439	3499	2794
512	3839	3327	688	3499	2795
768	3839	3327	930	3499	2794
1024	3839	3327	1173	3499	2793
1280	3839	3327	1417	3499	2793
1536	3839	3327	1660	3499	2792
1792	3839	3327	1899	3498	2791
2048	3839	3327	2147	3498	2791
2303	3839	3327	2406	3498	2791
2559	3839	3327	2634	3498	2791
2815	3839	3327	2874	3499	2791
3071	3839	3327	3114	3499	2790
3327	3839	3327	3346	3498	2790
3583	3839	3327	3590	3498	2789
3839	3839	3327	3830	3498	2788
4095	3839	3327	4066	3498	2788
0	4095	3327	192	3733	2795
256	4095	3327	442	3731	2792
512	4095	3327	689	3732	2793
768	4095	3327	932	3732	2793
1024	4095	3327	1175	3732	2792
1280	4095	3327	1419	3732	2793
1536	4095	3327	1663	3731	2792
1792	4095	3327	1900	3731	2790
2048	4095	3327	2150	3730	2790
2303	4095	3327	2409	3730	2789
2559	4095	3327	2636	3730	2788
2815	4095	3327	2877	3731	2789
3071	4095	3327	3118	3731	2789
3327	4095	3327	3350	3731	2789
3583	4095	3327	3593	3730	2788
3839	4095	3327	3835	3730	2787
4095	4095	3327	4069	3729	2787
0	0	3583	146	1	3031
256	0	3583	393	1	3029
512	0	3583	641	2	3030
768	0	3583	883	2	3029
1024	0	3583	1127	2	3029
1280	0	3583	1370	2	3030
1536	0	3583	1615	2	3029
1792	0	3583	1854	3	3029
2048	0	3583	2098	3	3029
2303	0	3583	2365	3	3028
2559	0	3583	2589	3	3028
2815	0	3583	2829	3	3027
3071	0	3583	3070	3	3026
3327	0	3583	3306	4	3027
3583	0	3583	3547	4	3025
3839	0	3583	3788	4	3025
4095	0	3583	4023	4	3022
0	256	3583	149	224	3031
256	256	3583	396	224	3027
512	256	3583	644	224	3026
768	256	3583	887	225	3027
1024	256	3583	1129	225	3026
1280	256	3583	1371	225	3027
1536	256	3583	1615	225	3027
1792	256	3583	1855	225	3026
2048	256	3583	2100	226	3026
2303	256	3583	2367	226	3026
2559	256	3583	2589	226	3024
2815	256	3583	2830	226	3024
3071	256	3583	3070	226	3023
3327	256	3583	3305	226	3024
3583	256	3583	3547	226	3024
3839	256	3583	3789	225	3022
4095	256	3583	4024	224	3021
0	512	3583	153	472	3025
256	512	3583	400	472	3022
512	512	3583	649	472	3022
768	512	3583	891	472	3022
1024	512	3583	1134	473	3021
1280	512	3583	1377	473	3020
1536	512	3583	1620	474	3020
1792	512	3583	1859	474	3020
2048	512	3583	2105	474	3021
2303	512	3583	2370	475	3020
2559	512	3583	2594	475	3018
2815	512	3583	2835	475	3019
3071	512	3583	3075	475	3018
3327	512	3583	3309	475	3018
3583	512	3583	3552	475	3019
3839	512	3583	3792	474	3018
4095	512	3583	4028	472	3018
0	768	3583	157	712	3023
256	768	3583	405	712	3021
512	768	3583	653	712	3020
768	768	3583	896	713	3019
1024	768	3583	1139	713	3020
1280	768	3583	1382	714	3020
1536	768	3583	1625	714	3020
1792	768	3583	1864	714	3019
2048	768	3583	2110	714	3018
2303	768	3583	2374	714	3019
2559	768	3583	2599	715	3018
2815	768	3583	2839	715	3017
3071	768	3583	3079	714	3017
3327	768	3583	3313	715	3017
3583	768	3583	3555	714	3017
3839	768	3583	3797	713	3017
4095	768	3583	4032	710	3015
0	1024	3583	161	946	3022
256	1024	3583	409	946	3020
512	1024	3583	656	946	3019
768	1024	3583	900	947	3019
1024	1024	3583	1142	947	3019
1280	1024	3583	1385	947	3019
1536	1024	3583	1629	947	3018
1792	1024	3583	1867	947	3018
2048	1024	3583	2114	948	3018
2303	1024	3583	2377	948	3018
2559	1024	3583	2602	948	3017
2815	1024	3583	2842	948	3016
3071	1024	3583	3083	948	3016
3327	1024	3583	3316	948	3015
3583	1024	3583	3559	948	3015
3839	1024	3583	3800	947	3016
4095	1024	3583	4035	944	3014
0	1280	3583	164	1184	3020
256	1280	3583	412	1184	3018
512	1280	3583	661	1185	3018
768	1280	3583	903	1186	3017
1024	1280	3583	1145	1185	3016
1280	1280	3583	1390	1186	3017
1536	1280	3583	1633	1186	3016
1792	1280	3583	1872	1186	3016
2048	1280	3583	2119	1187	3016
2303	1280	3583	2380	1186	3015
2559	1280	3583	2605	1187	3015
2815	1280	3583	2847	1187	3015
3071	1280	3583	3087	1188	3014
3327	1280	3583	3321	1187	3015
3583	1280	3583	3563	1187	3014
3839	1280	3583	3804	1186	3015
4095	1280	3583	4040	1184	3013
0	1536	3583	168	1419	3019
256	1536	3583	416	1419	3017
512	1536	3583	664	1420	3017
768	1536	3583	907	1421	3017
1024	1536	3583	1150	1421	3016
1280	1536	3583	1393	1421	3017
1536	1536	3583	1636	1421	3016
1792	1536	3583	1877	1421	3015
2048	1536	3583	2123	1422	3015
2303	1536	3583	2384	1422	3015
2559	1536	3583	2610	1422	3015
2815	1536	3583	2851	1423	3015
3071	1536	3583	3091	1423	3014
3327	1536	3583	3325	1423	3014
3583	1536	3583	3567	1422	3014
3839	1536	3583	3807	1421	3013
4095	1536	3583	4042	1420	3012
0	1792	3583	172	1646	3018
256	1792	3583	420	1646	3016
512	1792	3583	667	1646	3015
768	1792	3583	911	1647	3016
1024	1792	3583	1153	1647	3015
1280	1792	3583	1395	1647	3014
1536	1792	3583	1640	1647	3015
1792	1792	3583	1879	1648	3014
2048	1792	3583	2126	1648	3014
2303	1792	3583	2388	1649	3013
2559	1792	3583	2613	1648	3013
2815	1792	3583	2855	1649	3013
3071	1792	3583	3094	1649	3013
3327	1792	3583	3327	1650	3012
3583	1792	3583	3570	1649	3012
3839	1792	3583	3809	1647	3011
4095	1792	3583	4045	1646	3010
0	2048	3583	175	1875	3015
256	2048	3583	423	1875	3015
512	2048	3583	671	1875	3014
768	2048	3583	914	1875	3014
1024	2048	3583	1156	1875	3013
1280	2048	3583	1400	1876	3013
1536	2048	3583	1644	1877	3014
1792	2048	3583	1883	1877	3013
2048	2048	3583	2131	1877	3012
2303	2048	3583	2392	1878	3013
2559	2048	3583	2618	1878	3012
2815	2048	3583	2857	1877	3013
3071	2048	3583	3097	1878	3011
3327	2048	3583	3330	1877	3010
3583	2048	3583	3573	1876	3011
3839	2048	3583	3813	1875	3010
4095	2048	3583	4050	1876	3009
0	2303	3583	179	2112	3015
256	2303	3583	428	2112	3014
512	2303	3583	676	2112	3014
768	2303	3583	918	2112	3013
1024	2303	3583	1162	2113	3014
1280	2303	3583	1405	2114	3014
1536	2303	3583	1648	2114	3013
1792	2303	3583	1887	2113	3012
2048	2303	3583	2135	2113	3011
2303	2303	3583	2395	2113	3011
2559	2303	3583	2621	2114	3011
2815	2303	3583	2861	2114	3009
3071	2303	3583	3100	2112	3010
3327	2303	3583	3333	2112	3009
3583	2303	3583	3576	2113	3008
3839	2303	3583	3818	2112	3008
4095	2303	3583	4053	2112	3008
0	2559	3583	184	2370	3013
256	2559	3583	433	2369	3012
512	2559	3583	680	2370	3012
768	2559	3583	923	2369	3010
1024	2559	3583	1166	2370	3012
1280	2559	3583	1410	2371	3012
1536	2559	3583	1654	2371	3011
1792	2559	3583	1892	2371	3011
2048	2559	3583	2140	2371	3010
2303	2559	3583	2400	2371	3008
2559	2559	3583	2625	2370	3009
2815	2559	3583	2867	2371	3009
3071	2559	3583	3107	2372	3009
3327	2559	3583	3338	2370	3008
3583	2559	3583	3582	2370	3007
3839	2559	3583	3822	2370	3007
4095	2559	3583	4058	2370	3006
0	2815	3583	186	2584	3014
256	2815	3583	435	2583	3010
512	2815	3583	683	2583	3011
768	2815	3583	924	2583	3010
1024	2815	3583	1167	2584	3009
1280	2815	3583	1413	2585	3011
1536	2815	3583	1656	2585	3010
1792	2815	3583	1894	2585	3010
2048	2815	3583	2143	2584	3009
2303	2815	3583	2401	2584	3008
2559	2815	3583	2628	2584	3007
2815	2815	3583	2868	2585	3008
3071	2815	3583	3108	2586	3007
3327	2815	3583	3341	2585	3007
3583	2815	3583	3585	2586	3006
3839	2815	3583	3824	2585	3006
4095	2815	3583	4060	2585	3005
0	3071	3583	189	2815	3013
256	3071	3583	439	2814	3010
512	3071	3583	686	2814	3009
768	3071	3583	928	2814	3009
1024	3071	3583	1172	2815	3008
1280	3071	3583	1416	2815	3010
1536	3071	3583	1659	2815	3009
1792	3071	3583	1898	2815	3008
2048	3071	3583	2147	2815	3008
2303	3071	3583	2406	2815	3007
2559	3071	3583	2631	2815	3006
2815	3071	3583	2871	2815	3007
3071	3071	3583	3111	2815	3006
3327	3071	3583	3344	2815	3006
3583	3071	3583	3587	2815	3005
3839	3071	3583	3828	2815	3005
4095	3071	3583	4063	2815	3005
0	3327	3583	193	3046	3012
256	3327	3583	442	3045	3009
512	3327	3583	690	3044	3008
768	3327	3583	932	3044	3008
1024	3327	3583	1175	3044	3008
1280	3327	3583	1418	3044	3007
1536	3327	3583	1662	3044	3007
1792	3327	3583	1900	3044	3007
2048	3327	3583	2151	3044	3006
2303	3327	3583	2408	3045	3006
2559	3327	3583	2635	3045	3005
2815	3327	3583	2875	3045	3005
3071	3327	3583	3114	3044	3004
3327	3327	3583	3348	3045	3004
3583	3327	3583	3592	3046	3004
3839	3327	3583	3831	3045	3003
4095	3327	3583	4066	3044	3003
0	3583	3583	197	3269	3009
256	3583	3583	447	3267	3008
512	3583	3583	694	3267	3007
768	3583	3583	936	3266	3005
1024	3583	3583	1179	3267	3006
1280	3583	3583	1424	3267	3005
1536	3583	3583	1666	3267	3005
1792	3583	3583	1905	3267	3004
2048	3583	3583	2155	3267	3003
2303	3583	3583	2412	3267	3004
2559	3583	3583	2639	3267	3003
2815	3583	3583	2879	3267	3002
3071	3583	3583	3118	3267	3003
3327	3583	3583	3353	3268	3003
3583	3583	3583	3597	3270	3004
3839	3583	3583	3836	3269	3003
4095	3583	3583	4072	3268	3001
0	3839	3583	199	3498	3007
256	3839	3583	450	3497	3006
512	3839	3583	697	3497	3005
768	3839	3583	939	3496	3004
1024	3839	3583	1183	3497	3004
1280	3839	3583	1427	3497	3004
1536	3839	3583	1670	3497	3003
1792	3839	3583	1908	3496	3003
2048	3839	3583	2158	3496	3002
2303	3839	3583	2415	3496	3002
2559	3839	3583	2642	3496	3001
2815	3839	3583	2882	3496	3001
3071	3839	3583	3123	3497	3002
3327	3839	3583	3356	3497	3002
3583	3839	3583	3599	3497	3000
3839	3839	3583	3839	3496	3000
4095	3839	3583	4075	3496	3000
0	4095	3583	203	3731	3006
256	4095	3583	451	3730	3004
512	4095	3583	699	3730	3005
768	4095	3583	941	3730	3004
1024	4095	3583	1185	3729	3003
1280	4095	3583	1429	3730	3004
1536	4095	3583	1672	3730	3003
1792	4095	3583	1910	3729	3002
2048	4095	3583	2162	3729	3000
2303	4095	3583	2417	3729	3000
2559	4095	3583	2646	3729	3001
2815	4095	3583	2887	3729	3000
3071	4095	3583	3126	3729	3000
3327	4095	3583	3360	3729	3000
3583	4095	3583	3603	3729	2999
3839	4095	3583	3842	3728	2999
4095	4095	3583	4077	3728	2998
0	0	3839	156	3	3236
256	0	3839	402	3	3235
512	0	3839	650	3	3235
768	0	3839	894	3	3234
1024	0	3839	1136	3	3235
1280	0	3839	1379	3	3234
1536	0	3839	1623	4	3233
1792	0	3839	1863	4	3234
2048	0	3839	2109	4	3234
2303	0	3839	2374	4	3234
2559	0	3839	2598	4	3233
2815	0	3839	2839	4	3232
3071	0	3839	3079	5	3232
3327	0	3839	3314	5	3232
3583	0	3839	3555	5	3230
3839	0	3839	3797	5	3230
4095	0	3839	4031	5	3227
0	256	3839	159	223	3234
256	256	3839	405	223	3231
512	256	3839	653	223	3231
768	256	3839	895	223	3231
1024	256	3839	1138	224	3231
1280	256	3839	1382	224	3231
1536	256	3839	1625	224	3230
1792	256	3839	1865	224	3231
2048	256	3839	2112	225	3230
2303	256	3839	2376	225	3230
2559	256	3839	2600	225	3230
2815	256	3839	2841	225	3229
3071	256	3839	3080	225	3229
3327	256	3839	3314	225	3228
3583	256	3839	3557	225	3228
3839	256	3839	3797	224	3227
4095	256	3839	4032	223	3226
0	512	3839	163	472	3230
256	512	3839	410	471	3227
512	512	3839	657	472	3226
768	512	3839	900	472	3226
1024	512	3839	1143	472	3226
1280	512	3839	1387	473	3226
1536	512	3839	1630	473	3225
1792	512	3839	1870	473	3225
2048	512	3839	2117	474	3226
2303	512	3839	2378	473	3225
2559	512	3839	2605	474	3225
2815	512	3839	2844	474	3224
3071	512	3839	3084	474	3224
3327	512	3839	3318	474	3224
3583	512	3839	3560	473	3224
3839	512	3839	3801	473	3223
4095	512	3839	4036	471	3223
0	768	3839	167	712	3229
256	768	3839	414	712	3226
512	768	3839	662	712	3225
768	768	3839	905	713	3225
1024	768	3839	1148	713	3225
1280	768	3839	1391	714	3225
1536	768	3839	1635	714	3225
1792	768	3839	1874	714	3224
2048	768	3839	2121	715	3225
2303	768	3839	2383	714	3223
2559	768	3839	2609	715	3223
2815	768	3839	2849	715	3223
3071	768	3839	3089	715	3222
3327	768	3839	3322	715	3223
3583	768	3839	3564	715	3222
3839	768	3839	3805	714	3222
4095	768	3839	4040	711	3221
0	1024	3839	170	945	3227
256	1024	3839	418	945	3225
512	1024	3839	666	945	3224
768	1024	3839	908	946	3224
1024	1024	3839	1151	946	3223
1280	1024	3839	1396	947	3223
1536	1024	3839	1639	947	3223
1792	1024	3839	1877	947	3223
2048	1024	3839	2126	948	3223
2303	1024	3839	2386	948	3222
2559	1024	3839	2612	949	3222
2815	1024	3839	2853	949	3222
3071	1024	3839	3092	949	3221
3327	1024	3839	3325	949	3220
3583	1024	3839	3569	948	3222
3839	1024	3839	3809	948	3222
4095	1024	3839	4044	945	3220
0	1280	3839	174	1183	3225
256	1280	3839	422	1184	3224
512	1280	3839	670	1184	3223
768	1280	3839	912	1184	3221
1024	1280	3839	1155	1185	3222
1280	1280	3839	1399	1185	3222
1536	1280	3839	1642	1186	3222
1792	1280	3839	1883	1186	3222
2048	1280	3839	2130	1186	3221
2303	1280	3839	2389	1186	3221
2559	1280	3839	2616	1186	3221
2815	1280	3839	2856	1187	3220
3071	1280	3839	3095	1186	3220
3327	1280	3839	3328	1187	3219
3583	1280	3839	3572	1186	3220
3839	1280	3839	3813	1186	3220
4095	1280	3839	4048	1183	3218
0	1536	3839	178	1418	3224
256	1536	3839	425	1418	3222
512	1536	3839	673	1419	3221
768	1536	3839	916	1419	3221
1024	1536	3839	1159	1419	3221
1280	1536	3839	1402	1420	3221
1536	1536	3839	1646	1420	3220
1792	1536	3839	1886	1421	3221
2048	1536	3839	2134	1421	3220
2303	1536	3839	2394	1421	3220
2559	1536	3839	2619	1421	3219
2815	1536	3839	2859	1422	3218
3071	1536	3839	3099	1421	3218
3327	1536	3839	3331	1422	3218
3583	1536	3839	3576	1421	3218
3839	1536	3839	3816	1420	3218
4095	1536	3839	4051	1418	3217
0	1792	3839	181	1644	3222
256	1792	3839	428	1644	3220
512	1792	3839	677	1645	3220
768	1792	3839	919	1646	3220
1024	1792	3839	1162	1646	3219
1280	1792	3839	1406	1647	3219
1536	1792	3839	1649	1647	3219
1792	1792	3839	1888	1647	3219
2048	1792	3839	2137	1647	3218
2303	1792	3839	2396	1647	3217
2559	1792	3839	2621	1647	3218
2815	1792	3839	2862	1647	3217
3071	1792	3839	3101	1648	3217
3327	1792	3839	3335	1648	3217
3583	1792	3839	3578	1647	3217
3839	1792	3839	3818	1646	3216
4095	1792	3839	4054	1645	3216
0	2048	3839	184	1875	3221
256	2048	3839	433	1874	3219
512	2048	3839	680	1874	3219
768	2048	3839	922	1875	3219
1024	2048	3839	1166	1876	3218
1280	2048	3839	1409	1876	3219
1536	2048	3839	1652	1876	3218
1792	2048	3839	1891	1876	3217
2048	2048	3839	2140	1876	3217
2303	2048	3839	2399	1876	3216
2559	2048	3839	2626	1877	3217
2815	2048	3839	2865	1876	3217
3071	2048	3839	3106	1877	3216
3327	2048	3839	3338	1876	3216
3583	2048	3839	3581	1876	3215
3839	2048	3839	3822	1875	3214
4095	2048	3839	4058	1874	3215
0	2303	3839	189	2113	3221
256	2303	3839	437	2112	3219
512	2303	3839	684	2112	3218
768	2303	3839	927	2111	3218
1024	2303	3839	1170	2112	3218
1280	2303	3839	1413	2113	3217
1536	2303	3839	1657	2113	3217
1792	2303	3839	1895	2113	3217
2048	2303	3839	2144	2112	3216
2303	2303	3839	2402	2111	3215
2559	2303	3839	2629	2112	3215
2815	2303	3839	2871	2113	3215
3071	2303	3839	3108	2112	3214
3327	2303	3839	3341	2112	3214
3583	2303	3839	3586	2112	3214
3839	2303	3839	3826	2111	3213
4095	2303	3839	4061	2111	3213
0	2559	3839	193	2370	3218
256	2559	3839	442	2369	3217
512	2559	3839	690	2369	3217
768	2559	3839	932	2369	3217
1024	2559	3839	1175	2369	3217
1280	2559	3839	1419	2370	3216
1536	2559	3839	1663	2371	3216
1792	2559	3839	1901	2371	3215
2048	2559	3839	2151	2371	3214
2303	2559	3839	2407	2371	3214
2559	2559	3839	2635	2370	3214
2815	2559	3839	2875	2371	3215
3071	2559	3839	3114	2371	3214
3327	2559	3839	3347	2371	3213
3583	2559	3839	3591	2371	3214
3839	2559	3839	3831	2370	3212
4095	2559	3839	4066	2370	3212
0	2815	3839	195	2584	3219
256	2815	3839	445	2583	3217
512	2815	3839	692	2584	3216
768	2815	3839	933	2583	3215
1024	2815	3839	1178	2584	3215
1280	2815	3839	1422	2584	3215
1536	2815	3839	1664	2584	3215
1792	2815	3839	1903	2584	3214
2048	2815	3839	2152	2583	3213
2303	2815	3839	2409	2583	3213
2559	2815	3839	2637	2584	3213
2815	2815	3839	2878	2585	3213
3071	2815	3839	3118	2585	3213
3327	2815	3839	3349	2584	3212
3583	2815	3839	3593	2585	3212
3839	2815	3839	3834	2584	3212
4095	2815	3839	4069	2585	3211
0	3071	3839	199	2815	3218
256	3071	3839	448	2814	3215
512	3071	3839	695	2814	3215
768	3071	3839	938	2814	3214
1024	3071	3839	1181	2814	3214
1280	3071	3839	1425	2815	3215
1536	3071	3839	1668	2815	3214
1792	3071	3839	1906	2814	3214
2048	3071	3839	2157	2814	3212
2303	3071	3839	2413	2814	3212
2559	3071	3839	2640	2814	3212
2815	3071	3839	2881	2815	3212
3071	3071	3839	3119	2814	3212
3327	3071	3839	3353	2815	3211
3583	3071	3839	3597	2815	3212
3839	3071	3839	3836	2814	3211
4095	3071	3839	4070	2814	3210
0	3327	3839	203	3045	3217
256	3327	3839	451	3044	3214
512	3327	3839	700	3044	3214
768	3327	3839	941	3044	3214
1024	3327	3839	1184	3044	3213
1280	3327	3839	1429	3044	3213
1536	3327	3839	1671	3044	3212
1792	3327	3839	1909	3044	3211
2048	3327	3839	2161	3043	3211
2303	3327	3839	2416	3044	3211
2559	3327	3839	2645	3044	3211
2815	3327	3839	2884	3043	3210
3071	3327	3839	3121	3042	3209
3327	3327	3839	3357	3044	3210
3583	3327	3839	3600	3044	3210
3839	3327	3839	3839	3044	3209
4095	3327	3839	4075	3044	3209
0	3583	3839	207	3269	3215
256	3583	3839	456	3267	3212
512	3583	3839	703	3267	3211
768	3583	3839	945	3267	3211
1024	3583	3839	1190	3268	3211
1280	3583	3839	1433	3268	3211
1536	3583	3839	1675	3268	3211
1792	3583	3839	1915	3268	3210
2048	3583	3839	2166	3268	3210
2303	3583	3839	2421	3268	3209
2559	3583	3839	2648	3267	3208
2815	3583	3839	2887	3267	3207
3071	3583	3839	3127	3267	3207
3327	3583	3839	3361	3268	3209
3583	3583	3839	3605	3269	3208
3839	3583	3839	3844	3268	3207
4095	3583	3839	4080	3268	3207
0	3839	3839	210	3498	3212
256	3839	3839	458	3497	3211
512	3839	3839	705	3497	3210
768	3839	3839	948	3497	3210
1024	3839	3839	1192	3497	3209
1280	3839	3839	1435	3497	3209
1536	3839	3839	1678	3497	3209
1792	3839	3839	1916	3497	3208
2048	3839	3839	2169	3497	3207
2303	3839	3839	2423	3496	3207
2559	3839	3839	2651	3496	3206
2815	3839	3839	2892	3496	3207
3071	3839	3839	3131	3496	3207
3327	3839	3839	3364	3497	3206
3583	3839	3839	3609	3497	3206
3839	3839	3839	3847	3496	3205
4095	3839	3839	4082	3496	3204
0	4095	3839	212	3729	3210
256	4095	3839	460	3729	3209
512	4095	3839	708	3729	3209
768	4095	3839	950	3729	3208
1024	4095	3839	1193	3728	3208
1280	4095	3839	1438	3728	3208
1536	4095	3839	1680	3728	3208
1792	4095	3839	1919	3728	3206
2048	4095	3839	2171	3728	3205
2303	4095	3839	2425	3728	3205
2559	4095	3839	2655	3728	3205
2815	4095	3839	2895	3728	3205
3071	4095	3839	3134	3728	3205
3327	4095	3839	3369	3728	3205
3583	4095	3839	3612	3728	3205
3839	4095	3839	3850	3727	3204
4095	4095	3839	4086	3727	3203
0	0	4095	166	3	3451
256	0	4095	412	3	3450
512	0	4095	661	3	3449
768	0	4095	903	3	3449
1024	0	4095	1146	3	3449
1280	0	4095	1390	4	3448
1536	0	4095	1633	4	3448
1792	0	4095	1873	4	3447
2048	0	4095	2121	4	3448
2303	0	4095	2383	4	3447
2559	0	4095	2608	4	3446
2815	0	4095	2849	5	3446
3071	0	4095	3088	5	3445
3327	0	4095	3322	5	3444
3583	0	4095	3565	5	3444
3839	0	4095	3806	5	3443
4095	0	4095	4039	6	3441
0	256	4095	168	221	3447
256	256	4095	415	221	3445
512	256	4095	662	221	3443
768	256	4095	904	221	3444
1024	256	4095	1148	221	3443
1280	256	4095	1391	221	3443
1536	256	4095	1634	222	3443
1792	256	4095	1875	222	3443
2048	256	4095	2123	222	3442
2303	256	4095	2385	223	3442
2559	256	4095	2611	223	3441
2815	256	4095	2850	223	3442
3071	256	4095	3089	223	3440
3327	256	4095	3324	223	3440
3583	256	4095	3566	223	3440
3839	256	4095	3806	222	3439
4095	256	4095	4042	220	3438
0	512	4095	173	469	3442
256	512	4095	419	469	3440
512	512	4095	666	469	3439
768	512	4095	910	470	3438
1024	512	4095	1153	470	3439
1280	512	4095	1396	470	3439
1536	512	4095	1640	470	3438
1792	512	4095	1879	471	3439
2048	512	4095	2128	471	3438
2303	512	4095	2389	471	3438
2559	512	4095	2615	472	3438
2815	512	4095	2854	472	3436
3071	512	4095	3095	472	3437
3327	512	4095	3327	472	3435
3583	512	4095	3570	471	3435
3839	512	4095	3811	471	3436
4095	512	4095	4045	468	3434
0	768	4095	177	710	3441
256	768	4095	424	710	3438
512	768	4095	672	710	3438
768	768	4095	914	711	3438
1024	768	4095	1157	711	3438
1280	768	4095	1401	711	3437
1536	768	4095	1644	711	3436
1792	768	4095	1883	711	3437
2048	768	4095	2133	712	3437
2303	768	4095	2392	712	3435
2559	768	4095	2618	712	3436
2815	768	4095	2859	713	3435
3071	768	4095	3098	712	3435
3327	768	4095	3329	712	3434
3583	768	4095	3574	712	3434
3839	768	4095	3814	711	3434
4095	768	4095	4048	709	3433
0	1024	4095	180	943	3439
256	1024	4095	428	943	3437
512	1024	4095	675	944	3437
768	1024	4095	918	944	3436
1024	1024	4095	1162	945	3436
1280	1024	4095	1405	946	3436
1536	1024	4095	1648	946	3435
1792	1024	4095	1888	946	3435
2048	1024	4095	2137	946	3435
2303	1024	4095	2395	946	3434
2559	1024	4095	2622	947	3435
2815	1024	4095	2862	947	3434
3071	1024	4095	3101	947	3432
3327	1024	4095	3334	947	3433
3583	1024	4095	3578	947	3432
3839	1024	4095	3818	945	3432
4095	1024	4095	4052	943	3431
0	1280	4095	184	1182	3438
256	1280	4095	432	1182	3436
512	1280	4095	679	1183	3434
768	1280	4095	922	1183	3434
1024	1280	4095	1165	1184	3434
1280	1280	4095	1409	1185	3435
1536	1280	4095	1653	1185	3434
1792	1280	4095	1893	1186	3434
2048	1280	4095	2141	1185	3434
2303	1280	4095	2399	1185	3433
2559	1280	4095	2626	1185	3432
2815	1280	4095	2866	1186	3433
3071	1280	4095	3105	1186	3431
3327	1280	4095	3337	1186	3431
3583	1280	4095	3581	1185	3431
3839	1280	4095	3822	1185	3431
4095	1280	4095	4056	1181	3430
0	1536	4095	187	1416	3436
256	1536	4095	435	1416	3434
512	1536	4095	683	1417	3433
768	1536	4095	926	1417	3433
1024	1536	4095	1168	1418	3433
1280	1536	4095	1412	1418	3432
1536	1536	4095	1656	1419	3433
1792	1536	4095	1896	1420	3432
2048	1536	4095	2146	1420	3432
2303	1536	4095	2402	1419	3431
2559	1536	4095	2629	1420	3431
2815	1536	4095	2870	1421	3430
3071	1536	4095	3108	1420	3429
3327	1536	4095	3340	1420	3429
3583	1536	4095	3585	1420	3429
3839	1536	4095	3825	1420	3429
4095	1536	4095	4060	1417	3428
0	1792	4095	190	1642	3434
256	1792	4095	439	1643	3433
512	1792	4095	686	1644	3432
768	1792	4095	928	1644	3431
1024	1792	4095	1172	1645	3432
1280	1792	4095	1415	1645	3431
1536	1792	4095	1658	1645	3431
1792	1792	4095	1898	1646	3430
2048	1792	4095	2148	1646	3429
2303	1792	4095	2404	1645	3430
2559	1792	4095	2632	1646	3429
2815	1792	4095	2871	1646	3428
3071	1792	4095	3110	1646	3429
3327	1792	4095	3344	1646	3428
3583	1792	4095	3587	1645	3428
3839	1792	4095	3828	1645	3427
4095	1792	4095	4063	1644	3426
0	2048	4095	195	1873	3433
256	2048	4095	442	1873	3431
512	2048	4095	689	1873	3431
768	2048	4095	932	1873	3430
1024	2048	4095	1175	1874	3431
1280	2048	4095	1419	1875	3430
1536	2048	4095	1662	1875	3429
1792	2048	4095	1900	1874	3429
2048	2048	4095	2150	1873	3428
2303	2048	4095	2407	1874	3427
2559	2048	4095	2634	1874	3428
2815	2048	4095	2874	1874	3427
3071	2048	4095	3115	1874	3427
3327	2048	4095	3348	1874	3426
3583	2048	4095	3591	1873	3426
3839	2048	4095	3831	1873	3426
4095	2048	4095	4066	1872	3425
0	2303	4095	198	2111	3433
256	2303	4095	446	2110	3430
512	2303	4095	694	2110	3430
768	2303	4095	936	2110	3429
1024	2303	4095	1179	2110	3429
1280	2303	4095	1424	2111	3429
1536	2303	4095	1666	2111	3428
1792	2303	4095	1904	2110	3428
2048	2303	4095	2155	2109	3427
2303	2303	4095	2411	2110	3426
2559	2303	4095	2638	2110	3427
2815	2303	4095	2879	2111	3426
3071	2303	4095	3117	2110	3425
3327	2303	4095	3352	2110	3425
3583	2303	4095	3595	2110	3425
3839	2303	4095	3835	2110	3425
4095	2303	4095	4070	2109	3423
0	2559	4095	203	2369	3431
256	2559	4095	452	2369	3429
512	2559	4095	699	2368	3429
768	2559	4095	941	2369	3428
1024	2559	4095	1185	2370	3428
1280	2559	4095	1429	2370	3428
1536	2559	4095	1671	2370	3427
1792	2559	4095	1911	2370	3426
2048	2559	4095	2161	2369	3426
2303	2559	4095	2416	2369	3426
2559	2559	4095	2645	2370	3425
2815	2559	4095	2885	2370	3425
3071	2559	4095	3123	2369	3425
3327	2559	4095	3357	2369	3425
3583	2559	4095	3600	2370	3424
3839	2559	4095	3840	2369	3423
4095	2559	4095	4074	2368	3423
0	2815	4095	206	2583	3431
256	2815	4095	454	2583	3428
512	2815	4095	701	2584	3427
768	2815	4095	944	2583	3427
1024	2815	4095	1187	2584	3427
1280	2815	4095	1431	2584	3426
1536	2815	4095	1674	2584	3426
1792	2815	4095	1912	2584	3425
2048	2815	4095	2163	2583	3425
2303	2815	4095	2419	2584	3424
2559	2815	4095	2647	2584	3424
2815	2815	4095	2888	2584	3424
3071	2815	4095	3127	2585	3423
3327	2815	4095	3359	2584	3422
3583	2815	4095	3603	2584	3423
3839	2815	4095	3842	2584	3422
4095	2815	4095	4077	2584	3422
0	3071	4095	209	2813	3428
256	3071	4095	458	2813	3427
512	3071	4095	706	2813	3426
768	3071	4095	947	2812	3426
1024	3071	4095	1190	2812	3425
1280	3071	4095	1435	2813	3425
1536	3071	4095	1677	2813	3425
1792	3071	4095	1914	2812	3423
2048	3071	4095	2168	2813	3423
2303	3071	4095	2421	2813	3423
2559	3071	4095	2650	2813	3422
2815	3071	4095	2890	2814	3423
3071	3071	4095	3128	2813	3422
3327	3071	4095	3362	2813	3421
3583	3071	4095	3606	2814	3422
3839	3071	4095	3844	2814	3421
4095	3071	4095	4080	2813	3419
0	3327	4095	212	3043	3427
256	3327	4095	461	3042	3425
512	3327	4095	708	3042	3425
768	3327	4095	950	3042	3424
1024	3327	4095	1194	3042	3424
1280	3327	4095	1438	3042	3423
1536	3327	4095	1680	3042	3422
1792	3327	4095	1919	3042	3422
2048	3327	4095	2171	3042	3421
2303	3327	4095	2425	3042	3421
2559	3327	4095	2653	3042	3420
2815	3327	4095	2892	3041	3419
3071	3327	4095	3131	3041	3419
3327	3327	4095	3365	3042	3419
3583	3327	4095	3609	3042	3419
3839	3327	4095	3848	3042	3419
4095	3327	4095	4083	3043	3418
0	3583	4095	217	3267	3425
256	3583	4095	466	3266	3422
512	3583	4095	713	3266	3422
768	3583	4095	956	3266	3422
1024	3583	4095	1199	3267	3422
1280	3583	4095	1442	3266	3421
1536	3583	4095	1685	3267	3420
1792	3583	4095	1924	3267	3421
2048	3583	4095	2176	3266	3420
2303	3583	4095	2429	3266	3419
2559	3583	4095	2658	3266	3419
2815	3583	4095	2898	3266	3417
3071	3583	4095	3137	3266	3418
3327	3583	4095	3370	3267	3418
3583	3583	4095	3614	3267	3417
3839	3583	4095	3852	3266	3417
4095	3583	4095	4088	3267	3417
0	3839	4095	219	3496	3423
256	3839	4095	468	3495	3421
512	3839	4095	716	3495	3421
768	3839	4095	957	3495	3420
1024	3839	4095	1201	3495	3419
1280	3839	4095	1445	3495	3420
1536	3839	4095	1687	3495	3419
1792	3839	4095	1925	3496	3418
2048	3839	4095	2180	3495	3418
2303	3839	4095	2431	3495	3417
2559	3839	4095	2661	3495	3417
2815	3839	4095	2901	3495	3416
3071	3839	4095	3140	3495	3416
3327	3839	4095	3374	3495	3416
3583	3839	4095	3618	3496	3416
3839	3839	4095	3856	3495	3416
4095	3839	4095	4092	3495	3415
0	4095	4095	221	3729	3421
256	4095	4095	470	3728	3419
512	4095	4095	717	3728	3419
768	4095	4095	959	3728	3419
1024	4095	4095	1203	3728	3418
1280	4095	4095	1447	3728	3418
1536	4095	4095	1689	3728	3417
1792	4095	4095	1928	3728	3416
2048	4095	4095	2182	3728	3416
2303	4095	4095	2434	3728	3415
2559	4095	4095	2664	3727	3414
2815	4095	4095	2904	3727	3415
3071	4095	4095	3143	3727	3414
3327	4095	4095	3378	3728	3415
3583	4095	4095	3621	3727	3414
3839	4095	4095	3860	3727	3413
4095	4095	4095	4095	3726	3413
